2026-04-01 09:36:18 [main] INFO  c.example.demo.DemoApplicationTests - Starting DemoApplicationTests using Java 1.8.0_281 on SC-201910250949 with PID 5084 (started by Administrator in E:\yh_soft\t763812834_java\code)
2026-04-01 09:36:18 [main] INFO  c.example.demo.DemoApplicationTests - The following 1 profile is active: "dev"
2026-04-01 09:36:23 [main] INFO  o.s.d.r.c.RepositoryConfigurationDelegate - Multiple Spring Data modules found, entering strict repository configuration mode
2026-04-01 09:36:23 [main] INFO  o.s.d.r.c.RepositoryConfigurationDelegate - Bootstrapping Spring Data Redis repositories in DEFAULT mode.
2026-04-01 09:36:23 [main] INFO  o.s.d.r.c.RepositoryConfigurationDelegate - Finished Spring Data repository scanning in 102 ms. Found 0 Redis repository interfaces.
2026-04-01 09:36:26 [main] INFO  o.s.c.s.PostProcessorRegistrationDelegate$BeanPostProcessorChecker - Bean 'spring.datasource.dynamic-com.baomidou.dynamic.datasource.spring.boot.autoconfigure.DynamicDataSourceProperties' of type [com.baomidou.dynamic.datasource.spring.boot.autoconfigure.DynamicDataSourceProperties] is not eligible for getting processed by all BeanPostProcessors (for example: not eligible for auto-proxying)
2026-04-01 09:36:26 [main] INFO  o.s.c.s.PostProcessorRegistrationDelegate$BeanPostProcessorChecker - Bean 'com.baomidou.dynamic.datasource.spring.boot.autoconfigure.DynamicDataSourceAutoConfiguration' of type [com.baomidou.dynamic.datasource.spring.boot.autoconfigure.DynamicDataSourceAutoConfiguration$$EnhancerBySpringCGLIB$$82438eb7] is not eligible for getting processed by all BeanPostProcessors (for example: not eligible for auto-proxying)
2026-04-01 09:36:26 [main] INFO  o.s.c.s.PostProcessorRegistrationDelegate$BeanPostProcessorChecker - Bean 'dsProcessor' of type [com.baomidou.dynamic.datasource.processor.DsHeaderProcessor] is not eligible for getting processed by all BeanPostProcessors (for example: not eligible for auto-proxying)
2026-04-01 09:36:53 [main] ERROR c.alibaba.druid.pool.DruidDataSource - init datasource error, url: jdbc:sqlserver://yhocn.cn;DatabaseName=t763812834_20251118
com.microsoft.sqlserver.jdbc.SQLServerException: Connection reset ClientConnectionId:61101eb8-3490-4839-954e-590deffe0238
	at com.microsoft.sqlserver.jdbc.SQLServerConnection.terminate(SQLServerConnection.java:2670)
	at com.microsoft.sqlserver.jdbc.TDSChannel.read(IOBuffer.java:1993)
	at com.microsoft.sqlserver.jdbc.TDSReader.readPacket(IOBuffer.java:6494)
	at com.microsoft.sqlserver.jdbc.TDSCommand.startResponse(IOBuffer.java:7741)
	at com.microsoft.sqlserver.jdbc.TDSCommand.startResponse(IOBuffer.java:7700)
	at com.microsoft.sqlserver.jdbc.SQLServerConnection.sendLogon(SQLServerConnection.java:4547)
	at com.microsoft.sqlserver.jdbc.SQLServerConnection.logon(SQLServerConnection.java:3409)
	at com.microsoft.sqlserver.jdbc.SQLServerConnection.access$100(SQLServerConnection.java:85)
	at com.microsoft.sqlserver.jdbc.SQLServerConnection$LogonCommand.doExecute(SQLServerConnection.java:3373)
	at com.microsoft.sqlserver.jdbc.TDSCommand.execute(IOBuffer.java:7344)
	at com.microsoft.sqlserver.jdbc.SQLServerConnection.executeCommand(SQLServerConnection.java:2713)
	at com.microsoft.sqlserver.jdbc.SQLServerConnection.connectHelper(SQLServerConnection.java:2261)
	at com.microsoft.sqlserver.jdbc.SQLServerConnection.login(SQLServerConnection.java:1921)
	at com.microsoft.sqlserver.jdbc.SQLServerConnection.connectInternal(SQLServerConnection.java:1762)
	at com.microsoft.sqlserver.jdbc.SQLServerConnection.connect(SQLServerConnection.java:1077)
	at com.microsoft.sqlserver.jdbc.SQLServerDriver.connect(SQLServerDriver.java:623)
	at com.alibaba.druid.filter.FilterChainImpl.connection_connect(FilterChainImpl.java:156)
	at com.alibaba.druid.filter.FilterAdapter.connection_connect(FilterAdapter.java:787)
	at com.alibaba.druid.filter.FilterEventAdapter.connection_connect(FilterEventAdapter.java:38)
	at com.alibaba.druid.filter.FilterChainImpl.connection_connect(FilterChainImpl.java:150)
	at com.alibaba.druid.filter.FilterAdapter.connection_connect(FilterAdapter.java:787)
	at com.alibaba.druid.filter.FilterChainImpl.connection_connect(FilterChainImpl.java:150)
	at com.alibaba.druid.filter.stat.StatFilter.connection_connect(StatFilter.java:218)
	at com.alibaba.druid.filter.FilterChainImpl.connection_connect(FilterChainImpl.java:150)
	at com.alibaba.druid.pool.DruidAbstractDataSource.createPhysicalConnection(DruidAbstractDataSource.java:1598)
	at com.alibaba.druid.pool.DruidAbstractDataSource.createPhysicalConnection(DruidAbstractDataSource.java:1662)
	at com.alibaba.druid.pool.DruidDataSource.init(DruidDataSource.java:932)
	at com.baomidou.dynamic.datasource.creator.DruidDataSourceCreator.doCreateDataSource(DruidDataSourceCreator.java:85)
	at com.baomidou.dynamic.datasource.creator.AbstractDataSourceCreator.createDataSource(AbstractDataSourceCreator.java:70)
	at com.baomidou.dynamic.datasource.creator.DefaultDataSourceCreator.createDataSource(DefaultDataSourceCreator.java:48)
	at com.baomidou.dynamic.datasource.provider.AbstractDataSourceProvider.createDataSourceMap(AbstractDataSourceProvider.java:47)
	at com.baomidou.dynamic.datasource.provider.YmlDynamicDataSourceProvider.loadDataSources(YmlDynamicDataSourceProvider.java:42)
	at com.baomidou.dynamic.datasource.DynamicRoutingDataSource.afterPropertiesSet(DynamicRoutingDataSource.java:225)
	at org.springframework.beans.factory.support.AbstractAutowireCapableBeanFactory.invokeInitMethods(AbstractAutowireCapableBeanFactory.java:1863)
	at org.springframework.beans.factory.support.AbstractAutowireCapableBeanFactory.initializeBean(AbstractAutowireCapableBeanFactory.java:1800)
	at org.springframework.beans.factory.support.AbstractAutowireCapableBeanFactory.doCreateBean(AbstractAutowireCapableBeanFactory.java:620)
	at org.springframework.beans.factory.support.AbstractAutowireCapableBeanFactory.createBean(AbstractAutowireCapableBeanFactory.java:542)
	at org.springframework.beans.factory.support.AbstractBeanFactory.lambda$doGetBean$0(AbstractBeanFactory.java:335)
	at org.springframework.beans.factory.support.DefaultSingletonBeanRegistry.getSingleton(DefaultSingletonBeanRegistry.java:234)
	at org.springframework.beans.factory.support.AbstractBeanFactory.doGetBean(AbstractBeanFactory.java:333)
	at org.springframework.beans.factory.support.AbstractBeanFactory.getBean(AbstractBeanFactory.java:208)
	at org.springframework.beans.factory.config.DependencyDescriptor.resolveCandidate(DependencyDescriptor.java:276)
	at org.springframework.beans.factory.support.DefaultListableBeanFactory.doResolveDependency(DefaultListableBeanFactory.java:1391)
	at org.springframework.beans.factory.support.DefaultListableBeanFactory.resolveDependency(DefaultListableBeanFactory.java:1311)
	at org.springframework.beans.factory.support.ConstructorResolver.resolveAutowiredArgument(ConstructorResolver.java:887)
	at org.springframework.beans.factory.support.ConstructorResolver.createArgumentArray(ConstructorResolver.java:791)
	at org.springframework.beans.factory.support.ConstructorResolver.instantiateUsingFactoryMethod(ConstructorResolver.java:541)
	at org.springframework.beans.factory.support.AbstractAutowireCapableBeanFactory.instantiateUsingFactoryMethod(AbstractAutowireCapableBeanFactory.java:1352)
	at org.springframework.beans.factory.support.AbstractAutowireCapableBeanFactory.createBeanInstance(AbstractAutowireCapableBeanFactory.java:1195)
	at org.springframework.beans.factory.support.AbstractAutowireCapableBeanFactory.doCreateBean(AbstractAutowireCapableBeanFactory.java:582)
	at org.springframework.beans.factory.support.AbstractAutowireCapableBeanFactory.createBean(AbstractAutowireCapableBeanFactory.java:542)
	at org.springframework.beans.factory.support.AbstractBeanFactory.lambda$doGetBean$0(AbstractBeanFactory.java:335)
	at org.springframework.beans.factory.support.DefaultSingletonBeanRegistry.getSingleton(DefaultSingletonBeanRegistry.java:234)
	at org.springframework.beans.factory.support.AbstractBeanFactory.doGetBean(AbstractBeanFactory.java:333)
	at org.springframework.beans.factory.support.AbstractBeanFactory.getBean(AbstractBeanFactory.java:208)
	at org.springframework.beans.factory.config.DependencyDescriptor.resolveCandidate(DependencyDescriptor.java:276)
	at org.springframework.beans.factory.support.DefaultListableBeanFactory.doResolveDependency(DefaultListableBeanFactory.java:1391)
	at org.springframework.beans.factory.support.DefaultListableBeanFactory.resolveDependency(DefaultListableBeanFactory.java:1311)
	at org.springframework.beans.factory.support.AbstractAutowireCapableBeanFactory.autowireByType(AbstractAutowireCapableBeanFactory.java:1519)
	at org.springframework.beans.factory.support.AbstractAutowireCapableBeanFactory.populateBean(AbstractAutowireCapableBeanFactory.java:1417)
	at org.springframework.beans.factory.support.AbstractAutowireCapableBeanFactory.doCreateBean(AbstractAutowireCapableBeanFactory.java:619)
	at org.springframework.beans.factory.support.AbstractAutowireCapableBeanFactory.createBean(AbstractAutowireCapableBeanFactory.java:542)
	at org.springframework.beans.factory.support.AbstractBeanFactory.lambda$doGetBean$0(AbstractBeanFactory.java:335)
	at org.springframework.beans.factory.support.DefaultSingletonBeanRegistry.getSingleton(DefaultSingletonBeanRegistry.java:234)
	at org.springframework.beans.factory.support.AbstractBeanFactory.doGetBean(AbstractBeanFactory.java:333)
	at org.springframework.beans.factory.support.AbstractBeanFactory.getBean(AbstractBeanFactory.java:208)
	at org.springframework.beans.factory.config.DependencyDescriptor.resolveCandidate(DependencyDescriptor.java:276)
	at org.springframework.beans.factory.support.DefaultListableBeanFactory.doResolveDependency(DefaultListableBeanFactory.java:1391)
	at org.springframework.beans.factory.support.DefaultListableBeanFactory.resolveDependency(DefaultListableBeanFactory.java:1311)
	at org.springframework.beans.factory.annotation.AutowiredAnnotationBeanPostProcessor$AutowiredFieldElement.resolveFieldValue(AutowiredAnnotationBeanPostProcessor.java:656)
	at org.springframework.beans.factory.annotation.AutowiredAnnotationBeanPostProcessor$AutowiredFieldElement.inject(AutowiredAnnotationBeanPostProcessor.java:639)
	at org.springframework.beans.factory.annotation.InjectionMetadata.inject(InjectionMetadata.java:119)
	at org.springframework.beans.factory.annotation.AutowiredAnnotationBeanPostProcessor.postProcessProperties(AutowiredAnnotationBeanPostProcessor.java:399)
	at org.springframework.beans.factory.support.AbstractAutowireCapableBeanFactory.populateBean(AbstractAutowireCapableBeanFactory.java:1431)
	at org.springframework.beans.factory.support.AbstractAutowireCapableBeanFactory.doCreateBean(AbstractAutowireCapableBeanFactory.java:619)
	at org.springframework.beans.factory.support.AbstractAutowireCapableBeanFactory.createBean(AbstractAutowireCapableBeanFactory.java:542)
	at org.springframework.beans.factory.support.AbstractBeanFactory.lambda$doGetBean$0(AbstractBeanFactory.java:335)
	at org.springframework.beans.factory.support.DefaultSingletonBeanRegistry.getSingleton(DefaultSingletonBeanRegistry.java:234)
	at org.springframework.beans.factory.support.AbstractBeanFactory.doGetBean(AbstractBeanFactory.java:333)
	at org.springframework.beans.factory.support.AbstractBeanFactory.getBean(AbstractBeanFactory.java:208)
	at org.springframework.beans.factory.config.DependencyDescriptor.resolveCandidate(DependencyDescriptor.java:276)
	at org.springframework.beans.factory.support.DefaultListableBeanFactory.doResolveDependency(DefaultListableBeanFactory.java:1391)
	at org.springframework.beans.factory.support.DefaultListableBeanFactory.resolveDependency(DefaultListableBeanFactory.java:1311)
	at org.springframework.beans.factory.annotation.AutowiredAnnotationBeanPostProcessor$AutowiredFieldElement.resolveFieldValue(AutowiredAnnotationBeanPostProcessor.java:656)
	at org.springframework.beans.factory.annotation.AutowiredAnnotationBeanPostProcessor$AutowiredFieldElement.inject(AutowiredAnnotationBeanPostProcessor.java:639)
	at org.springframework.beans.factory.annotation.InjectionMetadata.inject(InjectionMetadata.java:119)
	at org.springframework.beans.factory.annotation.AutowiredAnnotationBeanPostProcessor.postProcessProperties(AutowiredAnnotationBeanPostProcessor.java:399)
	at org.springframework.beans.factory.support.AbstractAutowireCapableBeanFactory.populateBean(AbstractAutowireCapableBeanFactory.java:1431)
	at org.springframework.beans.factory.support.AbstractAutowireCapableBeanFactory.doCreateBean(AbstractAutowireCapableBeanFactory.java:619)
	at org.springframework.beans.factory.support.AbstractAutowireCapableBeanFactory.createBean(AbstractAutowireCapableBeanFactory.java:542)
	at org.springframework.beans.factory.support.AbstractBeanFactory.lambda$doGetBean$0(AbstractBeanFactory.java:335)
	at org.springframework.beans.factory.support.DefaultSingletonBeanRegistry.getSingleton(DefaultSingletonBeanRegistry.java:234)
	at org.springframework.beans.factory.support.AbstractBeanFactory.doGetBean(AbstractBeanFactory.java:333)
	at org.springframework.beans.factory.support.AbstractBeanFactory.getBean(AbstractBeanFactory.java:208)
	at org.springframework.beans.factory.support.DefaultListableBeanFactory.preInstantiateSingletons(DefaultListableBeanFactory.java:955)
	at org.springframework.context.support.AbstractApplicationContext.finishBeanFactoryInitialization(AbstractApplicationContext.java:918)
	at org.springframework.context.support.AbstractApplicationContext.refresh(AbstractApplicationContext.java:583)
	at org.springframework.boot.SpringApplication.refresh(SpringApplication.java:734)
	at org.springframework.boot.SpringApplication.refreshContext(SpringApplication.java:408)
	at org.springframework.boot.SpringApplication.run(SpringApplication.java:308)
	at org.springframework.boot.test.context.SpringBootContextLoader.loadContext(SpringBootContextLoader.java:132)
	at org.springframework.test.context.cache.DefaultCacheAwareContextLoaderDelegate.loadContextInternal(DefaultCacheAwareContextLoaderDelegate.java:99)
	at org.springframework.test.context.cache.DefaultCacheAwareContextLoaderDelegate.loadContext(DefaultCacheAwareContextLoaderDelegate.java:124)
	at org.springframework.test.context.support.DefaultTestContext.getApplicationContext(DefaultTestContext.java:124)
	at org.springframework.test.context.web.ServletTestExecutionListener.setUpRequestContextIfNecessary(ServletTestExecutionListener.java:190)
	at org.springframework.test.context.web.ServletTestExecutionListener.prepareTestInstance(ServletTestExecutionListener.java:132)
	at org.springframework.test.context.TestContextManager.prepareTestInstance(TestContextManager.java:248)
	at org.springframework.test.context.junit.jupiter.SpringExtension.postProcessTestInstance(SpringExtension.java:138)
	at org.junit.jupiter.engine.descriptor.ClassBasedTestDescriptor.lambda$invokeTestInstancePostProcessors$8(ClassBasedTestDescriptor.java:363)
	at org.junit.jupiter.engine.descriptor.ClassBasedTestDescriptor.executeAndMaskThrowable(ClassBasedTestDescriptor.java:368)
	at org.junit.jupiter.engine.descriptor.ClassBasedTestDescriptor.lambda$invokeTestInstancePostProcessors$9(ClassBasedTestDescriptor.java:363)
	at java.util.stream.ReferencePipeline$3$1.accept(ReferencePipeline.java:193)
	at java.util.stream.ReferencePipeline$2$1.accept(ReferencePipeline.java:175)
	at java.util.ArrayList$ArrayListSpliterator.forEachRemaining(ArrayList.java:1384)
	at java.util.stream.AbstractPipeline.copyInto(AbstractPipeline.java:482)
	at java.util.stream.AbstractPipeline.wrapAndCopyInto(AbstractPipeline.java:472)
	at java.util.stream.StreamSpliterators$WrappingSpliterator.forEachRemaining(StreamSpliterators.java:312)
	at java.util.stream.Streams$ConcatSpliterator.forEachRemaining(Streams.java:743)
	at java.util.stream.Streams$ConcatSpliterator.forEachRemaining(Streams.java:742)
	at java.util.stream.ReferencePipeline$Head.forEach(ReferencePipeline.java:580)
	at org.junit.jupiter.engine.descriptor.ClassBasedTestDescriptor.invokeTestInstancePostProcessors(ClassBasedTestDescriptor.java:362)
	at org.junit.jupiter.engine.descriptor.ClassBasedTestDescriptor.lambda$instantiateAndPostProcessTestInstance$6(ClassBasedTestDescriptor.java:283)
	at org.junit.platform.engine.support.hierarchical.ThrowableCollector.execute(ThrowableCollector.java:73)
	at org.junit.jupiter.engine.descriptor.ClassBasedTestDescriptor.instantiateAndPostProcessTestInstance(ClassBasedTestDescriptor.java:282)
	at org.junit.jupiter.engine.descriptor.ClassBasedTestDescriptor.lambda$testInstancesProvider$4(ClassBasedTestDescriptor.java:272)
	at java.util.Optional.orElseGet(Optional.java:267)
	at org.junit.jupiter.engine.descriptor.ClassBasedTestDescriptor.lambda$testInstancesProvider$5(ClassBasedTestDescriptor.java:271)
	at org.junit.jupiter.engine.execution.TestInstancesProvider.getTestInstances(TestInstancesProvider.java:31)
	at org.junit.jupiter.engine.descriptor.TestMethodTestDescriptor.lambda$prepare$0(TestMethodTestDescriptor.java:102)
	at org.junit.platform.engine.support.hierarchical.ThrowableCollector.execute(ThrowableCollector.java:73)
	at org.junit.jupiter.engine.descriptor.TestMethodTestDescriptor.prepare(TestMethodTestDescriptor.java:101)
	at org.junit.jupiter.engine.descriptor.TestMethodTestDescriptor.prepare(TestMethodTestDescriptor.java:66)
	at org.junit.platform.engine.support.hierarchical.NodeTestTask.lambda$prepare$2(NodeTestTask.java:123)
	at org.junit.platform.engine.support.hierarchical.ThrowableCollector.execute(ThrowableCollector.java:73)
	at org.junit.platform.engine.support.hierarchical.NodeTestTask.prepare(NodeTestTask.java:123)
	at org.junit.platform.engine.support.hierarchical.NodeTestTask.execute(NodeTestTask.java:90)
	at java.util.ArrayList.forEach(ArrayList.java:1259)
	at org.junit.platform.engine.support.hierarchical.SameThreadHierarchicalTestExecutorService.invokeAll(SameThreadHierarchicalTestExecutorService.java:41)
	at org.junit.platform.engine.support.hierarchical.NodeTestTask.lambda$executeRecursively$6(NodeTestTask.java:155)
	at org.junit.platform.engine.support.hierarchical.ThrowableCollector.execute(ThrowableCollector.java:73)
	at org.junit.platform.engine.support.hierarchical.NodeTestTask.lambda$executeRecursively$8(NodeTestTask.java:141)
	at org.junit.platform.engine.support.hierarchical.Node.around(Node.java:137)
	at org.junit.platform.engine.support.hierarchical.NodeTestTask.lambda$executeRecursively$9(NodeTestTask.java:139)
	at org.junit.platform.engine.support.hierarchical.ThrowableCollector.execute(ThrowableCollector.java:73)
	at org.junit.platform.engine.support.hierarchical.NodeTestTask.executeRecursively(NodeTestTask.java:138)
	at org.junit.platform.engine.support.hierarchical.NodeTestTask.execute(NodeTestTask.java:95)
	at java.util.ArrayList.forEach(ArrayList.java:1259)
	at org.junit.platform.engine.support.hierarchical.SameThreadHierarchicalTestExecutorService.invokeAll(SameThreadHierarchicalTestExecutorService.java:41)
	at org.junit.platform.engine.support.hierarchical.NodeTestTask.lambda$executeRecursively$6(NodeTestTask.java:155)
	at org.junit.platform.engine.support.hierarchical.ThrowableCollector.execute(ThrowableCollector.java:73)
	at org.junit.platform.engine.support.hierarchical.NodeTestTask.lambda$executeRecursively$8(NodeTestTask.java:141)
	at org.junit.platform.engine.support.hierarchical.Node.around(Node.java:137)
	at org.junit.platform.engine.support.hierarchical.NodeTestTask.lambda$executeRecursively$9(NodeTestTask.java:139)
	at org.junit.platform.engine.support.hierarchical.ThrowableCollector.execute(ThrowableCollector.java:73)
	at org.junit.platform.engine.support.hierarchical.NodeTestTask.executeRecursively(NodeTestTask.java:138)
	at org.junit.platform.engine.support.hierarchical.NodeTestTask.execute(NodeTestTask.java:95)
	at org.junit.platform.engine.support.hierarchical.SameThreadHierarchicalTestExecutorService.submit(SameThreadHierarchicalTestExecutorService.java:35)
	at org.junit.platform.engine.support.hierarchical.HierarchicalTestExecutor.execute(HierarchicalTestExecutor.java:57)
	at org.junit.platform.engine.support.hierarchical.HierarchicalTestEngine.execute(HierarchicalTestEngine.java:54)
	at org.junit.platform.launcher.core.DefaultLauncher.execute(DefaultLauncher.java:220)
	at org.junit.platform.launcher.core.DefaultLauncher.lambda$execute$6(DefaultLauncher.java:188)
	at org.junit.platform.launcher.core.DefaultLauncher.withInterceptedStreams(DefaultLauncher.java:202)
	at org.junit.platform.launcher.core.DefaultLauncher.execute(DefaultLauncher.java:181)
	at org.junit.platform.launcher.core.DefaultLauncher.execute(DefaultLauncher.java:128)
	at org.apache.maven.surefire.junitplatform.JUnitPlatformProvider.invokeAllTests(JUnitPlatformProvider.java:150)
	at org.apache.maven.surefire.junitplatform.JUnitPlatformProvider.invoke(JUnitPlatformProvider.java:124)
	at org.apache.maven.surefire.booter.ForkedBooter.invokeProviderInSameClassLoader(ForkedBooter.java:384)
	at org.apache.maven.surefire.booter.ForkedBooter.runSuitesInProcess(ForkedBooter.java:345)
	at org.apache.maven.surefire.booter.ForkedBooter.execute(ForkedBooter.java:126)
	at org.apache.maven.surefire.booter.ForkedBooter.main(ForkedBooter.java:418)
Caused by: java.net.SocketException: Connection reset
	at java.net.SocketInputStream.read(SocketInputStream.java:210)
	at java.net.SocketInputStream.read(SocketInputStream.java:141)
	at com.microsoft.sqlserver.jdbc.TDSChannel.read(IOBuffer.java:1983)
	... 168 common frames omitted
2026-04-01 09:36:54 [main] INFO  c.b.d.d.DynamicRoutingDataSource - dynamic-datasource - add a datasource named [druid] success
2026-04-01 09:36:54 [main] INFO  c.b.d.d.DynamicRoutingDataSource - dynamic-datasource - add a datasource named [softtime] success
2026-04-01 09:36:54 [main] INFO  c.b.d.d.DynamicRoutingDataSource - dynamic-datasource initial loaded [2] datasource,primary datasource named [druid]
2026-04-01 09:36:58 [main] WARN  c.b.m.core.injector.AbstractMethod - [com.example.demo.mapper.CgmxMapper.insert] Has been loaded by XML or SqlProvider or Mybatis's Annotation, so ignoring this injection for [class com.baomidou.mybatisplus.core.injector.methods.Insert]
2026-04-01 09:36:59 [main] WARN  c.b.m.core.injector.AbstractMethod - [com.example.demo.mapper.CgmxMapper.deleteById] Has been loaded by XML or SqlProvider or Mybatis's Annotation, so ignoring this injection for [class com.baomidou.mybatisplus.core.injector.methods.DeleteById]
2026-04-01 09:36:59 [main] WARN  c.b.m.core.injector.AbstractMethod - [com.example.demo.mapper.CgmxMapper.update] Has been loaded by XML or SqlProvider or Mybatis's Annotation, so ignoring this injection for [class com.baomidou.mybatisplus.core.injector.methods.Update]
2026-04-01 09:37:00 [main] WARN  c.b.m.core.injector.AbstractMethod - [com.example.demo.mapper.XdmxMapper.insert] Has been loaded by XML or SqlProvider or Mybatis's Annotation, so ignoring this injection for [class com.baomidou.mybatisplus.core.injector.methods.Insert]
2026-04-01 09:37:00 [main] WARN  c.b.m.core.injector.AbstractMethod - [com.example.demo.mapper.XdmxMapper.deleteById] Has been loaded by XML or SqlProvider or Mybatis's Annotation, so ignoring this injection for [class com.baomidou.mybatisplus.core.injector.methods.DeleteById]
2026-04-01 09:37:00 [main] WARN  c.b.m.core.injector.AbstractMethod - [com.example.demo.mapper.XdmxMapper.update] Has been loaded by XML or SqlProvider or Mybatis's Annotation, so ignoring this injection for [class com.baomidou.mybatisplus.core.injector.methods.Update]
2026-04-01 09:37:01 [main] WARN  c.b.m.core.injector.AbstractMethod - [com.example.demo.mapper.PzbMapper.update] Has been loaded by XML or SqlProvider or Mybatis's Annotation, so ignoring this injection for [class com.baomidou.mybatisplus.core.injector.methods.Update]
2026-04-01 09:37:06 [main] WARN  c.b.m.core.metadata.TableInfoHelper - Can not find table primary key in Class: "com.example.demo.entity.Power".
2026-04-01 09:37:06 [main] WARN  c.b.m.core.injector.AbstractMethod - [com.example.demo.mapper.ScgdMapper.insert] Has been loaded by XML or SqlProvider or Mybatis's Annotation, so ignoring this injection for [class com.baomidou.mybatisplus.core.injector.methods.Insert]
2026-04-01 09:37:06 [main] WARN  c.b.m.core.injector.AbstractMethod - [com.example.demo.mapper.ScgdMapper.deleteById] Has been loaded by XML or SqlProvider or Mybatis's Annotation, so ignoring this injection for [class com.baomidou.mybatisplus.core.injector.methods.DeleteById]
2026-04-01 09:37:06 [main] WARN  c.b.m.core.injector.AbstractMethod - [com.example.demo.mapper.ScgdMapper.update] Has been loaded by XML or SqlProvider or Mybatis's Annotation, so ignoring this injection for [class com.baomidou.mybatisplus.core.injector.methods.Update]
2026-04-01 09:37:10 [main] INFO  o.s.b.a.w.s.WelcomePageHandlerMapping - Adding welcome page: class path resource [templates/index.html]
2026-04-01 09:37:13 [main] INFO  c.example.demo.DemoApplicationTests - Started DemoApplicationTests in 58.394 seconds (JVM running for 63.065)
2026-04-01 09:37:16 [SpringApplicationShutdownHook] INFO  c.b.d.d.DynamicRoutingDataSource - dynamic-datasource start closing ....
2026-04-01 09:37:17 [SpringApplicationShutdownHook] INFO  c.b.d.d.DynamicRoutingDataSource - dynamic-datasource all closed success,bye
2026-04-01 09:57:21 [restartedMain] INFO  com.example.demo.DemoApplication - Starting DemoApplication using Java 1.8.0_281 on SC-201910250949 with PID 1340 (E:\yh_soft\t763812834_java\code\target\classes started by Administrator in E:\yh_soft\t763812834_java\code)
2026-04-01 09:57:21 [restartedMain] INFO  com.example.demo.DemoApplication - The following 1 profile is active: "dev"
2026-04-01 09:57:22 [restartedMain] INFO  o.s.b.d.e.DevToolsPropertyDefaultsPostProcessor - Devtools property defaults active! Set 'spring.devtools.add-properties' to 'false' to disable
2026-04-01 09:57:22 [restartedMain] INFO  o.s.b.d.e.DevToolsPropertyDefaultsPostProcessor - For additional web related logging consider setting the 'logging.level.web' property to 'DEBUG'
2026-04-01 09:57:25 [restartedMain] INFO  o.s.d.r.c.RepositoryConfigurationDelegate - Multiple Spring Data modules found, entering strict repository configuration mode
2026-04-01 09:57:25 [restartedMain] INFO  o.s.d.r.c.RepositoryConfigurationDelegate - Bootstrapping Spring Data Redis repositories in DEFAULT mode.
2026-04-01 09:57:25 [restartedMain] INFO  o.s.d.r.c.RepositoryConfigurationDelegate - Finished Spring Data repository scanning in 44 ms. Found 0 Redis repository interfaces.
2026-04-01 09:57:26 [restartedMain] INFO  o.s.c.s.PostProcessorRegistrationDelegate$BeanPostProcessorChecker - Bean 'spring.datasource.dynamic-com.baomidou.dynamic.datasource.spring.boot.autoconfigure.DynamicDataSourceProperties' of type [com.baomidou.dynamic.datasource.spring.boot.autoconfigure.DynamicDataSourceProperties] is not eligible for getting processed by all BeanPostProcessors (for example: not eligible for auto-proxying)
2026-04-01 09:57:26 [restartedMain] INFO  o.s.c.s.PostProcessorRegistrationDelegate$BeanPostProcessorChecker - Bean 'com.baomidou.dynamic.datasource.spring.boot.autoconfigure.DynamicDataSourceAutoConfiguration' of type [com.baomidou.dynamic.datasource.spring.boot.autoconfigure.DynamicDataSourceAutoConfiguration$$EnhancerBySpringCGLIB$$a52690df] is not eligible for getting processed by all BeanPostProcessors (for example: not eligible for auto-proxying)
2026-04-01 09:57:26 [restartedMain] INFO  o.s.c.s.PostProcessorRegistrationDelegate$BeanPostProcessorChecker - Bean 'dsProcessor' of type [com.baomidou.dynamic.datasource.processor.DsHeaderProcessor] is not eligible for getting processed by all BeanPostProcessors (for example: not eligible for auto-proxying)
2026-04-01 09:57:27 [restartedMain] INFO  o.s.b.w.e.tomcat.TomcatWebServer - Tomcat initialized with port(s): 9095 (http)
2026-04-01 09:57:27 [restartedMain] INFO  o.a.c.core.AprLifecycleListener - An older version [1.2.25] of the Apache Tomcat Native library is installed, while Tomcat recommends a minimum version of [1.2.30]
2026-04-01 09:57:27 [restartedMain] INFO  o.a.c.core.AprLifecycleListener - Loaded Apache Tomcat Native library [1.2.25] using APR version [1.7.0].
2026-04-01 09:57:27 [restartedMain] INFO  o.a.c.core.AprLifecycleListener - APR capabilities: IPv6 [true], sendfile [true], accept filters [false], random [true], UDS [false].
2026-04-01 09:57:27 [restartedMain] INFO  o.a.c.core.AprLifecycleListener - APR/OpenSSL configuration: useAprConnector [false], useOpenSSL [true]
2026-04-01 09:57:27 [restartedMain] INFO  o.a.c.core.AprLifecycleListener - OpenSSL successfully initialized [OpenSSL 1.1.1g  21 Apr 2020]
2026-04-01 09:57:27 [restartedMain] INFO  o.a.catalina.core.StandardService - Starting service [Tomcat]
2026-04-01 09:57:27 [restartedMain] INFO  o.a.catalina.core.StandardEngine - Starting Servlet engine: [Apache Tomcat/9.0.65]
2026-04-01 09:57:27 [restartedMain] INFO  o.a.c.c.C.[Tomcat].[localhost].[/] - Initializing Spring embedded WebApplicationContext
2026-04-01 09:57:27 [restartedMain] INFO  o.s.b.w.s.c.ServletWebServerApplicationContext - Root WebApplicationContext: initialization completed in 5256 ms
2026-04-01 09:57:36 [restartedMain] INFO  c.b.d.d.DynamicRoutingDataSource - dynamic-datasource - add a datasource named [druid] success
2026-04-01 09:57:36 [restartedMain] INFO  c.b.d.d.DynamicRoutingDataSource - dynamic-datasource - add a datasource named [softtime] success
2026-04-01 09:57:36 [restartedMain] INFO  c.b.d.d.DynamicRoutingDataSource - dynamic-datasource initial loaded [2] datasource,primary datasource named [druid]
2026-04-01 09:57:38 [restartedMain] WARN  c.b.m.core.injector.AbstractMethod - [com.example.demo.mapper.CgmxMapper.insert] Has been loaded by XML or SqlProvider or Mybatis's Annotation, so ignoring this injection for [class com.baomidou.mybatisplus.core.injector.methods.Insert]
2026-04-01 09:57:38 [restartedMain] WARN  c.b.m.core.injector.AbstractMethod - [com.example.demo.mapper.CgmxMapper.deleteById] Has been loaded by XML or SqlProvider or Mybatis's Annotation, so ignoring this injection for [class com.baomidou.mybatisplus.core.injector.methods.DeleteById]
2026-04-01 09:57:38 [restartedMain] WARN  c.b.m.core.injector.AbstractMethod - [com.example.demo.mapper.CgmxMapper.update] Has been loaded by XML or SqlProvider or Mybatis's Annotation, so ignoring this injection for [class com.baomidou.mybatisplus.core.injector.methods.Update]
2026-04-01 09:57:38 [restartedMain] WARN  c.b.m.core.injector.AbstractMethod - [com.example.demo.mapper.XdmxMapper.insert] Has been loaded by XML or SqlProvider or Mybatis's Annotation, so ignoring this injection for [class com.baomidou.mybatisplus.core.injector.methods.Insert]
2026-04-01 09:57:38 [restartedMain] WARN  c.b.m.core.injector.AbstractMethod - [com.example.demo.mapper.XdmxMapper.deleteById] Has been loaded by XML or SqlProvider or Mybatis's Annotation, so ignoring this injection for [class com.baomidou.mybatisplus.core.injector.methods.DeleteById]
2026-04-01 09:57:38 [restartedMain] WARN  c.b.m.core.injector.AbstractMethod - [com.example.demo.mapper.XdmxMapper.update] Has been loaded by XML or SqlProvider or Mybatis's Annotation, so ignoring this injection for [class com.baomidou.mybatisplus.core.injector.methods.Update]
2026-04-01 09:57:38 [restartedMain] WARN  c.b.m.core.injector.AbstractMethod - [com.example.demo.mapper.PzbMapper.update] Has been loaded by XML or SqlProvider or Mybatis's Annotation, so ignoring this injection for [class com.baomidou.mybatisplus.core.injector.methods.Update]
2026-04-01 09:57:39 [restartedMain] WARN  c.b.m.core.metadata.TableInfoHelper - Can not find table primary key in Class: "com.example.demo.entity.Power".
2026-04-01 09:57:39 [restartedMain] WARN  c.b.m.core.injector.AbstractMethod - [com.example.demo.mapper.ScgdMapper.insert] Has been loaded by XML or SqlProvider or Mybatis's Annotation, so ignoring this injection for [class com.baomidou.mybatisplus.core.injector.methods.Insert]
2026-04-01 09:57:39 [restartedMain] WARN  c.b.m.core.injector.AbstractMethod - [com.example.demo.mapper.ScgdMapper.deleteById] Has been loaded by XML or SqlProvider or Mybatis's Annotation, so ignoring this injection for [class com.baomidou.mybatisplus.core.injector.methods.DeleteById]
2026-04-01 09:57:39 [restartedMain] WARN  c.b.m.core.injector.AbstractMethod - [com.example.demo.mapper.ScgdMapper.update] Has been loaded by XML or SqlProvider or Mybatis's Annotation, so ignoring this injection for [class com.baomidou.mybatisplus.core.injector.methods.Update]
2026-04-01 09:57:40 [restartedMain] INFO  o.s.b.a.w.s.WelcomePageHandlerMapping - Adding welcome page: class path resource [templates/index.html]
2026-04-01 09:57:41 [restartedMain] INFO  o.s.b.d.a.OptionalLiveReloadServer - LiveReload server is running on port 35729
2026-04-01 09:57:41 [restartedMain] INFO  o.s.b.w.e.tomcat.TomcatWebServer - Tomcat started on port(s): 9095 (http) with context path ''
2026-04-01 09:57:41 [restartedMain] INFO  com.example.demo.DemoApplication - Started DemoApplication in 21.292 seconds (JVM running for 25.379)
2026-05-09 16:03:43 [restartedMain] INFO  com.example.demo.DemoApplication - Starting DemoApplication using Java 1.8.0_281 on WIN-20260505BQO with PID 13280 (D:\yh_soft\t763812834_java\code\target\classes started by Administrator in D:\yh_soft\t763812834_java\code)
2026-05-09 16:03:43 [restartedMain] INFO  com.example.demo.DemoApplication - The following 1 profile is active: "dev"
2026-05-09 16:03:44 [restartedMain] INFO  o.s.b.d.e.DevToolsPropertyDefaultsPostProcessor - Devtools property defaults active! Set 'spring.devtools.add-properties' to 'false' to disable
2026-05-09 16:03:44 [restartedMain] INFO  o.s.b.d.e.DevToolsPropertyDefaultsPostProcessor - For additional web related logging consider setting the 'logging.level.web' property to 'DEBUG'
2026-05-09 16:03:46 [restartedMain] INFO  o.s.d.r.c.RepositoryConfigurationDelegate - Multiple Spring Data modules found, entering strict repository configuration mode
2026-05-09 16:03:46 [restartedMain] INFO  o.s.d.r.c.RepositoryConfigurationDelegate - Bootstrapping Spring Data Redis repositories in DEFAULT mode.
2026-05-09 16:03:46 [restartedMain] INFO  o.s.d.r.c.RepositoryConfigurationDelegate - Finished Spring Data repository scanning in 56 ms. Found 0 Redis repository interfaces.
2026-05-09 16:03:46 [restartedMain] INFO  o.s.c.s.PostProcessorRegistrationDelegate$BeanPostProcessorChecker - Bean 'spring.datasource.dynamic-com.baomidou.dynamic.datasource.spring.boot.autoconfigure.DynamicDataSourceProperties' of type [com.baomidou.dynamic.datasource.spring.boot.autoconfigure.DynamicDataSourceProperties] is not eligible for getting processed by all BeanPostProcessors (for example: not eligible for auto-proxying)
2026-05-09 16:03:46 [restartedMain] INFO  o.s.c.s.PostProcessorRegistrationDelegate$BeanPostProcessorChecker - Bean 'com.baomidou.dynamic.datasource.spring.boot.autoconfigure.DynamicDataSourceAutoConfiguration' of type [com.baomidou.dynamic.datasource.spring.boot.autoconfigure.DynamicDataSourceAutoConfiguration$$EnhancerBySpringCGLIB$$4878669c] is not eligible for getting processed by all BeanPostProcessors (for example: not eligible for auto-proxying)
2026-05-09 16:03:47 [restartedMain] INFO  o.s.c.s.PostProcessorRegistrationDelegate$BeanPostProcessorChecker - Bean 'dsProcessor' of type [com.baomidou.dynamic.datasource.processor.DsHeaderProcessor] is not eligible for getting processed by all BeanPostProcessors (for example: not eligible for auto-proxying)
2026-05-09 16:03:47 [restartedMain] INFO  o.s.b.w.e.tomcat.TomcatWebServer - Tomcat initialized with port(s): 9095 (http)
2026-05-09 16:03:47 [restartedMain] INFO  o.a.catalina.core.StandardService - Starting service [Tomcat]
2026-05-09 16:03:47 [restartedMain] INFO  o.a.catalina.core.StandardEngine - Starting Servlet engine: [Apache Tomcat/9.0.65]
2026-05-09 16:03:47 [restartedMain] INFO  o.a.c.c.C.[Tomcat].[localhost].[/] - Initializing Spring embedded WebApplicationContext
2026-05-09 16:03:47 [restartedMain] INFO  o.s.b.w.s.c.ServletWebServerApplicationContext - Root WebApplicationContext: initialization completed in 3912 ms
2026-05-09 16:04:10 [restartedMain] ERROR c.alibaba.druid.pool.DruidDataSource - init datasource error, url: jdbc:sqlserver://yhocn.cn;DatabaseName=t763812834_20251118_ceshi
com.microsoft.sqlserver.jdbc.SQLServerException: Connection reset ClientConnectionId:b42d6516-8624-4b16-8a5f-0215d997c576
	at com.microsoft.sqlserver.jdbc.SQLServerConnection.terminate(SQLServerConnection.java:2670)
	at com.microsoft.sqlserver.jdbc.TDSChannel.read(IOBuffer.java:1993)
	at com.microsoft.sqlserver.jdbc.TDSReader.readPacket(IOBuffer.java:6494)
	at com.microsoft.sqlserver.jdbc.TDSCommand.startResponse(IOBuffer.java:7741)
	at com.microsoft.sqlserver.jdbc.TDSCommand.startResponse(IOBuffer.java:7700)
	at com.microsoft.sqlserver.jdbc.SQLServerConnection.sendLogon(SQLServerConnection.java:4547)
	at com.microsoft.sqlserver.jdbc.SQLServerConnection.logon(SQLServerConnection.java:3409)
	at com.microsoft.sqlserver.jdbc.SQLServerConnection.access$100(SQLServerConnection.java:85)
	at com.microsoft.sqlserver.jdbc.SQLServerConnection$LogonCommand.doExecute(SQLServerConnection.java:3373)
	at com.microsoft.sqlserver.jdbc.TDSCommand.execute(IOBuffer.java:7344)
	at com.microsoft.sqlserver.jdbc.SQLServerConnection.executeCommand(SQLServerConnection.java:2713)
	at com.microsoft.sqlserver.jdbc.SQLServerConnection.connectHelper(SQLServerConnection.java:2261)
	at com.microsoft.sqlserver.jdbc.SQLServerConnection.login(SQLServerConnection.java:1921)
	at com.microsoft.sqlserver.jdbc.SQLServerConnection.connectInternal(SQLServerConnection.java:1762)
	at com.microsoft.sqlserver.jdbc.SQLServerConnection.connect(SQLServerConnection.java:1077)
	at com.microsoft.sqlserver.jdbc.SQLServerDriver.connect(SQLServerDriver.java:623)
	at com.alibaba.druid.filter.FilterChainImpl.connection_connect(FilterChainImpl.java:156)
	at com.alibaba.druid.filter.FilterAdapter.connection_connect(FilterAdapter.java:787)
	at com.alibaba.druid.filter.FilterEventAdapter.connection_connect(FilterEventAdapter.java:38)
	at com.alibaba.druid.filter.FilterChainImpl.connection_connect(FilterChainImpl.java:150)
	at com.alibaba.druid.filter.FilterAdapter.connection_connect(FilterAdapter.java:787)
	at com.alibaba.druid.filter.FilterChainImpl.connection_connect(FilterChainImpl.java:150)
	at com.alibaba.druid.filter.stat.StatFilter.connection_connect(StatFilter.java:218)
	at com.alibaba.druid.filter.FilterChainImpl.connection_connect(FilterChainImpl.java:150)
	at com.alibaba.druid.pool.DruidAbstractDataSource.createPhysicalConnection(DruidAbstractDataSource.java:1598)
	at com.alibaba.druid.pool.DruidAbstractDataSource.createPhysicalConnection(DruidAbstractDataSource.java:1662)
	at com.alibaba.druid.pool.DruidDataSource.init(DruidDataSource.java:932)
	at com.baomidou.dynamic.datasource.creator.DruidDataSourceCreator.doCreateDataSource(DruidDataSourceCreator.java:85)
	at com.baomidou.dynamic.datasource.creator.AbstractDataSourceCreator.createDataSource(AbstractDataSourceCreator.java:70)
	at com.baomidou.dynamic.datasource.creator.DefaultDataSourceCreator.createDataSource(DefaultDataSourceCreator.java:48)
	at com.baomidou.dynamic.datasource.provider.AbstractDataSourceProvider.createDataSourceMap(AbstractDataSourceProvider.java:47)
	at com.baomidou.dynamic.datasource.provider.YmlDynamicDataSourceProvider.loadDataSources(YmlDynamicDataSourceProvider.java:42)
	at com.baomidou.dynamic.datasource.DynamicRoutingDataSource.afterPropertiesSet(DynamicRoutingDataSource.java:225)
	at org.springframework.beans.factory.support.AbstractAutowireCapableBeanFactory.invokeInitMethods(AbstractAutowireCapableBeanFactory.java:1863)
	at org.springframework.beans.factory.support.AbstractAutowireCapableBeanFactory.initializeBean(AbstractAutowireCapableBeanFactory.java:1800)
	at org.springframework.beans.factory.support.AbstractAutowireCapableBeanFactory.doCreateBean(AbstractAutowireCapableBeanFactory.java:620)
	at org.springframework.beans.factory.support.AbstractAutowireCapableBeanFactory.createBean(AbstractAutowireCapableBeanFactory.java:542)
	at org.springframework.beans.factory.support.AbstractBeanFactory.lambda$doGetBean$0(AbstractBeanFactory.java:335)
	at org.springframework.beans.factory.support.DefaultSingletonBeanRegistry.getSingleton(DefaultSingletonBeanRegistry.java:234)
	at org.springframework.beans.factory.support.AbstractBeanFactory.doGetBean(AbstractBeanFactory.java:333)
	at org.springframework.beans.factory.support.AbstractBeanFactory.getBean(AbstractBeanFactory.java:208)
	at org.springframework.beans.factory.config.DependencyDescriptor.resolveCandidate(DependencyDescriptor.java:276)
	at org.springframework.beans.factory.support.DefaultListableBeanFactory.doResolveDependency(DefaultListableBeanFactory.java:1391)
	at org.springframework.beans.factory.support.DefaultListableBeanFactory.resolveDependency(DefaultListableBeanFactory.java:1311)
	at org.springframework.beans.factory.support.ConstructorResolver.resolveAutowiredArgument(ConstructorResolver.java:887)
	at org.springframework.beans.factory.support.ConstructorResolver.createArgumentArray(ConstructorResolver.java:791)
	at org.springframework.beans.factory.support.ConstructorResolver.instantiateUsingFactoryMethod(ConstructorResolver.java:541)
	at org.springframework.beans.factory.support.AbstractAutowireCapableBeanFactory.instantiateUsingFactoryMethod(AbstractAutowireCapableBeanFactory.java:1352)
	at org.springframework.beans.factory.support.AbstractAutowireCapableBeanFactory.createBeanInstance(AbstractAutowireCapableBeanFactory.java:1195)
	at org.springframework.beans.factory.support.AbstractAutowireCapableBeanFactory.doCreateBean(AbstractAutowireCapableBeanFactory.java:582)
	at org.springframework.beans.factory.support.AbstractAutowireCapableBeanFactory.createBean(AbstractAutowireCapableBeanFactory.java:542)
	at org.springframework.beans.factory.support.AbstractBeanFactory.lambda$doGetBean$0(AbstractBeanFactory.java:335)
	at org.springframework.beans.factory.support.DefaultSingletonBeanRegistry.getSingleton(DefaultSingletonBeanRegistry.java:234)
	at org.springframework.beans.factory.support.AbstractBeanFactory.doGetBean(AbstractBeanFactory.java:333)
	at org.springframework.beans.factory.support.AbstractBeanFactory.getBean(AbstractBeanFactory.java:208)
	at org.springframework.beans.factory.config.DependencyDescriptor.resolveCandidate(DependencyDescriptor.java:276)
	at org.springframework.beans.factory.support.DefaultListableBeanFactory.doResolveDependency(DefaultListableBeanFactory.java:1391)
	at org.springframework.beans.factory.support.DefaultListableBeanFactory.resolveDependency(DefaultListableBeanFactory.java:1311)
	at org.springframework.beans.factory.support.AbstractAutowireCapableBeanFactory.autowireByType(AbstractAutowireCapableBeanFactory.java:1519)
	at org.springframework.beans.factory.support.AbstractAutowireCapableBeanFactory.populateBean(AbstractAutowireCapableBeanFactory.java:1417)
	at org.springframework.beans.factory.support.AbstractAutowireCapableBeanFactory.doCreateBean(AbstractAutowireCapableBeanFactory.java:619)
	at org.springframework.beans.factory.support.AbstractAutowireCapableBeanFactory.createBean(AbstractAutowireCapableBeanFactory.java:542)
	at org.springframework.beans.factory.support.AbstractBeanFactory.lambda$doGetBean$0(AbstractBeanFactory.java:335)
	at org.springframework.beans.factory.support.DefaultSingletonBeanRegistry.getSingleton(DefaultSingletonBeanRegistry.java:234)
	at org.springframework.beans.factory.support.AbstractBeanFactory.doGetBean(AbstractBeanFactory.java:333)
	at org.springframework.beans.factory.support.AbstractBeanFactory.getBean(AbstractBeanFactory.java:208)
	at org.springframework.beans.factory.config.DependencyDescriptor.resolveCandidate(DependencyDescriptor.java:276)
	at org.springframework.beans.factory.support.DefaultListableBeanFactory.doResolveDependency(DefaultListableBeanFactory.java:1391)
	at org.springframework.beans.factory.support.DefaultListableBeanFactory.resolveDependency(DefaultListableBeanFactory.java:1311)
	at org.springframework.beans.factory.annotation.AutowiredAnnotationBeanPostProcessor$AutowiredFieldElement.resolveFieldValue(AutowiredAnnotationBeanPostProcessor.java:656)
	at org.springframework.beans.factory.annotation.AutowiredAnnotationBeanPostProcessor$AutowiredFieldElement.inject(AutowiredAnnotationBeanPostProcessor.java:639)
	at org.springframework.beans.factory.annotation.InjectionMetadata.inject(InjectionMetadata.java:119)
	at org.springframework.beans.factory.annotation.AutowiredAnnotationBeanPostProcessor.postProcessProperties(AutowiredAnnotationBeanPostProcessor.java:399)
	at org.springframework.beans.factory.support.AbstractAutowireCapableBeanFactory.populateBean(AbstractAutowireCapableBeanFactory.java:1431)
	at org.springframework.beans.factory.support.AbstractAutowireCapableBeanFactory.doCreateBean(AbstractAutowireCapableBeanFactory.java:619)
	at org.springframework.beans.factory.support.AbstractAutowireCapableBeanFactory.createBean(AbstractAutowireCapableBeanFactory.java:542)
	at org.springframework.beans.factory.support.AbstractBeanFactory.lambda$doGetBean$0(AbstractBeanFactory.java:335)
	at org.springframework.beans.factory.support.DefaultSingletonBeanRegistry.getSingleton(DefaultSingletonBeanRegistry.java:234)
	at org.springframework.beans.factory.support.AbstractBeanFactory.doGetBean(AbstractBeanFactory.java:333)
	at org.springframework.beans.factory.support.AbstractBeanFactory.getBean(AbstractBeanFactory.java:208)
	at org.springframework.beans.factory.config.DependencyDescriptor.resolveCandidate(DependencyDescriptor.java:276)
	at org.springframework.beans.factory.support.DefaultListableBeanFactory.doResolveDependency(DefaultListableBeanFactory.java:1391)
	at org.springframework.beans.factory.support.DefaultListableBeanFactory.resolveDependency(DefaultListableBeanFactory.java:1311)
	at org.springframework.beans.factory.annotation.AutowiredAnnotationBeanPostProcessor$AutowiredFieldElement.resolveFieldValue(AutowiredAnnotationBeanPostProcessor.java:656)
	at org.springframework.beans.factory.annotation.AutowiredAnnotationBeanPostProcessor$AutowiredFieldElement.inject(AutowiredAnnotationBeanPostProcessor.java:639)
	at org.springframework.beans.factory.annotation.InjectionMetadata.inject(InjectionMetadata.java:119)
	at org.springframework.beans.factory.annotation.AutowiredAnnotationBeanPostProcessor.postProcessProperties(AutowiredAnnotationBeanPostProcessor.java:399)
	at org.springframework.beans.factory.support.AbstractAutowireCapableBeanFactory.populateBean(AbstractAutowireCapableBeanFactory.java:1431)
	at org.springframework.beans.factory.support.AbstractAutowireCapableBeanFactory.doCreateBean(AbstractAutowireCapableBeanFactory.java:619)
	at org.springframework.beans.factory.support.AbstractAutowireCapableBeanFactory.createBean(AbstractAutowireCapableBeanFactory.java:542)
	at org.springframework.beans.factory.support.AbstractBeanFactory.lambda$doGetBean$0(AbstractBeanFactory.java:335)
	at org.springframework.beans.factory.support.DefaultSingletonBeanRegistry.getSingleton(DefaultSingletonBeanRegistry.java:234)
	at org.springframework.beans.factory.support.AbstractBeanFactory.doGetBean(AbstractBeanFactory.java:333)
	at org.springframework.beans.factory.support.AbstractBeanFactory.getBean(AbstractBeanFactory.java:208)
	at org.springframework.beans.factory.support.DefaultListableBeanFactory.preInstantiateSingletons(DefaultListableBeanFactory.java:955)
	at org.springframework.context.support.AbstractApplicationContext.finishBeanFactoryInitialization(AbstractApplicationContext.java:918)
	at org.springframework.context.support.AbstractApplicationContext.refresh(AbstractApplicationContext.java:583)
	at org.springframework.boot.web.servlet.context.ServletWebServerApplicationContext.refresh(ServletWebServerApplicationContext.java:147)
	at org.springframework.boot.SpringApplication.refresh(SpringApplication.java:734)
	at org.springframework.boot.SpringApplication.refreshContext(SpringApplication.java:408)
	at org.springframework.boot.SpringApplication.run(SpringApplication.java:308)
	at org.springframework.boot.SpringApplication.run(SpringApplication.java:1306)
	at org.springframework.boot.SpringApplication.run(SpringApplication.java:1295)
	at com.example.demo.DemoApplication.main(DemoApplication.java:9)
	at sun.reflect.NativeMethodAccessorImpl.invoke0(Native Method)
	at sun.reflect.NativeMethodAccessorImpl.invoke(NativeMethodAccessorImpl.java:62)
	at sun.reflect.DelegatingMethodAccessorImpl.invoke(DelegatingMethodAccessorImpl.java:43)
	at java.lang.reflect.Method.invoke(Method.java:498)
	at org.springframework.boot.devtools.restart.RestartLauncher.run(RestartLauncher.java:49)
Caused by: java.net.SocketException: Connection reset
	at java.net.SocketInputStream.read(SocketInputStream.java:210)
	at java.net.SocketInputStream.read(SocketInputStream.java:141)
	at com.microsoft.sqlserver.jdbc.TDSChannel.read(IOBuffer.java:1983)
	... 107 common frames omitted
2026-05-09 16:04:32 [restartedMain] ERROR c.alibaba.druid.pool.DruidDataSource - init datasource error, url: jdbc:sqlserver://bds28428944.my3w.com;DatabaseName=bds28428944_db
com.microsoft.sqlserver.jdbc.SQLServerException: Connection reset ClientConnectionId:197c11af-ae19-4833-adac-4a1889d3d9f6
	at com.microsoft.sqlserver.jdbc.SQLServerConnection.terminate(SQLServerConnection.java:2670)
	at com.microsoft.sqlserver.jdbc.TDSChannel.read(IOBuffer.java:1993)
	at com.microsoft.sqlserver.jdbc.TDSReader.readPacket(IOBuffer.java:6494)
	at com.microsoft.sqlserver.jdbc.TDSCommand.startResponse(IOBuffer.java:7741)
	at com.microsoft.sqlserver.jdbc.TDSCommand.startResponse(IOBuffer.java:7700)
	at com.microsoft.sqlserver.jdbc.SQLServerConnection.sendLogon(SQLServerConnection.java:4547)
	at com.microsoft.sqlserver.jdbc.SQLServerConnection.logon(SQLServerConnection.java:3409)
	at com.microsoft.sqlserver.jdbc.SQLServerConnection.access$100(SQLServerConnection.java:85)
	at com.microsoft.sqlserver.jdbc.SQLServerConnection$LogonCommand.doExecute(SQLServerConnection.java:3373)
	at com.microsoft.sqlserver.jdbc.TDSCommand.execute(IOBuffer.java:7344)
	at com.microsoft.sqlserver.jdbc.SQLServerConnection.executeCommand(SQLServerConnection.java:2713)
	at com.microsoft.sqlserver.jdbc.SQLServerConnection.connectHelper(SQLServerConnection.java:2261)
	at com.microsoft.sqlserver.jdbc.SQLServerConnection.login(SQLServerConnection.java:1921)
	at com.microsoft.sqlserver.jdbc.SQLServerConnection.connectInternal(SQLServerConnection.java:1762)
	at com.microsoft.sqlserver.jdbc.SQLServerConnection.connect(SQLServerConnection.java:1077)
	at com.microsoft.sqlserver.jdbc.SQLServerDriver.connect(SQLServerDriver.java:623)
	at com.alibaba.druid.filter.FilterChainImpl.connection_connect(FilterChainImpl.java:156)
	at com.alibaba.druid.filter.stat.StatFilter.connection_connect(StatFilter.java:218)
	at com.alibaba.druid.filter.FilterChainImpl.connection_connect(FilterChainImpl.java:150)
	at com.alibaba.druid.pool.DruidAbstractDataSource.createPhysicalConnection(DruidAbstractDataSource.java:1598)
	at com.alibaba.druid.pool.DruidAbstractDataSource.createPhysicalConnection(DruidAbstractDataSource.java:1662)
	at com.alibaba.druid.pool.DruidDataSource.init(DruidDataSource.java:932)
	at com.baomidou.dynamic.datasource.creator.DruidDataSourceCreator.doCreateDataSource(DruidDataSourceCreator.java:85)
	at com.baomidou.dynamic.datasource.creator.AbstractDataSourceCreator.createDataSource(AbstractDataSourceCreator.java:70)
	at com.baomidou.dynamic.datasource.creator.DefaultDataSourceCreator.createDataSource(DefaultDataSourceCreator.java:48)
	at com.baomidou.dynamic.datasource.provider.AbstractDataSourceProvider.createDataSourceMap(AbstractDataSourceProvider.java:47)
	at com.baomidou.dynamic.datasource.provider.YmlDynamicDataSourceProvider.loadDataSources(YmlDynamicDataSourceProvider.java:42)
	at com.baomidou.dynamic.datasource.DynamicRoutingDataSource.afterPropertiesSet(DynamicRoutingDataSource.java:225)
	at org.springframework.beans.factory.support.AbstractAutowireCapableBeanFactory.invokeInitMethods(AbstractAutowireCapableBeanFactory.java:1863)
	at org.springframework.beans.factory.support.AbstractAutowireCapableBeanFactory.initializeBean(AbstractAutowireCapableBeanFactory.java:1800)
	at org.springframework.beans.factory.support.AbstractAutowireCapableBeanFactory.doCreateBean(AbstractAutowireCapableBeanFactory.java:620)
	at org.springframework.beans.factory.support.AbstractAutowireCapableBeanFactory.createBean(AbstractAutowireCapableBeanFactory.java:542)
	at org.springframework.beans.factory.support.AbstractBeanFactory.lambda$doGetBean$0(AbstractBeanFactory.java:335)
	at org.springframework.beans.factory.support.DefaultSingletonBeanRegistry.getSingleton(DefaultSingletonBeanRegistry.java:234)
	at org.springframework.beans.factory.support.AbstractBeanFactory.doGetBean(AbstractBeanFactory.java:333)
	at org.springframework.beans.factory.support.AbstractBeanFactory.getBean(AbstractBeanFactory.java:208)
	at org.springframework.beans.factory.config.DependencyDescriptor.resolveCandidate(DependencyDescriptor.java:276)
	at org.springframework.beans.factory.support.DefaultListableBeanFactory.doResolveDependency(DefaultListableBeanFactory.java:1391)
	at org.springframework.beans.factory.support.DefaultListableBeanFactory.resolveDependency(DefaultListableBeanFactory.java:1311)
	at org.springframework.beans.factory.support.ConstructorResolver.resolveAutowiredArgument(ConstructorResolver.java:887)
	at org.springframework.beans.factory.support.ConstructorResolver.createArgumentArray(ConstructorResolver.java:791)
	at org.springframework.beans.factory.support.ConstructorResolver.instantiateUsingFactoryMethod(ConstructorResolver.java:541)
	at org.springframework.beans.factory.support.AbstractAutowireCapableBeanFactory.instantiateUsingFactoryMethod(AbstractAutowireCapableBeanFactory.java:1352)
	at org.springframework.beans.factory.support.AbstractAutowireCapableBeanFactory.createBeanInstance(AbstractAutowireCapableBeanFactory.java:1195)
	at org.springframework.beans.factory.support.AbstractAutowireCapableBeanFactory.doCreateBean(AbstractAutowireCapableBeanFactory.java:582)
	at org.springframework.beans.factory.support.AbstractAutowireCapableBeanFactory.createBean(AbstractAutowireCapableBeanFactory.java:542)
	at org.springframework.beans.factory.support.AbstractBeanFactory.lambda$doGetBean$0(AbstractBeanFactory.java:335)
	at org.springframework.beans.factory.support.DefaultSingletonBeanRegistry.getSingleton(DefaultSingletonBeanRegistry.java:234)
	at org.springframework.beans.factory.support.AbstractBeanFactory.doGetBean(AbstractBeanFactory.java:333)
	at org.springframework.beans.factory.support.AbstractBeanFactory.getBean(AbstractBeanFactory.java:208)
	at org.springframework.beans.factory.config.DependencyDescriptor.resolveCandidate(DependencyDescriptor.java:276)
	at org.springframework.beans.factory.support.DefaultListableBeanFactory.doResolveDependency(DefaultListableBeanFactory.java:1391)
	at org.springframework.beans.factory.support.DefaultListableBeanFactory.resolveDependency(DefaultListableBeanFactory.java:1311)
	at org.springframework.beans.factory.support.AbstractAutowireCapableBeanFactory.autowireByType(AbstractAutowireCapableBeanFactory.java:1519)
	at org.springframework.beans.factory.support.AbstractAutowireCapableBeanFactory.populateBean(AbstractAutowireCapableBeanFactory.java:1417)
	at org.springframework.beans.factory.support.AbstractAutowireCapableBeanFactory.doCreateBean(AbstractAutowireCapableBeanFactory.java:619)
	at org.springframework.beans.factory.support.AbstractAutowireCapableBeanFactory.createBean(AbstractAutowireCapableBeanFactory.java:542)
	at org.springframework.beans.factory.support.AbstractBeanFactory.lambda$doGetBean$0(AbstractBeanFactory.java:335)
	at org.springframework.beans.factory.support.DefaultSingletonBeanRegistry.getSingleton(DefaultSingletonBeanRegistry.java:234)
	at org.springframework.beans.factory.support.AbstractBeanFactory.doGetBean(AbstractBeanFactory.java:333)
	at org.springframework.beans.factory.support.AbstractBeanFactory.getBean(AbstractBeanFactory.java:208)
	at org.springframework.beans.factory.config.DependencyDescriptor.resolveCandidate(DependencyDescriptor.java:276)
	at org.springframework.beans.factory.support.DefaultListableBeanFactory.doResolveDependency(DefaultListableBeanFactory.java:1391)
	at org.springframework.beans.factory.support.DefaultListableBeanFactory.resolveDependency(DefaultListableBeanFactory.java:1311)
	at org.springframework.beans.factory.annotation.AutowiredAnnotationBeanPostProcessor$AutowiredFieldElement.resolveFieldValue(AutowiredAnnotationBeanPostProcessor.java:656)
	at org.springframework.beans.factory.annotation.AutowiredAnnotationBeanPostProcessor$AutowiredFieldElement.inject(AutowiredAnnotationBeanPostProcessor.java:639)
	at org.springframework.beans.factory.annotation.InjectionMetadata.inject(InjectionMetadata.java:119)
	at org.springframework.beans.factory.annotation.AutowiredAnnotationBeanPostProcessor.postProcessProperties(AutowiredAnnotationBeanPostProcessor.java:399)
	at org.springframework.beans.factory.support.AbstractAutowireCapableBeanFactory.populateBean(AbstractAutowireCapableBeanFactory.java:1431)
	at org.springframework.beans.factory.support.AbstractAutowireCapableBeanFactory.doCreateBean(AbstractAutowireCapableBeanFactory.java:619)
	at org.springframework.beans.factory.support.AbstractAutowireCapableBeanFactory.createBean(AbstractAutowireCapableBeanFactory.java:542)
	at org.springframework.beans.factory.support.AbstractBeanFactory.lambda$doGetBean$0(AbstractBeanFactory.java:335)
	at org.springframework.beans.factory.support.DefaultSingletonBeanRegistry.getSingleton(DefaultSingletonBeanRegistry.java:234)
	at org.springframework.beans.factory.support.AbstractBeanFactory.doGetBean(AbstractBeanFactory.java:333)
	at org.springframework.beans.factory.support.AbstractBeanFactory.getBean(AbstractBeanFactory.java:208)
	at org.springframework.beans.factory.config.DependencyDescriptor.resolveCandidate(DependencyDescriptor.java:276)
	at org.springframework.beans.factory.support.DefaultListableBeanFactory.doResolveDependency(DefaultListableBeanFactory.java:1391)
	at org.springframework.beans.factory.support.DefaultListableBeanFactory.resolveDependency(DefaultListableBeanFactory.java:1311)
	at org.springframework.beans.factory.annotation.AutowiredAnnotationBeanPostProcessor$AutowiredFieldElement.resolveFieldValue(AutowiredAnnotationBeanPostProcessor.java:656)
	at org.springframework.beans.factory.annotation.AutowiredAnnotationBeanPostProcessor$AutowiredFieldElement.inject(AutowiredAnnotationBeanPostProcessor.java:639)
	at org.springframework.beans.factory.annotation.InjectionMetadata.inject(InjectionMetadata.java:119)
	at org.springframework.beans.factory.annotation.AutowiredAnnotationBeanPostProcessor.postProcessProperties(AutowiredAnnotationBeanPostProcessor.java:399)
	at org.springframework.beans.factory.support.AbstractAutowireCapableBeanFactory.populateBean(AbstractAutowireCapableBeanFactory.java:1431)
	at org.springframework.beans.factory.support.AbstractAutowireCapableBeanFactory.doCreateBean(AbstractAutowireCapableBeanFactory.java:619)
	at org.springframework.beans.factory.support.AbstractAutowireCapableBeanFactory.createBean(AbstractAutowireCapableBeanFactory.java:542)
	at org.springframework.beans.factory.support.AbstractBeanFactory.lambda$doGetBean$0(AbstractBeanFactory.java:335)
	at org.springframework.beans.factory.support.DefaultSingletonBeanRegistry.getSingleton(DefaultSingletonBeanRegistry.java:234)
	at org.springframework.beans.factory.support.AbstractBeanFactory.doGetBean(AbstractBeanFactory.java:333)
	at org.springframework.beans.factory.support.AbstractBeanFactory.getBean(AbstractBeanFactory.java:208)
	at org.springframework.beans.factory.support.DefaultListableBeanFactory.preInstantiateSingletons(DefaultListableBeanFactory.java:955)
	at org.springframework.context.support.AbstractApplicationContext.finishBeanFactoryInitialization(AbstractApplicationContext.java:918)
	at org.springframework.context.support.AbstractApplicationContext.refresh(AbstractApplicationContext.java:583)
	at org.springframework.boot.web.servlet.context.ServletWebServerApplicationContext.refresh(ServletWebServerApplicationContext.java:147)
	at org.springframework.boot.SpringApplication.refresh(SpringApplication.java:734)
	at org.springframework.boot.SpringApplication.refreshContext(SpringApplication.java:408)
	at org.springframework.boot.SpringApplication.run(SpringApplication.java:308)
	at org.springframework.boot.SpringApplication.run(SpringApplication.java:1306)
	at org.springframework.boot.SpringApplication.run(SpringApplication.java:1295)
	at com.example.demo.DemoApplication.main(DemoApplication.java:9)
	at sun.reflect.NativeMethodAccessorImpl.invoke0(Native Method)
	at sun.reflect.NativeMethodAccessorImpl.invoke(NativeMethodAccessorImpl.java:62)
	at sun.reflect.DelegatingMethodAccessorImpl.invoke(DelegatingMethodAccessorImpl.java:43)
	at java.lang.reflect.Method.invoke(Method.java:498)
	at org.springframework.boot.devtools.restart.RestartLauncher.run(RestartLauncher.java:49)
Caused by: java.net.SocketException: Connection reset
	at java.net.SocketInputStream.read(SocketInputStream.java:210)
	at java.net.SocketInputStream.read(SocketInputStream.java:141)
	at com.microsoft.sqlserver.jdbc.TDSChannel.read(IOBuffer.java:1983)
	... 102 common frames omitted
2026-05-09 16:04:32 [restartedMain] INFO  c.b.d.d.DynamicRoutingDataSource - dynamic-datasource - add a datasource named [druid] success
2026-05-09 16:04:32 [restartedMain] INFO  c.b.d.d.DynamicRoutingDataSource - dynamic-datasource - add a datasource named [softtime] success
2026-05-09 16:04:32 [restartedMain] INFO  c.b.d.d.DynamicRoutingDataSource - dynamic-datasource initial loaded [2] datasource,primary datasource named [druid]
2026-05-09 16:04:35 [restartedMain] WARN  c.b.m.core.injector.AbstractMethod - [com.example.demo.mapper.CgmxMapper.insert] Has been loaded by XML or SqlProvider or Mybatis's Annotation, so ignoring this injection for [class com.baomidou.mybatisplus.core.injector.methods.Insert]
2026-05-09 16:04:35 [restartedMain] WARN  c.b.m.core.injector.AbstractMethod - [com.example.demo.mapper.CgmxMapper.deleteById] Has been loaded by XML or SqlProvider or Mybatis's Annotation, so ignoring this injection for [class com.baomidou.mybatisplus.core.injector.methods.DeleteById]
2026-05-09 16:04:35 [restartedMain] WARN  c.b.m.core.injector.AbstractMethod - [com.example.demo.mapper.CgmxMapper.update] Has been loaded by XML or SqlProvider or Mybatis's Annotation, so ignoring this injection for [class com.baomidou.mybatisplus.core.injector.methods.Update]
2026-05-09 16:04:36 [restartedMain] WARN  c.b.m.core.injector.AbstractMethod - [com.example.demo.mapper.XdmxMapper.insert] Has been loaded by XML or SqlProvider or Mybatis's Annotation, so ignoring this injection for [class com.baomidou.mybatisplus.core.injector.methods.Insert]
2026-05-09 16:04:36 [restartedMain] WARN  c.b.m.core.injector.AbstractMethod - [com.example.demo.mapper.XdmxMapper.deleteById] Has been loaded by XML or SqlProvider or Mybatis's Annotation, so ignoring this injection for [class com.baomidou.mybatisplus.core.injector.methods.DeleteById]
2026-05-09 16:04:36 [restartedMain] WARN  c.b.m.core.injector.AbstractMethod - [com.example.demo.mapper.XdmxMapper.update] Has been loaded by XML or SqlProvider or Mybatis's Annotation, so ignoring this injection for [class com.baomidou.mybatisplus.core.injector.methods.Update]
2026-05-09 16:04:36 [restartedMain] WARN  c.b.m.core.injector.AbstractMethod - [com.example.demo.mapper.PzbMapper.update] Has been loaded by XML or SqlProvider or Mybatis's Annotation, so ignoring this injection for [class com.baomidou.mybatisplus.core.injector.methods.Update]
2026-05-09 16:04:37 [restartedMain] WARN  c.b.m.core.metadata.TableInfoHelper - Can not find table primary key in Class: "com.example.demo.entity.Power".
2026-05-09 16:04:37 [restartedMain] WARN  c.b.m.core.injector.AbstractMethod - [com.example.demo.mapper.ScgdMapper.insert] Has been loaded by XML or SqlProvider or Mybatis's Annotation, so ignoring this injection for [class com.baomidou.mybatisplus.core.injector.methods.Insert]
2026-05-09 16:04:37 [restartedMain] WARN  c.b.m.core.injector.AbstractMethod - [com.example.demo.mapper.ScgdMapper.deleteById] Has been loaded by XML or SqlProvider or Mybatis's Annotation, so ignoring this injection for [class com.baomidou.mybatisplus.core.injector.methods.DeleteById]
2026-05-09 16:04:37 [restartedMain] WARN  c.b.m.core.injector.AbstractMethod - [com.example.demo.mapper.ScgdMapper.update] Has been loaded by XML or SqlProvider or Mybatis's Annotation, so ignoring this injection for [class com.baomidou.mybatisplus.core.injector.methods.Update]
2026-05-09 16:04:38 [restartedMain] INFO  o.s.b.a.w.s.WelcomePageHandlerMapping - Adding welcome page: class path resource [templates/index.html]
2026-05-09 16:04:39 [restartedMain] INFO  o.s.b.d.a.OptionalLiveReloadServer - LiveReload server is running on port 35729
2026-05-09 16:04:39 [restartedMain] INFO  o.s.b.w.e.tomcat.TomcatWebServer - Tomcat started on port(s): 9095 (http) with context path ''
2026-05-09 16:04:40 [restartedMain] INFO  com.example.demo.DemoApplication - Started DemoApplication in 58.329 seconds (JVM running for 62.145)
2026-05-09 16:07:29 [http-nio-9095-exec-1] INFO  o.a.c.c.C.[Tomcat].[localhost].[/] - Initializing Spring DispatcherServlet 'dispatcherServlet'
2026-05-09 16:07:29 [http-nio-9095-exec-1] INFO  o.s.web.servlet.DispatcherServlet - Initializing Servlet 'dispatcherServlet'
2026-05-09 16:07:29 [http-nio-9095-exec-1] INFO  o.s.web.servlet.DispatcherServlet - Completed initialization in 4 ms
2026-05-09 16:07:29 [http-nio-9095-exec-9] INFO  o.a.tomcat.util.http.parser.Cookie - A cookie header was received [__session:0.12948186051510724:=http:] that contained an invalid cookie. That cookie will be ignored.
 Note: further occurrences of this error will be logged at DEBUG level.
2026-05-09 16:09:00 [http-nio-9095-exec-8] INFO  c.e.demo.controller.XshtController - 货期(hq): 21|||12
2026-05-09 16:09:05 [http-nio-9095-exec-2] INFO  c.e.demo.controller.CaigouController - 返回结果: data大小=17
2026-05-09 16:10:14 [http-nio-9095-exec-7] INFO  c.e.demo.controller.XdmxController - 订单清除成功，ID: 6431
2026-05-09 16:12:22 [http-nio-9095-exec-1] INFO  c.e.demo.controller.DyshdController - 返回结果: data大小=17
2026-05-09 16:12:29 [http-nio-9095-exec-5] INFO  c.e.demo.service.impl.DyshdImpl - 接收到的ddh参数值: GXDD0120260509-ceshi
2026-05-09 16:13:50 [http-nio-9095-exec-5] INFO  c.e.demo.controller.DyshdController - 返回结果: data大小=17
2026-05-09 16:13:53 [http-nio-9095-exec-7] INFO  c.e.demo.service.impl.DyshdImpl - 接收到的ddh参数值: GXDD0120260509-ceshi
2026-05-09 16:14:16 [http-nio-9095-exec-1] INFO  c.e.demo.controller.DzdController - 分页信息: 第1页/共8页, 每页20条/共160条
2026-05-09 16:14:16 [http-nio-9095-exec-1] INFO  c.e.demo.controller.DzdController - 查询到 20 条记录:
2026-05-09 16:14:16 [http-nio-9095-exec-1] INFO  c.e.demo.controller.DzdController - 记录 1: {khmc="安徽铭毅景图智能制造有限责任公司", yifu="", lxr="谢小姐", ddh="GXDD012026050702", sfkp="未开票", kpsj="", wf="", ddrq="2026/05/07", rn=1, yfsj="174.00", pdf_file_name=null, fzr="钱晓斌", dzzt=null}
2026-05-09 16:14:16 [http-nio-9095-exec-1] INFO  c.e.demo.controller.DzdController - 记录 2: {khmc="安徽铭毅景图智能制造有限责任公司", yifu="", lxr="谢小姐", ddh="GXDD012026043005", sfkp="未开票", kpsj="", wf="", ddrq="2026/04/30", rn=2, yfsj="3279.00", pdf_file_name="http://yhocn.cn:9088/t763812834_java_sharepic/GXDD...", fzr="钱晓斌", dzzt=null}
2026-05-09 16:14:16 [http-nio-9095-exec-1] INFO  c.e.demo.controller.DzdController - 记录 3: {khmc="安庆科迎自动化科技有限公司", yifu="", lxr="何雷", ddh="GXDD052026041401", sfkp="未开票", kpsj="", wf="", ddrq="2026/04/14", rn=3, yfsj="2940.00", pdf_file_name="http://yhocn.cn:9088/t763812834_java_sharepic/GXDD...", fzr="董伟辰", dzzt=null}
2026-05-09 16:14:16 [http-nio-9095-exec-1] INFO  c.e.demo.controller.DzdController - 记录 4: {khmc="安庆科迎自动化科技有限公司", yifu="4242.00", lxr="何雷", ddh="GXDD052026041001", sfkp="未开票", kpsj="", wf="", ddrq="2026/04/10", rn=4, yfsj="4242.00", pdf_file_name="http://yhocn.cn:9088/t763812834_java_sharepic/GXDD...", fzr="董伟辰", dzzt=null}
2026-05-09 16:14:16 [http-nio-9095-exec-1] INFO  c.e.demo.controller.DzdController - 记录 5: {khmc="安晟美自动化设备（苏州）有限公司", yifu="70.00", lxr="余总", ddh="GXDD072026042001", sfkp="未开票", kpsj="", wf="", ddrq="2026/04/20", rn=5, yfsj="70.00", pdf_file_name=null, fzr="陶海鑫", dzzt=null}
2026-05-09 16:14:16 [http-nio-9095-exec-1] INFO  c.e.demo.controller.DzdController - 记录 6: {khmc="奥茵绅智能装备（苏州）有限公司", yifu="", lxr="吕汉东", ddh="GXDD092026042703", sfkp="未开票", kpsj="", wf="", ddrq="2026/04/27", rn=6, yfsj="1200.00", pdf_file_name="http://yhocn.cn:9088/t763812834_java_sharepic/GXDD...", fzr="崔玉泽", dzzt=null}
2026-05-09 16:14:16 [http-nio-9095-exec-1] INFO  c.e.demo.controller.DzdController - 记录 7: {khmc="奥茵绅智能装备（苏州）有限公司", yifu="", lxr="吕汉东", ddh="GXDD072026041701", sfkp="未开票", kpsj="", wf="", ddrq="2026/04/17", rn=7, yfsj="572.00", pdf_file_name="http://yhocn.cn:9088/t763812834_java_sharepic/GXDD...", fzr="陶海鑫", dzzt=null}
2026-05-09 16:14:16 [http-nio-9095-exec-1] INFO  c.e.demo.controller.DzdController - 记录 8: {khmc="碧绿威自动化（苏州）有限公司", yifu="", lxr="程周伟", ddh="SU-PO26040353", sfkp="未开票", kpsj="", wf="", ddrq="2026/04/30", rn=8, yfsj="660.00", pdf_file_name="http://yhocn.cn:9088/t763812834_java_sharepic/SU-P...", fzr="钱晓斌", dzzt=null}
2026-05-09 16:14:16 [http-nio-9095-exec-1] INFO  c.e.demo.controller.DzdController - 记录 9: {khmc="碧绿威自动化（苏州）有限公司", yifu="", lxr="程周伟", ddh="SU-PO26040325", sfkp="未开票", kpsj="", wf="", ddrq="2026/04/28", rn=9, yfsj="336.00", pdf_file_name="http://yhocn.cn:9088/t763812834_java_sharepic/SU-P...", fzr="钱晓斌", dzzt=null}
2026-05-09 16:14:16 [http-nio-9095-exec-1] INFO  c.e.demo.controller.DzdController - 记录 10: {khmc="驰威格自动化设备（苏州）有限公司", yifu="", lxr="杨重阳", ddh="CWG20260427008", sfkp="未开票", kpsj="", wf="", ddrq="2026/04/27", rn=10, yfsj="3660.00", pdf_file_name="http://yhocn.cn:9088/t763812834_java_sharepic/CWG2...", fzr="雷媛", dzzt=null}
2026-05-09 16:14:16 [http-nio-9095-exec-1] INFO  c.e.demo.controller.DzdController - 记录 11: {khmc="德鑫隆（苏州）智能装备有限公司", yifu="", lxr="王影", ddh="GXDD052026041601", sfkp="未开票", kpsj="", wf="", ddrq="2026/04/16", rn=11, yfsj="1950.00", pdf_file_name="http://yhocn.cn:9088/t763812834_java_sharepic/GXDD...", fzr="董伟辰", dzzt=null}
2026-05-09 16:14:16 [http-nio-9095-exec-1] INFO  c.e.demo.controller.DzdController - 记录 12: {khmc="东莞市伟亿鑫自动化科技有限公司", yifu="", lxr="吴有才", ddh="GXDD042026042901", sfkp="未开票", kpsj="", wf="", ddrq="2026/04/29", rn=12, yfsj="3210.00", pdf_file_name="http://yhocn.cn:9088/t763812834_java_sharepic/GXDD...", fzr="雷媛", dzzt=null}
2026-05-09 16:14:16 [http-nio-9095-exec-1] INFO  c.e.demo.controller.DzdController - 记录 13: {khmc="东莞市伟亿鑫自动化科技有限公司", yifu="", lxr="吴有才", ddh="GXDD042026042501", sfkp="未开票", kpsj="", wf="", ddrq="2026/04/25", rn=13, yfsj="74.00", pdf_file_name="http://yhocn.cn:9088/t763812834_java_sharepic/GXDD...", fzr="雷媛", dzzt=null}
2026-05-09 16:14:16 [http-nio-9095-exec-1] INFO  c.e.demo.controller.DzdController - 记录 14: {khmc="东莞市伟亿鑫自动化科技有限公司", yifu="", lxr="吴有才", ddh="GXDD042026042401", sfkp="未开票", kpsj="", wf="", ddrq="2026/04/24", rn=14, yfsj="1425.00", pdf_file_name="http://yhocn.cn:9088/t763812834_java_sharepic/GXDD...", fzr="雷媛", dzzt=null}
2026-05-09 16:14:16 [http-nio-9095-exec-1] INFO  c.e.demo.controller.DzdController - 记录 15: {khmc="丰铁机械（苏州）有限公司", yifu="", lxr="徐小姐", ddh="00KSHYX26004", sfkp="未开票", kpsj="", wf="", ddrq="2026/04/24", rn=15, yfsj="872.00", pdf_file_name="http://yhocn.cn:9088/t763812834_java_sharepic/00KS...", fzr="钱晓斌", dzzt=null}
2026-05-09 16:14:16 [http-nio-9095-exec-1] INFO  c.e.demo.controller.DzdController - 记录 16: {khmc="固德堡（昆山）精密机械有限公司", yifu="", lxr="成秀", ddh="JD-07-T-20260427-002", sfkp="未开票", kpsj="", wf="", ddrq="2026/04/27", rn=16, yfsj="920.00", pdf_file_name="http://yhocn.cn:9088/t763812834_java_sharepic/JD-0...", fzr="董伟辰", dzzt=null}
2026-05-09 16:14:16 [http-nio-9095-exec-1] INFO  c.e.demo.controller.DzdController - 记录 17: {khmc="海宁市华博机械有限公司", yifu="", lxr="马勤", ddh="GXDD092026042902", sfkp="未开票", kpsj="", wf="", ddrq="2026/04/29", rn=17, yfsj="1608.00", pdf_file_name=null, fzr="崔玉泽", dzzt=null}
2026-05-09 16:14:16 [http-nio-9095-exec-1] INFO  c.e.demo.controller.DzdController - 记录 18: {khmc="杭州锐毅科技有限公司", yifu="374.00", lxr="仓库", ddh="GXDD042026042804", sfkp="未开票", kpsj="", wf="", ddrq="2026/04/28", rn=18, yfsj="374.00", pdf_file_name="http://yhocn.cn:9088/t763812834_java_sharepic/GXDD...", fzr="雷媛", dzzt=null}
2026-05-09 16:14:16 [http-nio-9095-exec-1] INFO  c.e.demo.controller.DzdController - 记录 19: {khmc="湖南南方机床有限公司", yifu="", lxr="裴孝顺", ddh="SRMDD26041207", sfkp="未开票", kpsj="", wf="", ddrq="2026/04/28", rn=19, yfsj="5298.00", pdf_file_name=null, fzr="钱晓斌", dzzt=null}
2026-05-09 16:14:16 [http-nio-9095-exec-1] INFO  c.e.demo.controller.DzdController - 记录 20: {khmc="湖南南方机床有限公司", yifu="", lxr="裴孝顺", ddh="SRMDD26041026", sfkp="未开票", kpsj="", wf="", ddrq="2026/04/28", rn=20, yfsj="8290.00", pdf_file_name=null, fzr="钱晓斌", dzzt=null}
2026-05-09 16:14:22 [http-nio-9095-exec-1] INFO  c.e.demo.controller.DzdjlController - 分页信息: 第1页/共14页, 每页20条/共279条
2026-05-09 16:14:22 [http-nio-9095-exec-1] INFO  c.e.demo.controller.DzdjlController - 查询到 20 条记录:
2026-05-09 16:14:22 [http-nio-9095-exec-1] INFO  c.e.demo.controller.DzdjlController - 记录 1: {khmc="湖南南方机床有限公司", yifu=0.00, lxr="裴孝顺", dzscwj="http://yhocn.cn:9088/t763812834_java_sharepic/DZGX...", sfkp="已开票", duizhangdanhao="DZGXDD012026050701", kpsj="2026-05-07 17:20:14", wf=142282.00, duizhangriqi="2026-05-07", ddrq="2026/04/16", rn=1, yfsj=142282.00, pdf_file_name="http://yhocn.cn:9088/t763812834_java_sharepic/SRMD...", fzr="钱晓斌", dzzt=null}
2026-05-09 16:14:22 [http-nio-9095-exec-1] INFO  c.e.demo.controller.DzdjlController - 记录 2: {khmc="昆山润志科自动化设备有限公司", yifu=0.00, lxr="沈总", dzscwj="http://yhocn.cn:9088/t763812834_java_sharepic/DZGX...", sfkp="已开票", duizhangdanhao="DZGXDD012026043001", kpsj="2026-04-30 08:57:56", wf=26169.00, duizhangriqi="2026-04-30", ddrq="2026/04/16", rn=2, yfsj=26169.00, pdf_file_name=null, fzr="崔玉泽", dzzt=null}
2026-05-09 16:14:22 [http-nio-9095-exec-1] INFO  c.e.demo.controller.DzdjlController - 记录 3: {khmc="昆山埃森自动化技术有限公司", yifu=362.00, lxr="王跃金", dzscwj="http://yhocn.cn:9088/t763812834_java_sharepic/DZGX...", sfkp="已开票", duizhangdanhao="DZGXDD012026042901", kpsj="2026-04-29 14:56:38", wf=0.00, duizhangriqi="2026-04-29", ddrq="2026/04/22", rn=3, yfsj=362.00, pdf_file_name="http://yhocn.cn:9088/t763812834_java_sharepic/GXDD...", fzr="崔玉泽", dzzt=null}
2026-05-09 16:14:22 [http-nio-9095-exec-1] INFO  c.e.demo.controller.DzdjlController - 记录 4: {khmc="奥茵绅智能装备（苏州）有限公司", yifu=0.00, lxr="吕汉东", dzscwj="http://yhocn.cn:9088/t763812834_java_sharepic/DZGX...", sfkp="已开票", duizhangdanhao="DZGXDD012026042807", kpsj="2026-04-28 10:08:50", wf=4004.00, duizhangriqi="2026-04-28", ddrq="2026/04/09", rn=4, yfsj=4004.00, pdf_file_name="http://yhocn.cn:9088/t763812834_java_sharepic/GXDD...", fzr="陶海鑫", dzzt=null}
2026-05-09 16:14:22 [http-nio-9095-exec-1] INFO  c.e.demo.controller.DzdjlController - 记录 5: {khmc="江苏港星方能超声洗净科技有限公司", yifu=0.00, lxr="吴小姐", dzscwj="http://yhocn.cn:9088/t763812834_java_sharepic/DZGX...", sfkp="已开票", duizhangdanhao="DZGXDD012026042811", kpsj="2026-04-28 16:05:28", wf=10849.00, duizhangriqi="2026-04-28", ddrq="2026/04/07", rn=5, yfsj=10849.00, pdf_file_name="http://yhocn.cn:9088/t763812834_java_sharepic/GXDD...", fzr="董伟辰", dzzt=null}
2026-05-09 16:14:22 [http-nio-9095-exec-1] INFO  c.e.demo.controller.DzdjlController - 记录 6: {khmc="江苏洛银传动科技有限公司", yifu=1470.00, lxr="墨伟超", dzscwj="http://yhocn.cn:9088/t763812834_java_sharepic/DZGX...", sfkp="已开票", duizhangdanhao="DZGXDD012026042801", kpsj="2026-04-28 10:08:50", wf=0.00, duizhangriqi="2026-04-28", ddrq="2026/04/23", rn=6, yfsj=1470.00, pdf_file_name="http://yhocn.cn:9088/t763812834_java_sharepic/GXDD...", fzr="钱晓斌", dzzt=null}
2026-05-09 16:14:22 [http-nio-9095-exec-1] INFO  c.e.demo.controller.DzdjlController - 记录 7: {khmc="苏州博鲁克机器人系统工程有限公司", yifu=0.00, lxr="张兰", dzscwj="http://yhocn.cn:9088/t763812834_java_sharepic/DZGX...", sfkp="已开票", duizhangdanhao="DZGXDD012026042808", kpsj="2026-04-28 10:08:50", wf=10800.00, duizhangriqi="2026-04-28", ddrq="2026/03/19", rn=7, yfsj=10800.00, pdf_file_name="http://yhocn.cn:9088/t763812834_java_sharepic/BRC-...", fzr="陶海鑫", dzzt=null}
2026-05-09 16:14:22 [http-nio-9095-exec-1] INFO  c.e.demo.controller.DzdjlController - 记录 8: {khmc="维在德自动化科技（苏州）有限公司", yifu=10200.00, lxr="齐浩", dzscwj="http://yhocn.cn:9088/t763812834_java_sharepic/DZGX...", sfkp="已开票", duizhangdanhao="DZGXDD012026042810", kpsj="2026-04-28 15:37:29", wf=0.00, duizhangriqi="2026-04-28", ddrq="2026/04/18", rn=8, yfsj=10200.00, pdf_file_name=null, fzr="陶海鑫", dzzt=null}
2026-05-09 16:14:22 [http-nio-9095-exec-1] INFO  c.e.demo.controller.DzdjlController - 记录 9: {khmc="中设智能装备（苏州）有限公司", yifu=0.00, lxr="曹静", dzscwj="http://yhocn.cn:9088/t763812834_java_sharepic/DZGX...", sfkp="已开票", duizhangdanhao="DZGXDD012026042802", kpsj="2026-04-28 10:08:50", wf=50.00, duizhangriqi="2026-04-28", ddrq="2026/03/17", rn=9, yfsj=50.00, pdf_file_name="http://yhocn.cn:9088/t763812834_java_sharepic/GXDD...", fzr="陶海鑫", dzzt=null}
2026-05-09 16:14:22 [http-nio-9095-exec-1] INFO  c.e.demo.controller.DzdjlController - 记录 10: {khmc="中设智能装备（苏州）有限公司", yifu=0.00, lxr="曹静", dzscwj="http://yhocn.cn:9088/t763812834_java_sharepic/DZGX...", sfkp="已开票", duizhangdanhao="DZGXDD012026042803", kpsj="2026-04-28 10:08:50", wf=944.00, duizhangriqi="2026-04-28", ddrq="2026/03/19", rn=10, yfsj=944.00, pdf_file_name="http://yhocn.cn:9088/t763812834_java_sharepic/ZS20...", fzr="陶海鑫", dzzt=null}
2026-05-09 16:14:22 [http-nio-9095-exec-1] INFO  c.e.demo.controller.DzdjlController - 记录 11: {khmc="中设智能装备（苏州）有限公司", yifu=0.00, lxr="曹静", dzscwj="http://yhocn.cn:9088/t763812834_java_sharepic/DZGX...", sfkp="已开票", duizhangdanhao="DZGXDD012026042804", kpsj="2026-04-28 10:08:50", wf=317.00, duizhangriqi="2026-04-28", ddrq="2026/04/07", rn=11, yfsj=317.00, pdf_file_name="http://yhocn.cn:9088/t763812834_java_sharepic/GXDD...", fzr="陶海鑫", dzzt=null}
2026-05-09 16:14:22 [http-nio-9095-exec-1] INFO  c.e.demo.controller.DzdjlController - 记录 12: {khmc="中设智能装备（苏州）有限公司", yifu=0.00, lxr="曹静", dzscwj="http://yhocn.cn:9088/t763812834_java_sharepic/DZGX...", sfkp="已开票", duizhangdanhao="DZGXDD012026042805", kpsj="2026-04-28 10:08:50", wf=15978.00, duizhangriqi="2026-04-28", ddrq="2026/04/09", rn=12, yfsj=15978.00, pdf_file_name="http://yhocn.cn:9088/t763812834_java_sharepic/GXDD...", fzr="陶海鑫", dzzt=null}
2026-05-09 16:14:22 [http-nio-9095-exec-1] INFO  c.e.demo.controller.DzdjlController - 记录 13: {khmc="中设智能装备（苏州）有限公司", yifu=0.00, lxr="曹静", dzscwj="http://yhocn.cn:9088/t763812834_java_sharepic/DZGX...", sfkp="已开票", duizhangdanhao="DZGXDD012026042806", kpsj="2026-04-28 10:08:50", wf=3090.00, duizhangriqi="2026-04-28", ddrq="2026/04/13", rn=13, yfsj=3090.00, pdf_file_name="http://yhocn.cn:9088/t763812834_java_sharepic/GXDD...", fzr="陶海鑫", dzzt=null}
2026-05-09 16:14:22 [http-nio-9095-exec-1] INFO  c.e.demo.controller.DzdjlController - 记录 14: {khmc="江苏泰莱传动技术有限公司", yifu=0.00, lxr="周云", dzscwj="http://yhocn.cn:9088/t763812834_java_sharepic/DZGX...", sfkp="已开票", duizhangdanhao="DZGXDD012026042703", kpsj="2026-04-27 10:00:14", wf=38183.00, duizhangriqi="2026-04-27", ddrq="2026/04/20", rn=14, yfsj=38183.00, pdf_file_name="http://yhocn.cn:9088/t763812834_java_sharepic/P260...", fzr="陶海鑫", dzzt=null}
2026-05-09 16:14:22 [http-nio-9095-exec-1] INFO  c.e.demo.controller.DzdjlController - 记录 15: {khmc="江苏泰莱传动科技有限公司", yifu=0.00, lxr="周云", dzscwj="http://yhocn.cn:9088/t763812834_java_sharepic/DZGX...", sfkp="已开票", duizhangdanhao="DZGXDD012026042702", kpsj="2026-04-27 10:00:14", wf=5082.00, duizhangriqi="2026-04-27", ddrq="2026/03/20", rn=15, yfsj=5082.00, pdf_file_name="http://yhocn.cn:9088/t763812834_java_sharepic/P260...", fzr="陶海鑫", dzzt=null}
2026-05-09 16:14:22 [http-nio-9095-exec-1] INFO  c.e.demo.controller.DzdjlController - 记录 16: {khmc="苏州华恩远自动化设备有限公司", yifu=0.00, lxr="张苑", dzscwj="http://yhocn.cn:9088/t763812834_java_sharepic/DZGX...", sfkp="已开票", duizhangdanhao="DZGXDD012026042701", kpsj="2026-04-27 10:00:14", wf=40830.00, duizhangriqi="2026-04-27", ddrq="2026/04/17", rn=16, yfsj=40830.00, pdf_file_name="http://yhocn.cn:9088/t763812834_java_sharepic/GXDD...", fzr="钱晓斌", dzzt=null}
2026-05-09 16:14:22 [http-nio-9095-exec-1] INFO  c.e.demo.controller.DzdjlController - 记录 17: {khmc="霸导自动化设备（无锡）有限公司", yifu=54480.00, lxr="王俊", dzscwj="http://yhocn.cn:9088/t763812834_java_sharepic/DZGX...", sfkp="已开票", duizhangdanhao="DZGXDD012026042401", kpsj="2026-04-24 11:13:44", wf=0.00, duizhangriqi="2026-04-24", ddrq="2026/03/31", rn=17, yfsj=54480.00, pdf_file_name="http://yhocn.cn:9088/t763812834_java_sharepic/GXDD...", fzr="董伟辰", dzzt=null}
2026-05-09 16:14:22 [http-nio-9095-exec-1] INFO  c.e.demo.controller.DzdjlController - 记录 18: {khmc="德鑫隆（苏州）智能装备有限公司", yifu=0.00, lxr="王影", dzscwj="http://yhocn.cn:9088/t763812834_java_sharepic/DZGX...", sfkp="已开票", duizhangdanhao="DZGXDD012026042402", kpsj="2026-04-24 11:13:44", wf=11000.00, duizhangriqi="2026-04-24", ddrq="2026/04/09", rn=18, yfsj=11000.00, pdf_file_name="http://yhocn.cn:9088/t763812834_java_sharepic/GXDD...", fzr="董伟辰", dzzt=null}
2026-05-09 16:14:22 [http-nio-9095-exec-1] INFO  c.e.demo.controller.DzdjlController - 记录 19: {khmc="东佑达机器人（苏州）有限公司", yifu=0.00, lxr="", dzscwj="http://yhocn.cn:9088/t763812834_java_sharepic/DZGX...", sfkp="已开票", duizhangdanhao="DZGXDD012026042421", kpsj="2026-04-24 14:55:19", wf=16416.00, duizhangriqi="2026-04-24", ddrq="2026/04/21", rn=19, yfsj=16416.00, pdf_file_name="http://yhocn.cn:9088/t763812834_java_sharepic/S302...", fzr="钱晓斌", dzzt=null}
2026-05-09 16:14:22 [http-nio-9095-exec-1] INFO  c.e.demo.controller.DzdjlController - 记录 20: {khmc="丰铁机械（苏州）有限公司", yifu=0.00, lxr="徐小姐", dzscwj="http://yhocn.cn:9088/t763812834_java_sharepic/DZGX...", sfkp="已开票", duizhangdanhao="DZGXDD012026042422", kpsj="2026-04-24 14:55:19", wf=11600.00, duizhangriqi="2026-04-24", ddrq="2026/03/13", rn=20, yfsj=11600.00, pdf_file_name=null, fzr="钱晓斌", dzzt=null}
2026-05-09 16:14:31 [http-nio-9095-exec-5] INFO  c.e.demo.controller.DzdjlController - 分页信息: 第2页/共14页, 每页20条/共279条
2026-05-09 16:14:31 [http-nio-9095-exec-5] INFO  c.e.demo.controller.DzdjlController - 查询到 20 条记录:
2026-05-09 16:14:31 [http-nio-9095-exec-5] INFO  c.e.demo.controller.DzdjlController - 记录 1: {khmc="江苏大明机电装备科技有限公司", yifu=0.00, lxr="朱洪林", dzscwj="http://yhocn.cn:9088/t763812834_java_sharepic/DZGX...", sfkp="已开票", duizhangdanhao="DZGXDD012026042403", kpsj="2026-04-24 11:13:44", wf=23500.00, duizhangriqi="2026-04-24", ddrq="2026/01/22", rn=21, yfsj=23500.00, pdf_file_name="http://yhocn.cn:9088/t763812834_java_sharepic/DM20...", fzr="董伟辰", dzzt=null}
2026-05-09 16:14:31 [http-nio-9095-exec-5] INFO  c.e.demo.controller.DzdjlController - 记录 2: {khmc="江苏卓著智能装备有限公司", yifu=0.00, lxr="张亭", dzscwj="http://yhocn.cn:9088/t763812834_java_sharepic/DZGX...", sfkp="已开票", duizhangdanhao="DZGXDD012026042415", kpsj="2026-04-24 11:13:44", wf=194.00, duizhangriqi="2026-04-24", ddrq="2026/03/24", rn=22, yfsj=194.00, pdf_file_name="http://yhocn.cn:9088/t763812834_java_sharepic/GXDD...", fzr="陶海鑫", dzzt=null}
2026-05-09 16:14:31 [http-nio-9095-exec-5] INFO  c.e.demo.controller.DzdjlController - 记录 3: {khmc="昆山创宜瑞机电科技有限公司", yifu=0.00, lxr="李芳", dzscwj="http://yhocn.cn:9088/t763812834_java_sharepic/DZGX...", sfkp="已开票", duizhangdanhao="DZGXDD012026042423", kpsj="2026-04-24 14:55:19", wf=7632.00, duizhangriqi="2026-04-24", ddrq="2026/04/20", rn=23, yfsj=7632.00, pdf_file_name=null, fzr="钱晓斌", dzzt=null}
2026-05-09 16:14:31 [http-nio-9095-exec-5] INFO  c.e.demo.controller.DzdjlController - 记录 4: {khmc="昆山恒皓瑞智能装备有限公司", yifu=0.00, lxr="曹杰", dzscwj="http://yhocn.cn:9088/t763812834_java_sharepic/DZGX...", sfkp="已开票", duizhangdanhao="DZGXDD012026042406", kpsj="2026-04-24 11:13:44", wf=35376.00, duizhangriqi="2026-04-24", ddrq="2026/04/23", rn=24, yfsj=35376.00, pdf_file_name="http://yhocn.cn:9088/t763812834_java_sharepic/GXDD...", fzr="董伟辰", dzzt=null}
2026-05-09 16:14:31 [http-nio-9095-exec-5] INFO  c.e.demo.controller.DzdjlController - 记录 5: {khmc="昆山钜科斯机器人技术服务有限公司", yifu=60.00, lxr="王小艳", dzscwj="http://yhocn.cn:9088/t763812834_java_sharepic/DZGX...", sfkp="已开票", duizhangdanhao="DZGXDD012026042424", kpsj="2026-04-24 14:55:19", wf=0.00, duizhangriqi="2026-04-24", ddrq="2026/03/25", rn=25, yfsj=60.00, pdf_file_name="http://yhocn.cn:9088/t763812834_java_sharepic/GXDD...", fzr="钱晓斌", dzzt=null}
2026-05-09 16:14:31 [http-nio-9095-exec-5] INFO  c.e.demo.controller.DzdjlController - 记录 6: {khmc="昆山乐森迪自动化设备有限公司", yifu=13100.00, lxr="朱锦生", dzscwj="http://yhocn.cn:9088/t763812834_java_sharepic/DZGX...", sfkp="已开票", duizhangdanhao="DZGXDD012026042407", kpsj="2026-04-24 11:13:44", wf=0.00, duizhangriqi="2026-04-24", ddrq="2026/04/03", rn=26, yfsj=13100.00, pdf_file_name="http://yhocn.cn:9088/t763812834_java_sharepic/GXDD...", fzr="董伟辰", dzzt=null}
2026-05-09 16:14:31 [http-nio-9095-exec-5] INFO  c.e.demo.controller.DzdjlController - 记录 7: {khmc="昆山市旭腾自动化科技有限公司", yifu=777.00, lxr="殷小姐", dzscwj="http://yhocn.cn:9088/t763812834_java_sharepic/DZGX...", sfkp="已开票", duizhangdanhao="DZGXDD012026042416", kpsj="2026-04-24 11:13:44", wf=0.00, duizhangriqi="2026-04-24", ddrq="2026/04/13", rn=27, yfsj=777.00, pdf_file_name="http://yhocn.cn:9088/t763812834_java_sharepic/GXDD...", fzr="陶海鑫", dzzt=null}
2026-05-09 16:14:31 [http-nio-9095-exec-5] INFO  c.e.demo.controller.DzdjlController - 记录 8: {khmc="昆山顺之晟精密机械有限公司", yifu=0.00, lxr="肖总", dzscwj="http://yhocn.cn:9088/t763812834_java_sharepic/DZGX...", sfkp="已开票", duizhangdanhao="DZGXDD012026042408", kpsj="2026-04-24 11:13:44", wf=30188.00, duizhangriqi="2026-04-24", ddrq="2026/04/13", rn=28, yfsj=30188.00, pdf_file_name="http://yhocn.cn:9088/t763812834_java_sharepic/GXDD...", fzr="董伟辰", dzzt=null}
2026-05-09 16:14:31 [http-nio-9095-exec-5] INFO  c.e.demo.controller.DzdjlController - 记录 9: {khmc="昆山欣合通精密机械科技有限公司", yifu=0.00, lxr="朱燕", dzscwj="http://yhocn.cn:9088/t763812834_java_sharepic/DZGX...", sfkp="已开票", duizhangdanhao="DZGXDD012026042420", kpsj="2026-04-27 09:45:37", wf=63313.00, duizhangriqi="2026-04-24", ddrq="2026/04/22", rn=29, yfsj=63313.00, pdf_file_name="http://yhocn.cn:9088/t763812834_java_sharepic/WLCG...", fzr="雷媛", dzzt=null}
2026-05-09 16:14:31 [http-nio-9095-exec-5] INFO  c.e.demo.controller.DzdjlController - 记录 10: {khmc="昆山卓勇工业设备有限公司", yifu=0.00, lxr="胡乾", dzscwj="http://yhocn.cn:9088/t763812834_java_sharepic/DZGX...", sfkp="已开票", duizhangdanhao="DZGXDD012026042409", kpsj="2026-04-24 11:13:44", wf=189.00, duizhangriqi="2026-04-24", ddrq="2026/03/23", rn=30, yfsj=189.00, pdf_file_name="http://yhocn.cn:9088/t763812834_java_sharepic/PO26...", fzr="董伟辰", dzzt=null}
2026-05-09 16:14:31 [http-nio-9095-exec-5] INFO  c.e.demo.controller.DzdjlController - 记录 11: {khmc="南通市懋略科技有限公司", yifu=0.00, lxr="王天督", dzscwj="http://yhocn.cn:9088/t763812834_java_sharepic/DZGX...", sfkp="已开票", duizhangdanhao="DZGXDD012026042410", kpsj="2026-04-24 11:13:44", wf=640.00, duizhangriqi="2026-04-24", ddrq="2026/03/31", rn=31, yfsj=640.00, pdf_file_name="http://yhocn.cn:9088/t763812834_java_sharepic/ntml...", fzr="董伟辰", dzzt=null}
2026-05-09 16:14:31 [http-nio-9095-exec-5] INFO  c.e.demo.controller.DzdjlController - 记录 12: {khmc="青岛铭青机电有限公司", yifu=0.00, lxr="陶梦婷", dzscwj=null, sfkp="已开票", duizhangdanhao="DZGXDD012026042431", kpsj="2026-04-24 15:04:07", wf=28228.00, duizhangriqi="2026-04-24", ddrq="2026/04/21", rn=32, yfsj=28228.00, pdf_file_name="http://yhocn.cn:9088/t763812834_java_sharepic/GXDD...", fzr="钱晓斌", dzzt=null}
2026-05-09 16:14:31 [http-nio-9095-exec-5] INFO  c.e.demo.controller.DzdjlController - 记录 13: {khmc="三协机床（昆山）有限公司", yifu=0.00, lxr="杭凌", dzscwj="http://yhocn.cn:9088/t763812834_java_sharepic/DZGX...", sfkp="已开票", duizhangdanhao="DZGXDD012026042411", kpsj="2026-04-24 11:13:44", wf=8960.00, duizhangriqi="2026-04-24", ddrq="2026/04/02", rn=33, yfsj=8960.00, pdf_file_name=null, fzr="董伟辰", dzzt=null}
2026-05-09 16:14:31 [http-nio-9095-exec-5] INFO  c.e.demo.controller.DzdjlController - 记录 14: {khmc="沈阳易联真空设备有限公司", yifu=251.00, lxr="李媛", dzscwj="http://yhocn.cn:9088/t763812834_java_sharepic/DZGX...", sfkp="已开票", duizhangdanhao="DZGXDD012026042428", kpsj="2026-04-24 14:55:19", wf=0.00, duizhangriqi="2026-04-24", ddrq="2026/03/26", rn=34, yfsj=251.00, pdf_file_name="http://yhocn.cn:9088/t763812834_java_sharepic/GXDD...", fzr="钱晓斌", dzzt=null}
2026-05-09 16:14:31 [http-nio-9095-exec-5] INFO  c.e.demo.controller.DzdjlController - 记录 15: {khmc="四川长征机床集团有限公司", yifu=1350.00, lxr="周思慧", dzscwj="http://yhocn.cn:9088/t763812834_java_sharepic/DZGX...", sfkp="已开票", duizhangdanhao="DZGXDD012026042417", kpsj="2026-04-24 11:13:44", wf=0.00, duizhangriqi="2026-04-24", ddrq="2026/03/20", rn=35, yfsj=1350.00, pdf_file_name=null, fzr="陶海鑫", dzzt=null}
2026-05-09 16:14:31 [http-nio-9095-exec-5] INFO  c.e.demo.controller.DzdjlController - 记录 16: {khmc="苏州铭青机电有限公司", yifu=0.00, lxr="陶梦婷", dzscwj="http://yhocn.cn:9088/t763812834_java_sharepic/DZGX...", sfkp="已开票", duizhangdanhao="DZGXDD012026042432", kpsj="2026-04-24 15:04:07", wf=51.00, duizhangriqi="2026-04-24", ddrq="2026/03/24", rn=36, yfsj=51.00, pdf_file_name="http://yhocn.cn:9088/t763812834_java_sharepic/GXDD...", fzr="钱晓斌", dzzt=null}
2026-05-09 16:14:31 [http-nio-9095-exec-5] INFO  c.e.demo.controller.DzdjlController - 记录 17: {khmc="苏州铭腾精密科技有限公司", yifu=0.00, lxr="蔡春永", dzscwj="http://yhocn.cn:9088/t763812834_java_sharepic/DZGX...", sfkp="已开票", duizhangdanhao="DZGXDD012026042426", kpsj="2026-04-24 14:55:19", wf=9776.00, duizhangriqi="2026-04-24", ddrq="2026/04/09", rn=37, yfsj=9776.00, pdf_file_name=null, fzr="钱晓斌", dzzt=null}
2026-05-09 16:14:31 [http-nio-9095-exec-5] INFO  c.e.demo.controller.DzdjlController - 记录 18: {khmc="苏州乔沃自动化科技有限公司", yifu=0.00, lxr="张忠城", dzscwj="http://yhocn.cn:9088/t763812834_java_sharepic/DZGX...", sfkp="已开票", duizhangdanhao="DZGXDD012026042427", kpsj="2026-04-24 14:55:19", wf=2456.00, duizhangriqi="2026-04-24", ddrq="2026/04/10", rn=38, yfsj=2456.00, pdf_file_name="http://yhocn.cn:9088/t763812834_java_sharepic/GXDD...", fzr="钱晓斌", dzzt=null}
2026-05-09 16:14:31 [http-nio-9095-exec-5] INFO  c.e.demo.controller.DzdjlController - 记录 19: {khmc="苏州松本智能科技有限公司", yifu=0.00, lxr="王总", dzscwj="http://yhocn.cn:9088/t763812834_java_sharepic/DZGX...", sfkp="已开票", duizhangdanhao="DZGXDD012026042412", kpsj="2026-04-24 11:13:44", wf=913.00, duizhangriqi="2026-04-24", ddrq="2026/04/07", rn=39, yfsj=913.00, pdf_file_name="http://yhocn.cn:9088/t763812834_java_sharepic/GXDD...", fzr="董伟辰", dzzt=null}
2026-05-09 16:14:31 [http-nio-9095-exec-5] INFO  c.e.demo.controller.DzdjlController - 记录 20: {khmc="苏州旺源洪精密机械有限公司", yifu=414.00, lxr="顾洪杰", dzscwj="http://yhocn.cn:9088/t763812834_java_sharepic/DZGX...", sfkp="已开票", duizhangdanhao="DZGXDD012026042425", kpsj="2026-04-24 14:55:19", wf=0.00, duizhangriqi="2026-04-24", ddrq="2026/04/13", rn=40, yfsj=414.00, pdf_file_name=null, fzr="钱晓斌", dzzt=null}
2026-05-09 16:15:20 [http-nio-9095-exec-2] INFO  c.e.demo.controller.DzdjlController - 分页信息: 第1页/共14页, 每页20条/共279条
2026-05-09 16:15:20 [http-nio-9095-exec-2] INFO  c.e.demo.controller.DzdjlController - 查询到 20 条记录:
2026-05-09 16:15:20 [http-nio-9095-exec-2] INFO  c.e.demo.controller.DzdjlController - 记录 1: {khmc="湖南南方机床有限公司", yifu=0.00, lxr="裴孝顺", dzscwj="http://yhocn.cn:9088/t763812834_java_sharepic/DZGX...", sfkp="已开票", duizhangdanhao="DZGXDD012026050701", kpsj="2026-05-07 17:20:14", wf=142282.00, duizhangriqi="2026-05-07", ddrq="2026/04/16", rn=1, yfsj=142282.00, pdf_file_name="http://yhocn.cn:9088/t763812834_java_sharepic/SRMD...", fzr="钱晓斌", dzzt=null}
2026-05-09 16:15:20 [http-nio-9095-exec-2] INFO  c.e.demo.controller.DzdjlController - 记录 2: {khmc="昆山润志科自动化设备有限公司", yifu=0.00, lxr="沈总", dzscwj="http://yhocn.cn:9088/t763812834_java_sharepic/DZGX...", sfkp="已开票", duizhangdanhao="DZGXDD012026043001", kpsj="2026-04-30 08:57:56", wf=26169.00, duizhangriqi="2026-04-30", ddrq="2026/04/16", rn=2, yfsj=26169.00, pdf_file_name=null, fzr="崔玉泽", dzzt=null}
2026-05-09 16:15:20 [http-nio-9095-exec-2] INFO  c.e.demo.controller.DzdjlController - 记录 3: {khmc="昆山埃森自动化技术有限公司", yifu=362.00, lxr="王跃金", dzscwj="http://yhocn.cn:9088/t763812834_java_sharepic/DZGX...", sfkp="已开票", duizhangdanhao="DZGXDD012026042901", kpsj="2026-04-29 14:56:38", wf=0.00, duizhangriqi="2026-04-29", ddrq="2026/04/22", rn=3, yfsj=362.00, pdf_file_name="http://yhocn.cn:9088/t763812834_java_sharepic/GXDD...", fzr="崔玉泽", dzzt=null}
2026-05-09 16:15:20 [http-nio-9095-exec-2] INFO  c.e.demo.controller.DzdjlController - 记录 4: {khmc="奥茵绅智能装备（苏州）有限公司", yifu=0.00, lxr="吕汉东", dzscwj="http://yhocn.cn:9088/t763812834_java_sharepic/DZGX...", sfkp="已开票", duizhangdanhao="DZGXDD012026042807", kpsj="2026-04-28 10:08:50", wf=4004.00, duizhangriqi="2026-04-28", ddrq="2026/04/09", rn=4, yfsj=4004.00, pdf_file_name="http://yhocn.cn:9088/t763812834_java_sharepic/GXDD...", fzr="陶海鑫", dzzt=null}
2026-05-09 16:15:20 [http-nio-9095-exec-2] INFO  c.e.demo.controller.DzdjlController - 记录 5: {khmc="江苏港星方能超声洗净科技有限公司", yifu=0.00, lxr="吴小姐", dzscwj="http://yhocn.cn:9088/t763812834_java_sharepic/DZGX...", sfkp="已开票", duizhangdanhao="DZGXDD012026042811", kpsj="2026-04-28 16:05:28", wf=10849.00, duizhangriqi="2026-04-28", ddrq="2026/04/07", rn=5, yfsj=10849.00, pdf_file_name="http://yhocn.cn:9088/t763812834_java_sharepic/GXDD...", fzr="董伟辰", dzzt=null}
2026-05-09 16:15:20 [http-nio-9095-exec-2] INFO  c.e.demo.controller.DzdjlController - 记录 6: {khmc="江苏洛银传动科技有限公司", yifu=1470.00, lxr="墨伟超", dzscwj="http://yhocn.cn:9088/t763812834_java_sharepic/DZGX...", sfkp="已开票", duizhangdanhao="DZGXDD012026042801", kpsj="2026-04-28 10:08:50", wf=0.00, duizhangriqi="2026-04-28", ddrq="2026/04/23", rn=6, yfsj=1470.00, pdf_file_name="http://yhocn.cn:9088/t763812834_java_sharepic/GXDD...", fzr="钱晓斌", dzzt=null}
2026-05-09 16:15:20 [http-nio-9095-exec-2] INFO  c.e.demo.controller.DzdjlController - 记录 7: {khmc="苏州博鲁克机器人系统工程有限公司", yifu=0.00, lxr="张兰", dzscwj="http://yhocn.cn:9088/t763812834_java_sharepic/DZGX...", sfkp="已开票", duizhangdanhao="DZGXDD012026042808", kpsj="2026-04-28 10:08:50", wf=10800.00, duizhangriqi="2026-04-28", ddrq="2026/03/19", rn=7, yfsj=10800.00, pdf_file_name="http://yhocn.cn:9088/t763812834_java_sharepic/BRC-...", fzr="陶海鑫", dzzt=null}
2026-05-09 16:15:20 [http-nio-9095-exec-2] INFO  c.e.demo.controller.DzdjlController - 记录 8: {khmc="维在德自动化科技（苏州）有限公司", yifu=10200.00, lxr="齐浩", dzscwj="http://yhocn.cn:9088/t763812834_java_sharepic/DZGX...", sfkp="已开票", duizhangdanhao="DZGXDD012026042810", kpsj="2026-04-28 15:37:29", wf=0.00, duizhangriqi="2026-04-28", ddrq="2026/04/18", rn=8, yfsj=10200.00, pdf_file_name=null, fzr="陶海鑫", dzzt=null}
2026-05-09 16:15:20 [http-nio-9095-exec-2] INFO  c.e.demo.controller.DzdjlController - 记录 9: {khmc="中设智能装备（苏州）有限公司", yifu=0.00, lxr="曹静", dzscwj="http://yhocn.cn:9088/t763812834_java_sharepic/DZGX...", sfkp="已开票", duizhangdanhao="DZGXDD012026042802", kpsj="2026-04-28 10:08:50", wf=50.00, duizhangriqi="2026-04-28", ddrq="2026/03/17", rn=9, yfsj=50.00, pdf_file_name="http://yhocn.cn:9088/t763812834_java_sharepic/GXDD...", fzr="陶海鑫", dzzt=null}
2026-05-09 16:15:20 [http-nio-9095-exec-2] INFO  c.e.demo.controller.DzdjlController - 记录 10: {khmc="中设智能装备（苏州）有限公司", yifu=0.00, lxr="曹静", dzscwj="http://yhocn.cn:9088/t763812834_java_sharepic/DZGX...", sfkp="已开票", duizhangdanhao="DZGXDD012026042803", kpsj="2026-04-28 10:08:50", wf=944.00, duizhangriqi="2026-04-28", ddrq="2026/03/19", rn=10, yfsj=944.00, pdf_file_name="http://yhocn.cn:9088/t763812834_java_sharepic/ZS20...", fzr="陶海鑫", dzzt=null}
2026-05-09 16:15:20 [http-nio-9095-exec-2] INFO  c.e.demo.controller.DzdjlController - 记录 11: {khmc="中设智能装备（苏州）有限公司", yifu=0.00, lxr="曹静", dzscwj="http://yhocn.cn:9088/t763812834_java_sharepic/DZGX...", sfkp="已开票", duizhangdanhao="DZGXDD012026042804", kpsj="2026-04-28 10:08:50", wf=317.00, duizhangriqi="2026-04-28", ddrq="2026/04/07", rn=11, yfsj=317.00, pdf_file_name="http://yhocn.cn:9088/t763812834_java_sharepic/GXDD...", fzr="陶海鑫", dzzt=null}
2026-05-09 16:15:20 [http-nio-9095-exec-2] INFO  c.e.demo.controller.DzdjlController - 记录 12: {khmc="中设智能装备（苏州）有限公司", yifu=0.00, lxr="曹静", dzscwj="http://yhocn.cn:9088/t763812834_java_sharepic/DZGX...", sfkp="已开票", duizhangdanhao="DZGXDD012026042805", kpsj="2026-04-28 10:08:50", wf=15978.00, duizhangriqi="2026-04-28", ddrq="2026/04/09", rn=12, yfsj=15978.00, pdf_file_name="http://yhocn.cn:9088/t763812834_java_sharepic/GXDD...", fzr="陶海鑫", dzzt=null}
2026-05-09 16:15:20 [http-nio-9095-exec-2] INFO  c.e.demo.controller.DzdjlController - 记录 13: {khmc="中设智能装备（苏州）有限公司", yifu=0.00, lxr="曹静", dzscwj="http://yhocn.cn:9088/t763812834_java_sharepic/DZGX...", sfkp="已开票", duizhangdanhao="DZGXDD012026042806", kpsj="2026-04-28 10:08:50", wf=3090.00, duizhangriqi="2026-04-28", ddrq="2026/04/13", rn=13, yfsj=3090.00, pdf_file_name="http://yhocn.cn:9088/t763812834_java_sharepic/GXDD...", fzr="陶海鑫", dzzt=null}
2026-05-09 16:15:20 [http-nio-9095-exec-2] INFO  c.e.demo.controller.DzdjlController - 记录 14: {khmc="江苏泰莱传动技术有限公司", yifu=0.00, lxr="周云", dzscwj="http://yhocn.cn:9088/t763812834_java_sharepic/DZGX...", sfkp="已开票", duizhangdanhao="DZGXDD012026042703", kpsj="2026-04-27 10:00:14", wf=38183.00, duizhangriqi="2026-04-27", ddrq="2026/04/20", rn=14, yfsj=38183.00, pdf_file_name="http://yhocn.cn:9088/t763812834_java_sharepic/P260...", fzr="陶海鑫", dzzt=null}
2026-05-09 16:15:20 [http-nio-9095-exec-2] INFO  c.e.demo.controller.DzdjlController - 记录 15: {khmc="江苏泰莱传动科技有限公司", yifu=0.00, lxr="周云", dzscwj="http://yhocn.cn:9088/t763812834_java_sharepic/DZGX...", sfkp="已开票", duizhangdanhao="DZGXDD012026042702", kpsj="2026-04-27 10:00:14", wf=5082.00, duizhangriqi="2026-04-27", ddrq="2026/03/20", rn=15, yfsj=5082.00, pdf_file_name="http://yhocn.cn:9088/t763812834_java_sharepic/P260...", fzr="陶海鑫", dzzt=null}
2026-05-09 16:15:20 [http-nio-9095-exec-2] INFO  c.e.demo.controller.DzdjlController - 记录 16: {khmc="苏州华恩远自动化设备有限公司", yifu=0.00, lxr="张苑", dzscwj="http://yhocn.cn:9088/t763812834_java_sharepic/DZGX...", sfkp="已开票", duizhangdanhao="DZGXDD012026042701", kpsj="2026-04-27 10:00:14", wf=40830.00, duizhangriqi="2026-04-27", ddrq="2026/04/17", rn=16, yfsj=40830.00, pdf_file_name="http://yhocn.cn:9088/t763812834_java_sharepic/GXDD...", fzr="钱晓斌", dzzt=null}
2026-05-09 16:15:20 [http-nio-9095-exec-2] INFO  c.e.demo.controller.DzdjlController - 记录 17: {khmc="霸导自动化设备（无锡）有限公司", yifu=54480.00, lxr="王俊", dzscwj="http://yhocn.cn:9088/t763812834_java_sharepic/DZGX...", sfkp="已开票", duizhangdanhao="DZGXDD012026042401", kpsj="2026-04-24 11:13:44", wf=0.00, duizhangriqi="2026-04-24", ddrq="2026/03/31", rn=17, yfsj=54480.00, pdf_file_name="http://yhocn.cn:9088/t763812834_java_sharepic/GXDD...", fzr="董伟辰", dzzt=null}
2026-05-09 16:15:20 [http-nio-9095-exec-2] INFO  c.e.demo.controller.DzdjlController - 记录 18: {khmc="德鑫隆（苏州）智能装备有限公司", yifu=0.00, lxr="王影", dzscwj="http://yhocn.cn:9088/t763812834_java_sharepic/DZGX...", sfkp="已开票", duizhangdanhao="DZGXDD012026042402", kpsj="2026-04-24 11:13:44", wf=11000.00, duizhangriqi="2026-04-24", ddrq="2026/04/09", rn=18, yfsj=11000.00, pdf_file_name="http://yhocn.cn:9088/t763812834_java_sharepic/GXDD...", fzr="董伟辰", dzzt=null}
2026-05-09 16:15:20 [http-nio-9095-exec-2] INFO  c.e.demo.controller.DzdjlController - 记录 19: {khmc="东佑达机器人（苏州）有限公司", yifu=0.00, lxr="", dzscwj="http://yhocn.cn:9088/t763812834_java_sharepic/DZGX...", sfkp="已开票", duizhangdanhao="DZGXDD012026042421", kpsj="2026-04-24 14:55:19", wf=16416.00, duizhangriqi="2026-04-24", ddrq="2026/04/21", rn=19, yfsj=16416.00, pdf_file_name="http://yhocn.cn:9088/t763812834_java_sharepic/S302...", fzr="钱晓斌", dzzt=null}
2026-05-09 16:15:20 [http-nio-9095-exec-2] INFO  c.e.demo.controller.DzdjlController - 记录 20: {khmc="丰铁机械（苏州）有限公司", yifu=0.00, lxr="徐小姐", dzscwj="http://yhocn.cn:9088/t763812834_java_sharepic/DZGX...", sfkp="已开票", duizhangdanhao="DZGXDD012026042422", kpsj="2026-04-24 14:55:19", wf=11600.00, duizhangriqi="2026-04-24", ddrq="2026/03/13", rn=20, yfsj=11600.00, pdf_file_name=null, fzr="钱晓斌", dzzt=null}
2026-05-09 16:15:25 [http-nio-9095-exec-6] INFO  c.e.demo.controller.DzdjlController - 分页信息: 第2页/共14页, 每页20条/共279条
2026-05-09 16:15:25 [http-nio-9095-exec-6] INFO  c.e.demo.controller.DzdjlController - 查询到 20 条记录:
2026-05-09 16:15:25 [http-nio-9095-exec-6] INFO  c.e.demo.controller.DzdjlController - 记录 1: {khmc="江苏大明机电装备科技有限公司", yifu=0.00, lxr="朱洪林", dzscwj="http://yhocn.cn:9088/t763812834_java_sharepic/DZGX...", sfkp="已开票", duizhangdanhao="DZGXDD012026042403", kpsj="2026-04-24 11:13:44", wf=23500.00, duizhangriqi="2026-04-24", ddrq="2026/01/22", rn=21, yfsj=23500.00, pdf_file_name="http://yhocn.cn:9088/t763812834_java_sharepic/DM20...", fzr="董伟辰", dzzt=null}
2026-05-09 16:15:25 [http-nio-9095-exec-6] INFO  c.e.demo.controller.DzdjlController - 记录 2: {khmc="江苏卓著智能装备有限公司", yifu=0.00, lxr="张亭", dzscwj="http://yhocn.cn:9088/t763812834_java_sharepic/DZGX...", sfkp="已开票", duizhangdanhao="DZGXDD012026042415", kpsj="2026-04-24 11:13:44", wf=194.00, duizhangriqi="2026-04-24", ddrq="2026/03/24", rn=22, yfsj=194.00, pdf_file_name="http://yhocn.cn:9088/t763812834_java_sharepic/GXDD...", fzr="陶海鑫", dzzt=null}
2026-05-09 16:15:25 [http-nio-9095-exec-6] INFO  c.e.demo.controller.DzdjlController - 记录 3: {khmc="昆山创宜瑞机电科技有限公司", yifu=0.00, lxr="李芳", dzscwj="http://yhocn.cn:9088/t763812834_java_sharepic/DZGX...", sfkp="已开票", duizhangdanhao="DZGXDD012026042423", kpsj="2026-04-24 14:55:19", wf=7632.00, duizhangriqi="2026-04-24", ddrq="2026/04/20", rn=23, yfsj=7632.00, pdf_file_name=null, fzr="钱晓斌", dzzt=null}
2026-05-09 16:15:25 [http-nio-9095-exec-6] INFO  c.e.demo.controller.DzdjlController - 记录 4: {khmc="昆山恒皓瑞智能装备有限公司", yifu=0.00, lxr="曹杰", dzscwj="http://yhocn.cn:9088/t763812834_java_sharepic/DZGX...", sfkp="已开票", duizhangdanhao="DZGXDD012026042406", kpsj="2026-04-24 11:13:44", wf=35376.00, duizhangriqi="2026-04-24", ddrq="2026/04/23", rn=24, yfsj=35376.00, pdf_file_name="http://yhocn.cn:9088/t763812834_java_sharepic/GXDD...", fzr="董伟辰", dzzt=null}
2026-05-09 16:15:25 [http-nio-9095-exec-6] INFO  c.e.demo.controller.DzdjlController - 记录 5: {khmc="昆山钜科斯机器人技术服务有限公司", yifu=60.00, lxr="王小艳", dzscwj="http://yhocn.cn:9088/t763812834_java_sharepic/DZGX...", sfkp="已开票", duizhangdanhao="DZGXDD012026042424", kpsj="2026-04-24 14:55:19", wf=0.00, duizhangriqi="2026-04-24", ddrq="2026/03/25", rn=25, yfsj=60.00, pdf_file_name="http://yhocn.cn:9088/t763812834_java_sharepic/GXDD...", fzr="钱晓斌", dzzt=null}
2026-05-09 16:15:25 [http-nio-9095-exec-6] INFO  c.e.demo.controller.DzdjlController - 记录 6: {khmc="昆山乐森迪自动化设备有限公司", yifu=13100.00, lxr="朱锦生", dzscwj="http://yhocn.cn:9088/t763812834_java_sharepic/DZGX...", sfkp="已开票", duizhangdanhao="DZGXDD012026042407", kpsj="2026-04-24 11:13:44", wf=0.00, duizhangriqi="2026-04-24", ddrq="2026/04/03", rn=26, yfsj=13100.00, pdf_file_name="http://yhocn.cn:9088/t763812834_java_sharepic/GXDD...", fzr="董伟辰", dzzt=null}
2026-05-09 16:15:25 [http-nio-9095-exec-6] INFO  c.e.demo.controller.DzdjlController - 记录 7: {khmc="昆山市旭腾自动化科技有限公司", yifu=777.00, lxr="殷小姐", dzscwj="http://yhocn.cn:9088/t763812834_java_sharepic/DZGX...", sfkp="已开票", duizhangdanhao="DZGXDD012026042416", kpsj="2026-04-24 11:13:44", wf=0.00, duizhangriqi="2026-04-24", ddrq="2026/04/13", rn=27, yfsj=777.00, pdf_file_name="http://yhocn.cn:9088/t763812834_java_sharepic/GXDD...", fzr="陶海鑫", dzzt=null}
2026-05-09 16:15:25 [http-nio-9095-exec-6] INFO  c.e.demo.controller.DzdjlController - 记录 8: {khmc="昆山顺之晟精密机械有限公司", yifu=0.00, lxr="肖总", dzscwj="http://yhocn.cn:9088/t763812834_java_sharepic/DZGX...", sfkp="已开票", duizhangdanhao="DZGXDD012026042408", kpsj="2026-04-24 11:13:44", wf=30188.00, duizhangriqi="2026-04-24", ddrq="2026/04/13", rn=28, yfsj=30188.00, pdf_file_name="http://yhocn.cn:9088/t763812834_java_sharepic/GXDD...", fzr="董伟辰", dzzt=null}
2026-05-09 16:15:25 [http-nio-9095-exec-6] INFO  c.e.demo.controller.DzdjlController - 记录 9: {khmc="昆山欣合通精密机械科技有限公司", yifu=0.00, lxr="朱燕", dzscwj="http://yhocn.cn:9088/t763812834_java_sharepic/DZGX...", sfkp="已开票", duizhangdanhao="DZGXDD012026042420", kpsj="2026-04-27 09:45:37", wf=63313.00, duizhangriqi="2026-04-24", ddrq="2026/04/22", rn=29, yfsj=63313.00, pdf_file_name="http://yhocn.cn:9088/t763812834_java_sharepic/WLCG...", fzr="雷媛", dzzt=null}
2026-05-09 16:15:25 [http-nio-9095-exec-6] INFO  c.e.demo.controller.DzdjlController - 记录 10: {khmc="昆山卓勇工业设备有限公司", yifu=0.00, lxr="胡乾", dzscwj="http://yhocn.cn:9088/t763812834_java_sharepic/DZGX...", sfkp="已开票", duizhangdanhao="DZGXDD012026042409", kpsj="2026-04-24 11:13:44", wf=189.00, duizhangriqi="2026-04-24", ddrq="2026/03/23", rn=30, yfsj=189.00, pdf_file_name="http://yhocn.cn:9088/t763812834_java_sharepic/PO26...", fzr="董伟辰", dzzt=null}
2026-05-09 16:15:25 [http-nio-9095-exec-6] INFO  c.e.demo.controller.DzdjlController - 记录 11: {khmc="南通市懋略科技有限公司", yifu=0.00, lxr="王天督", dzscwj="http://yhocn.cn:9088/t763812834_java_sharepic/DZGX...", sfkp="已开票", duizhangdanhao="DZGXDD012026042410", kpsj="2026-04-24 11:13:44", wf=640.00, duizhangriqi="2026-04-24", ddrq="2026/03/31", rn=31, yfsj=640.00, pdf_file_name="http://yhocn.cn:9088/t763812834_java_sharepic/ntml...", fzr="董伟辰", dzzt=null}
2026-05-09 16:15:25 [http-nio-9095-exec-6] INFO  c.e.demo.controller.DzdjlController - 记录 12: {khmc="青岛铭青机电有限公司", yifu=0.00, lxr="陶梦婷", dzscwj=null, sfkp="已开票", duizhangdanhao="DZGXDD012026042431", kpsj="2026-04-24 15:04:07", wf=28228.00, duizhangriqi="2026-04-24", ddrq="2026/04/21", rn=32, yfsj=28228.00, pdf_file_name="http://yhocn.cn:9088/t763812834_java_sharepic/GXDD...", fzr="钱晓斌", dzzt=null}
2026-05-09 16:15:25 [http-nio-9095-exec-6] INFO  c.e.demo.controller.DzdjlController - 记录 13: {khmc="三协机床（昆山）有限公司", yifu=0.00, lxr="杭凌", dzscwj="http://yhocn.cn:9088/t763812834_java_sharepic/DZGX...", sfkp="已开票", duizhangdanhao="DZGXDD012026042411", kpsj="2026-04-24 11:13:44", wf=8960.00, duizhangriqi="2026-04-24", ddrq="2026/04/02", rn=33, yfsj=8960.00, pdf_file_name=null, fzr="董伟辰", dzzt=null}
2026-05-09 16:15:25 [http-nio-9095-exec-6] INFO  c.e.demo.controller.DzdjlController - 记录 14: {khmc="沈阳易联真空设备有限公司", yifu=251.00, lxr="李媛", dzscwj="http://yhocn.cn:9088/t763812834_java_sharepic/DZGX...", sfkp="已开票", duizhangdanhao="DZGXDD012026042428", kpsj="2026-04-24 14:55:19", wf=0.00, duizhangriqi="2026-04-24", ddrq="2026/03/26", rn=34, yfsj=251.00, pdf_file_name="http://yhocn.cn:9088/t763812834_java_sharepic/GXDD...", fzr="钱晓斌", dzzt=null}
2026-05-09 16:15:25 [http-nio-9095-exec-6] INFO  c.e.demo.controller.DzdjlController - 记录 15: {khmc="四川长征机床集团有限公司", yifu=1350.00, lxr="周思慧", dzscwj="http://yhocn.cn:9088/t763812834_java_sharepic/DZGX...", sfkp="已开票", duizhangdanhao="DZGXDD012026042417", kpsj="2026-04-24 11:13:44", wf=0.00, duizhangriqi="2026-04-24", ddrq="2026/03/20", rn=35, yfsj=1350.00, pdf_file_name=null, fzr="陶海鑫", dzzt=null}
2026-05-09 16:15:25 [http-nio-9095-exec-6] INFO  c.e.demo.controller.DzdjlController - 记录 16: {khmc="苏州铭青机电有限公司", yifu=0.00, lxr="陶梦婷", dzscwj="http://yhocn.cn:9088/t763812834_java_sharepic/DZGX...", sfkp="已开票", duizhangdanhao="DZGXDD012026042432", kpsj="2026-04-24 15:04:07", wf=51.00, duizhangriqi="2026-04-24", ddrq="2026/03/24", rn=36, yfsj=51.00, pdf_file_name="http://yhocn.cn:9088/t763812834_java_sharepic/GXDD...", fzr="钱晓斌", dzzt=null}
2026-05-09 16:15:25 [http-nio-9095-exec-6] INFO  c.e.demo.controller.DzdjlController - 记录 17: {khmc="苏州铭腾精密科技有限公司", yifu=0.00, lxr="蔡春永", dzscwj="http://yhocn.cn:9088/t763812834_java_sharepic/DZGX...", sfkp="已开票", duizhangdanhao="DZGXDD012026042426", kpsj="2026-04-24 14:55:19", wf=9776.00, duizhangriqi="2026-04-24", ddrq="2026/04/09", rn=37, yfsj=9776.00, pdf_file_name=null, fzr="钱晓斌", dzzt=null}
2026-05-09 16:15:25 [http-nio-9095-exec-6] INFO  c.e.demo.controller.DzdjlController - 记录 18: {khmc="苏州乔沃自动化科技有限公司", yifu=0.00, lxr="张忠城", dzscwj="http://yhocn.cn:9088/t763812834_java_sharepic/DZGX...", sfkp="已开票", duizhangdanhao="DZGXDD012026042427", kpsj="2026-04-24 14:55:19", wf=2456.00, duizhangriqi="2026-04-24", ddrq="2026/04/10", rn=38, yfsj=2456.00, pdf_file_name="http://yhocn.cn:9088/t763812834_java_sharepic/GXDD...", fzr="钱晓斌", dzzt=null}
2026-05-09 16:15:25 [http-nio-9095-exec-6] INFO  c.e.demo.controller.DzdjlController - 记录 19: {khmc="苏州松本智能科技有限公司", yifu=0.00, lxr="王总", dzscwj="http://yhocn.cn:9088/t763812834_java_sharepic/DZGX...", sfkp="已开票", duizhangdanhao="DZGXDD012026042412", kpsj="2026-04-24 11:13:44", wf=913.00, duizhangriqi="2026-04-24", ddrq="2026/04/07", rn=39, yfsj=913.00, pdf_file_name="http://yhocn.cn:9088/t763812834_java_sharepic/GXDD...", fzr="董伟辰", dzzt=null}
2026-05-09 16:15:25 [http-nio-9095-exec-6] INFO  c.e.demo.controller.DzdjlController - 记录 20: {khmc="苏州旺源洪精密机械有限公司", yifu=414.00, lxr="顾洪杰", dzscwj="http://yhocn.cn:9088/t763812834_java_sharepic/DZGX...", sfkp="已开票", duizhangdanhao="DZGXDD012026042425", kpsj="2026-04-24 14:55:19", wf=0.00, duizhangriqi="2026-04-24", ddrq="2026/04/13", rn=40, yfsj=414.00, pdf_file_name=null, fzr="钱晓斌", dzzt=null}
2026-05-09 16:16:26 [http-nio-9095-exec-10] INFO  c.e.demo.controller.DzdjlController - 分页信息: 第2页/共14页, 每页20条/共279条
2026-05-09 16:16:26 [http-nio-9095-exec-10] INFO  c.e.demo.controller.DzdjlController - 查询到 20 条记录:
2026-05-09 16:16:26 [http-nio-9095-exec-10] INFO  c.e.demo.controller.DzdjlController - 记录 1: {khmc="江苏大明机电装备科技有限公司", yifu=0.00, lxr="朱洪林", dzscwj="http://yhocn.cn:9088/t763812834_java_sharepic/DZGX...", sfkp="已开票", duizhangdanhao="DZGXDD012026042403", kpsj="2026-04-24 11:13:44", wf=23500.00, duizhangriqi="2026-04-24", ddrq="2026/01/22", rn=21, yfsj=23500.00, pdf_file_name="http://yhocn.cn:9088/t763812834_java_sharepic/DM20...", fzr="董伟辰", dzzt=null}
2026-05-09 16:16:26 [http-nio-9095-exec-10] INFO  c.e.demo.controller.DzdjlController - 记录 2: {khmc="江苏卓著智能装备有限公司", yifu=0.00, lxr="张亭", dzscwj="http://yhocn.cn:9088/t763812834_java_sharepic/DZGX...", sfkp="已开票", duizhangdanhao="DZGXDD012026042415", kpsj="2026-04-24 11:13:44", wf=194.00, duizhangriqi="2026-04-24", ddrq="2026/03/24", rn=22, yfsj=194.00, pdf_file_name="http://yhocn.cn:9088/t763812834_java_sharepic/GXDD...", fzr="陶海鑫", dzzt=null}
2026-05-09 16:16:26 [http-nio-9095-exec-10] INFO  c.e.demo.controller.DzdjlController - 记录 3: {khmc="昆山创宜瑞机电科技有限公司", yifu=0.00, lxr="李芳", dzscwj="http://yhocn.cn:9088/t763812834_java_sharepic/DZGX...", sfkp="已开票", duizhangdanhao="DZGXDD012026042423", kpsj="2026-04-24 14:55:19", wf=7632.00, duizhangriqi="2026-04-24", ddrq="2026/04/20", rn=23, yfsj=7632.00, pdf_file_name=null, fzr="钱晓斌", dzzt=null}
2026-05-09 16:16:26 [http-nio-9095-exec-10] INFO  c.e.demo.controller.DzdjlController - 记录 4: {khmc="昆山恒皓瑞智能装备有限公司", yifu=0.00, lxr="曹杰", dzscwj="http://yhocn.cn:9088/t763812834_java_sharepic/DZGX...", sfkp="已开票", duizhangdanhao="DZGXDD012026042406", kpsj="2026-04-24 11:13:44", wf=35376.00, duizhangriqi="2026-04-24", ddrq="2026/04/23", rn=24, yfsj=35376.00, pdf_file_name="http://yhocn.cn:9088/t763812834_java_sharepic/GXDD...", fzr="董伟辰", dzzt=null}
2026-05-09 16:16:26 [http-nio-9095-exec-10] INFO  c.e.demo.controller.DzdjlController - 记录 5: {khmc="昆山钜科斯机器人技术服务有限公司", yifu=60.00, lxr="王小艳", dzscwj="http://yhocn.cn:9088/t763812834_java_sharepic/DZGX...", sfkp="已开票", duizhangdanhao="DZGXDD012026042424", kpsj="2026-04-24 14:55:19", wf=0.00, duizhangriqi="2026-04-24", ddrq="2026/03/25", rn=25, yfsj=60.00, pdf_file_name="http://yhocn.cn:9088/t763812834_java_sharepic/GXDD...", fzr="钱晓斌", dzzt=null}
2026-05-09 16:16:26 [http-nio-9095-exec-10] INFO  c.e.demo.controller.DzdjlController - 记录 6: {khmc="昆山乐森迪自动化设备有限公司", yifu=13100.00, lxr="朱锦生", dzscwj="http://yhocn.cn:9088/t763812834_java_sharepic/DZGX...", sfkp="已开票", duizhangdanhao="DZGXDD012026042407", kpsj="2026-04-24 11:13:44", wf=0.00, duizhangriqi="2026-04-24", ddrq="2026/04/03", rn=26, yfsj=13100.00, pdf_file_name="http://yhocn.cn:9088/t763812834_java_sharepic/GXDD...", fzr="董伟辰", dzzt=null}
2026-05-09 16:16:26 [http-nio-9095-exec-10] INFO  c.e.demo.controller.DzdjlController - 记录 7: {khmc="昆山市旭腾自动化科技有限公司", yifu=777.00, lxr="殷小姐", dzscwj="http://yhocn.cn:9088/t763812834_java_sharepic/DZGX...", sfkp="已开票", duizhangdanhao="DZGXDD012026042416", kpsj="2026-04-24 11:13:44", wf=0.00, duizhangriqi="2026-04-24", ddrq="2026/04/13", rn=27, yfsj=777.00, pdf_file_name="http://yhocn.cn:9088/t763812834_java_sharepic/GXDD...", fzr="陶海鑫", dzzt=null}
2026-05-09 16:16:26 [http-nio-9095-exec-10] INFO  c.e.demo.controller.DzdjlController - 记录 8: {khmc="昆山顺之晟精密机械有限公司", yifu=0.00, lxr="肖总", dzscwj="http://yhocn.cn:9088/t763812834_java_sharepic/DZGX...", sfkp="已开票", duizhangdanhao="DZGXDD012026042408", kpsj="2026-04-24 11:13:44", wf=30188.00, duizhangriqi="2026-04-24", ddrq="2026/04/13", rn=28, yfsj=30188.00, pdf_file_name="http://yhocn.cn:9088/t763812834_java_sharepic/GXDD...", fzr="董伟辰", dzzt=null}
2026-05-09 16:16:26 [http-nio-9095-exec-10] INFO  c.e.demo.controller.DzdjlController - 记录 9: {khmc="昆山欣合通精密机械科技有限公司", yifu=0.00, lxr="朱燕", dzscwj="http://yhocn.cn:9088/t763812834_java_sharepic/DZGX...", sfkp="已开票", duizhangdanhao="DZGXDD012026042420", kpsj="2026-04-27 09:45:37", wf=63313.00, duizhangriqi="2026-04-24", ddrq="2026/04/22", rn=29, yfsj=63313.00, pdf_file_name="http://yhocn.cn:9088/t763812834_java_sharepic/WLCG...", fzr="雷媛", dzzt=null}
2026-05-09 16:16:26 [http-nio-9095-exec-10] INFO  c.e.demo.controller.DzdjlController - 记录 10: {khmc="昆山卓勇工业设备有限公司", yifu=0.00, lxr="胡乾", dzscwj="http://yhocn.cn:9088/t763812834_java_sharepic/DZGX...", sfkp="已开票", duizhangdanhao="DZGXDD012026042409", kpsj="2026-04-24 11:13:44", wf=189.00, duizhangriqi="2026-04-24", ddrq="2026/03/23", rn=30, yfsj=189.00, pdf_file_name="http://yhocn.cn:9088/t763812834_java_sharepic/PO26...", fzr="董伟辰", dzzt=null}
2026-05-09 16:16:26 [http-nio-9095-exec-10] INFO  c.e.demo.controller.DzdjlController - 记录 11: {khmc="南通市懋略科技有限公司", yifu=0.00, lxr="王天督", dzscwj="http://yhocn.cn:9088/t763812834_java_sharepic/DZGX...", sfkp="已开票", duizhangdanhao="DZGXDD012026042410", kpsj="2026-04-24 11:13:44", wf=640.00, duizhangriqi="2026-04-24", ddrq="2026/03/31", rn=31, yfsj=640.00, pdf_file_name="http://yhocn.cn:9088/t763812834_java_sharepic/ntml...", fzr="董伟辰", dzzt=null}
2026-05-09 16:16:26 [http-nio-9095-exec-10] INFO  c.e.demo.controller.DzdjlController - 记录 12: {khmc="青岛铭青机电有限公司", yifu=0.00, lxr="陶梦婷", dzscwj=null, sfkp="已开票", duizhangdanhao="DZGXDD012026042431", kpsj="2026-04-24 15:04:07", wf=28228.00, duizhangriqi="2026-04-24", ddrq="2026/04/21", rn=32, yfsj=28228.00, pdf_file_name="http://yhocn.cn:9088/t763812834_java_sharepic/GXDD...", fzr="钱晓斌", dzzt=null}
2026-05-09 16:16:26 [http-nio-9095-exec-10] INFO  c.e.demo.controller.DzdjlController - 记录 13: {khmc="三协机床（昆山）有限公司", yifu=0.00, lxr="杭凌", dzscwj="http://yhocn.cn:9088/t763812834_java_sharepic/DZGX...", sfkp="已开票", duizhangdanhao="DZGXDD012026042411", kpsj="2026-04-24 11:13:44", wf=8960.00, duizhangriqi="2026-04-24", ddrq="2026/04/02", rn=33, yfsj=8960.00, pdf_file_name=null, fzr="董伟辰", dzzt=null}
2026-05-09 16:16:26 [http-nio-9095-exec-10] INFO  c.e.demo.controller.DzdjlController - 记录 14: {khmc="沈阳易联真空设备有限公司", yifu=251.00, lxr="李媛", dzscwj="http://yhocn.cn:9088/t763812834_java_sharepic/DZGX...", sfkp="已开票", duizhangdanhao="DZGXDD012026042428", kpsj="2026-04-24 14:55:19", wf=0.00, duizhangriqi="2026-04-24", ddrq="2026/03/26", rn=34, yfsj=251.00, pdf_file_name="http://yhocn.cn:9088/t763812834_java_sharepic/GXDD...", fzr="钱晓斌", dzzt=null}
2026-05-09 16:16:26 [http-nio-9095-exec-10] INFO  c.e.demo.controller.DzdjlController - 记录 15: {khmc="四川长征机床集团有限公司", yifu=1350.00, lxr="周思慧", dzscwj="http://yhocn.cn:9088/t763812834_java_sharepic/DZGX...", sfkp="已开票", duizhangdanhao="DZGXDD012026042417", kpsj="2026-04-24 11:13:44", wf=0.00, duizhangriqi="2026-04-24", ddrq="2026/03/20", rn=35, yfsj=1350.00, pdf_file_name=null, fzr="陶海鑫", dzzt=null}
2026-05-09 16:16:26 [http-nio-9095-exec-10] INFO  c.e.demo.controller.DzdjlController - 记录 16: {khmc="苏州铭青机电有限公司", yifu=0.00, lxr="陶梦婷", dzscwj="http://yhocn.cn:9088/t763812834_java_sharepic/DZGX...", sfkp="已开票", duizhangdanhao="DZGXDD012026042432", kpsj="2026-04-24 15:04:07", wf=51.00, duizhangriqi="2026-04-24", ddrq="2026/03/24", rn=36, yfsj=51.00, pdf_file_name="http://yhocn.cn:9088/t763812834_java_sharepic/GXDD...", fzr="钱晓斌", dzzt=null}
2026-05-09 16:16:26 [http-nio-9095-exec-10] INFO  c.e.demo.controller.DzdjlController - 记录 17: {khmc="苏州铭腾精密科技有限公司", yifu=0.00, lxr="蔡春永", dzscwj="http://yhocn.cn:9088/t763812834_java_sharepic/DZGX...", sfkp="已开票", duizhangdanhao="DZGXDD012026042426", kpsj="2026-04-24 14:55:19", wf=9776.00, duizhangriqi="2026-04-24", ddrq="2026/04/09", rn=37, yfsj=9776.00, pdf_file_name=null, fzr="钱晓斌", dzzt=null}
2026-05-09 16:16:26 [http-nio-9095-exec-10] INFO  c.e.demo.controller.DzdjlController - 记录 18: {khmc="苏州乔沃自动化科技有限公司", yifu=0.00, lxr="张忠城", dzscwj="http://yhocn.cn:9088/t763812834_java_sharepic/DZGX...", sfkp="已开票", duizhangdanhao="DZGXDD012026042427", kpsj="2026-04-24 14:55:19", wf=2456.00, duizhangriqi="2026-04-24", ddrq="2026/04/10", rn=38, yfsj=2456.00, pdf_file_name="http://yhocn.cn:9088/t763812834_java_sharepic/GXDD...", fzr="钱晓斌", dzzt=null}
2026-05-09 16:16:26 [http-nio-9095-exec-10] INFO  c.e.demo.controller.DzdjlController - 记录 19: {khmc="苏州松本智能科技有限公司", yifu=0.00, lxr="王总", dzscwj="http://yhocn.cn:9088/t763812834_java_sharepic/DZGX...", sfkp="已开票", duizhangdanhao="DZGXDD012026042412", kpsj="2026-04-24 11:13:44", wf=913.00, duizhangriqi="2026-04-24", ddrq="2026/04/07", rn=39, yfsj=913.00, pdf_file_name="http://yhocn.cn:9088/t763812834_java_sharepic/GXDD...", fzr="董伟辰", dzzt=null}
2026-05-09 16:16:26 [http-nio-9095-exec-10] INFO  c.e.demo.controller.DzdjlController - 记录 20: {khmc="苏州旺源洪精密机械有限公司", yifu=414.00, lxr="顾洪杰", dzscwj="http://yhocn.cn:9088/t763812834_java_sharepic/DZGX...", sfkp="已开票", duizhangdanhao="DZGXDD012026042425", kpsj="2026-04-24 14:55:19", wf=0.00, duizhangriqi="2026-04-24", ddrq="2026/04/13", rn=40, yfsj=414.00, pdf_file_name=null, fzr="钱晓斌", dzzt=null}
2026-05-09 16:17:15 [http-nio-9095-exec-10] INFO  c.e.demo.controller.DzdjlController - 分页信息: 第1页/共14页, 每页20条/共279条
2026-05-09 16:17:15 [http-nio-9095-exec-10] INFO  c.e.demo.controller.DzdjlController - 查询到 20 条记录:
2026-05-09 16:17:15 [http-nio-9095-exec-10] INFO  c.e.demo.controller.DzdjlController - 记录 1: {khmc="湖南南方机床有限公司", yifu=0.00, lxr="裴孝顺", dzscwj="http://yhocn.cn:9088/t763812834_java_sharepic/DZGX...", sfkp="已开票", duizhangdanhao="DZGXDD012026050701", kpsj="2026-05-07 17:20:14", wf=142282.00, duizhangriqi="2026-05-07", ddrq="2026/04/16", rn=1, yfsj=142282.00, pdf_file_name="http://yhocn.cn:9088/t763812834_java_sharepic/SRMD...", fzr="钱晓斌", dzzt=null}
2026-05-09 16:17:15 [http-nio-9095-exec-10] INFO  c.e.demo.controller.DzdjlController - 记录 2: {khmc="昆山润志科自动化设备有限公司", yifu=0.00, lxr="沈总", dzscwj="http://yhocn.cn:9088/t763812834_java_sharepic/DZGX...", sfkp="已开票", duizhangdanhao="DZGXDD012026043001", kpsj="2026-04-30 08:57:56", wf=26169.00, duizhangriqi="2026-04-30", ddrq="2026/04/16", rn=2, yfsj=26169.00, pdf_file_name=null, fzr="崔玉泽", dzzt=null}
2026-05-09 16:17:15 [http-nio-9095-exec-10] INFO  c.e.demo.controller.DzdjlController - 记录 3: {khmc="昆山埃森自动化技术有限公司", yifu=362.00, lxr="王跃金", dzscwj="http://yhocn.cn:9088/t763812834_java_sharepic/DZGX...", sfkp="已开票", duizhangdanhao="DZGXDD012026042901", kpsj="2026-04-29 14:56:38", wf=0.00, duizhangriqi="2026-04-29", ddrq="2026/04/22", rn=3, yfsj=362.00, pdf_file_name="http://yhocn.cn:9088/t763812834_java_sharepic/GXDD...", fzr="崔玉泽", dzzt=null}
2026-05-09 16:17:15 [http-nio-9095-exec-10] INFO  c.e.demo.controller.DzdjlController - 记录 4: {khmc="奥茵绅智能装备（苏州）有限公司", yifu=0.00, lxr="吕汉东", dzscwj="http://yhocn.cn:9088/t763812834_java_sharepic/DZGX...", sfkp="已开票", duizhangdanhao="DZGXDD012026042807", kpsj="2026-04-28 10:08:50", wf=4004.00, duizhangriqi="2026-04-28", ddrq="2026/04/09", rn=4, yfsj=4004.00, pdf_file_name="http://yhocn.cn:9088/t763812834_java_sharepic/GXDD...", fzr="陶海鑫", dzzt=null}
2026-05-09 16:17:15 [http-nio-9095-exec-10] INFO  c.e.demo.controller.DzdjlController - 记录 5: {khmc="江苏港星方能超声洗净科技有限公司", yifu=0.00, lxr="吴小姐", dzscwj="http://yhocn.cn:9088/t763812834_java_sharepic/DZGX...", sfkp="已开票", duizhangdanhao="DZGXDD012026042811", kpsj="2026-04-28 16:05:28", wf=10849.00, duizhangriqi="2026-04-28", ddrq="2026/04/07", rn=5, yfsj=10849.00, pdf_file_name="http://yhocn.cn:9088/t763812834_java_sharepic/GXDD...", fzr="董伟辰", dzzt=null}
2026-05-09 16:17:15 [http-nio-9095-exec-10] INFO  c.e.demo.controller.DzdjlController - 记录 6: {khmc="江苏洛银传动科技有限公司", yifu=1470.00, lxr="墨伟超", dzscwj="http://yhocn.cn:9088/t763812834_java_sharepic/DZGX...", sfkp="已开票", duizhangdanhao="DZGXDD012026042801", kpsj="2026-04-28 10:08:50", wf=0.00, duizhangriqi="2026-04-28", ddrq="2026/04/23", rn=6, yfsj=1470.00, pdf_file_name="http://yhocn.cn:9088/t763812834_java_sharepic/GXDD...", fzr="钱晓斌", dzzt=null}
2026-05-09 16:17:15 [http-nio-9095-exec-10] INFO  c.e.demo.controller.DzdjlController - 记录 7: {khmc="苏州博鲁克机器人系统工程有限公司", yifu=0.00, lxr="张兰", dzscwj="http://yhocn.cn:9088/t763812834_java_sharepic/DZGX...", sfkp="已开票", duizhangdanhao="DZGXDD012026042808", kpsj="2026-04-28 10:08:50", wf=10800.00, duizhangriqi="2026-04-28", ddrq="2026/03/19", rn=7, yfsj=10800.00, pdf_file_name="http://yhocn.cn:9088/t763812834_java_sharepic/BRC-...", fzr="陶海鑫", dzzt=null}
2026-05-09 16:17:15 [http-nio-9095-exec-10] INFO  c.e.demo.controller.DzdjlController - 记录 8: {khmc="维在德自动化科技（苏州）有限公司", yifu=10200.00, lxr="齐浩", dzscwj="http://yhocn.cn:9088/t763812834_java_sharepic/DZGX...", sfkp="已开票", duizhangdanhao="DZGXDD012026042810", kpsj="2026-04-28 15:37:29", wf=0.00, duizhangriqi="2026-04-28", ddrq="2026/04/18", rn=8, yfsj=10200.00, pdf_file_name=null, fzr="陶海鑫", dzzt=null}
2026-05-09 16:17:15 [http-nio-9095-exec-10] INFO  c.e.demo.controller.DzdjlController - 记录 9: {khmc="中设智能装备（苏州）有限公司", yifu=0.00, lxr="曹静", dzscwj="http://yhocn.cn:9088/t763812834_java_sharepic/DZGX...", sfkp="已开票", duizhangdanhao="DZGXDD012026042802", kpsj="2026-04-28 10:08:50", wf=50.00, duizhangriqi="2026-04-28", ddrq="2026/03/17", rn=9, yfsj=50.00, pdf_file_name="http://yhocn.cn:9088/t763812834_java_sharepic/GXDD...", fzr="陶海鑫", dzzt=null}
2026-05-09 16:17:15 [http-nio-9095-exec-10] INFO  c.e.demo.controller.DzdjlController - 记录 10: {khmc="中设智能装备（苏州）有限公司", yifu=0.00, lxr="曹静", dzscwj="http://yhocn.cn:9088/t763812834_java_sharepic/DZGX...", sfkp="已开票", duizhangdanhao="DZGXDD012026042803", kpsj="2026-04-28 10:08:50", wf=944.00, duizhangriqi="2026-04-28", ddrq="2026/03/19", rn=10, yfsj=944.00, pdf_file_name="http://yhocn.cn:9088/t763812834_java_sharepic/ZS20...", fzr="陶海鑫", dzzt=null}
2026-05-09 16:17:15 [http-nio-9095-exec-10] INFO  c.e.demo.controller.DzdjlController - 记录 11: {khmc="中设智能装备（苏州）有限公司", yifu=0.00, lxr="曹静", dzscwj="http://yhocn.cn:9088/t763812834_java_sharepic/DZGX...", sfkp="已开票", duizhangdanhao="DZGXDD012026042804", kpsj="2026-04-28 10:08:50", wf=317.00, duizhangriqi="2026-04-28", ddrq="2026/04/07", rn=11, yfsj=317.00, pdf_file_name="http://yhocn.cn:9088/t763812834_java_sharepic/GXDD...", fzr="陶海鑫", dzzt=null}
2026-05-09 16:17:15 [http-nio-9095-exec-10] INFO  c.e.demo.controller.DzdjlController - 记录 12: {khmc="中设智能装备（苏州）有限公司", yifu=0.00, lxr="曹静", dzscwj="http://yhocn.cn:9088/t763812834_java_sharepic/DZGX...", sfkp="已开票", duizhangdanhao="DZGXDD012026042805", kpsj="2026-04-28 10:08:50", wf=15978.00, duizhangriqi="2026-04-28", ddrq="2026/04/09", rn=12, yfsj=15978.00, pdf_file_name="http://yhocn.cn:9088/t763812834_java_sharepic/GXDD...", fzr="陶海鑫", dzzt=null}
2026-05-09 16:17:15 [http-nio-9095-exec-10] INFO  c.e.demo.controller.DzdjlController - 记录 13: {khmc="中设智能装备（苏州）有限公司", yifu=0.00, lxr="曹静", dzscwj="http://yhocn.cn:9088/t763812834_java_sharepic/DZGX...", sfkp="已开票", duizhangdanhao="DZGXDD012026042806", kpsj="2026-04-28 10:08:50", wf=3090.00, duizhangriqi="2026-04-28", ddrq="2026/04/13", rn=13, yfsj=3090.00, pdf_file_name="http://yhocn.cn:9088/t763812834_java_sharepic/GXDD...", fzr="陶海鑫", dzzt=null}
2026-05-09 16:17:15 [http-nio-9095-exec-10] INFO  c.e.demo.controller.DzdjlController - 记录 14: {khmc="江苏泰莱传动技术有限公司", yifu=0.00, lxr="周云", dzscwj="http://yhocn.cn:9088/t763812834_java_sharepic/DZGX...", sfkp="已开票", duizhangdanhao="DZGXDD012026042703", kpsj="2026-04-27 10:00:14", wf=38183.00, duizhangriqi="2026-04-27", ddrq="2026/04/20", rn=14, yfsj=38183.00, pdf_file_name="http://yhocn.cn:9088/t763812834_java_sharepic/P260...", fzr="陶海鑫", dzzt=null}
2026-05-09 16:17:15 [http-nio-9095-exec-10] INFO  c.e.demo.controller.DzdjlController - 记录 15: {khmc="江苏泰莱传动科技有限公司", yifu=0.00, lxr="周云", dzscwj="http://yhocn.cn:9088/t763812834_java_sharepic/DZGX...", sfkp="已开票", duizhangdanhao="DZGXDD012026042702", kpsj="2026-04-27 10:00:14", wf=5082.00, duizhangriqi="2026-04-27", ddrq="2026/03/20", rn=15, yfsj=5082.00, pdf_file_name="http://yhocn.cn:9088/t763812834_java_sharepic/P260...", fzr="陶海鑫", dzzt=null}
2026-05-09 16:17:15 [http-nio-9095-exec-10] INFO  c.e.demo.controller.DzdjlController - 记录 16: {khmc="苏州华恩远自动化设备有限公司", yifu=0.00, lxr="张苑", dzscwj="http://yhocn.cn:9088/t763812834_java_sharepic/DZGX...", sfkp="已开票", duizhangdanhao="DZGXDD012026042701", kpsj="2026-04-27 10:00:14", wf=40830.00, duizhangriqi="2026-04-27", ddrq="2026/04/17", rn=16, yfsj=40830.00, pdf_file_name="http://yhocn.cn:9088/t763812834_java_sharepic/GXDD...", fzr="钱晓斌", dzzt=null}
2026-05-09 16:17:15 [http-nio-9095-exec-10] INFO  c.e.demo.controller.DzdjlController - 记录 17: {khmc="霸导自动化设备（无锡）有限公司", yifu=54480.00, lxr="王俊", dzscwj="http://yhocn.cn:9088/t763812834_java_sharepic/DZGX...", sfkp="已开票", duizhangdanhao="DZGXDD012026042401", kpsj="2026-04-24 11:13:44", wf=0.00, duizhangriqi="2026-04-24", ddrq="2026/03/31", rn=17, yfsj=54480.00, pdf_file_name="http://yhocn.cn:9088/t763812834_java_sharepic/GXDD...", fzr="董伟辰", dzzt=null}
2026-05-09 16:17:15 [http-nio-9095-exec-10] INFO  c.e.demo.controller.DzdjlController - 记录 18: {khmc="德鑫隆（苏州）智能装备有限公司", yifu=0.00, lxr="王影", dzscwj="http://yhocn.cn:9088/t763812834_java_sharepic/DZGX...", sfkp="已开票", duizhangdanhao="DZGXDD012026042402", kpsj="2026-04-24 11:13:44", wf=11000.00, duizhangriqi="2026-04-24", ddrq="2026/04/09", rn=18, yfsj=11000.00, pdf_file_name="http://yhocn.cn:9088/t763812834_java_sharepic/GXDD...", fzr="董伟辰", dzzt=null}
2026-05-09 16:17:15 [http-nio-9095-exec-10] INFO  c.e.demo.controller.DzdjlController - 记录 19: {khmc="东佑达机器人（苏州）有限公司", yifu=0.00, lxr="", dzscwj="http://yhocn.cn:9088/t763812834_java_sharepic/DZGX...", sfkp="已开票", duizhangdanhao="DZGXDD012026042421", kpsj="2026-04-24 14:55:19", wf=16416.00, duizhangriqi="2026-04-24", ddrq="2026/04/21", rn=19, yfsj=16416.00, pdf_file_name="http://yhocn.cn:9088/t763812834_java_sharepic/S302...", fzr="钱晓斌", dzzt=null}
2026-05-09 16:17:15 [http-nio-9095-exec-10] INFO  c.e.demo.controller.DzdjlController - 记录 20: {khmc="丰铁机械（苏州）有限公司", yifu=0.00, lxr="徐小姐", dzscwj="http://yhocn.cn:9088/t763812834_java_sharepic/DZGX...", sfkp="已开票", duizhangdanhao="DZGXDD012026042422", kpsj="2026-04-24 14:55:19", wf=11600.00, duizhangriqi="2026-04-24", ddrq="2026/03/13", rn=20, yfsj=11600.00, pdf_file_name=null, fzr="钱晓斌", dzzt=null}
2026-05-09 16:17:20 [http-nio-9095-exec-6] INFO  c.e.demo.controller.DzdjlController - 分页信息: 第2页/共14页, 每页20条/共279条
2026-05-09 16:17:20 [http-nio-9095-exec-6] INFO  c.e.demo.controller.DzdjlController - 查询到 20 条记录:
2026-05-09 16:17:20 [http-nio-9095-exec-6] INFO  c.e.demo.controller.DzdjlController - 记录 1: {khmc="江苏大明机电装备科技有限公司", yifu=0.00, lxr="朱洪林", dzscwj="http://yhocn.cn:9088/t763812834_java_sharepic/DZGX...", sfkp="已开票", duizhangdanhao="DZGXDD012026042403", kpsj="2026-04-24 11:13:44", wf=23500.00, duizhangriqi="2026-04-24", ddrq="2026/01/22", rn=21, yfsj=23500.00, pdf_file_name="http://yhocn.cn:9088/t763812834_java_sharepic/DM20...", fzr="董伟辰", dzzt=null}
2026-05-09 16:17:20 [http-nio-9095-exec-6] INFO  c.e.demo.controller.DzdjlController - 记录 2: {khmc="江苏卓著智能装备有限公司", yifu=0.00, lxr="张亭", dzscwj="http://yhocn.cn:9088/t763812834_java_sharepic/DZGX...", sfkp="已开票", duizhangdanhao="DZGXDD012026042415", kpsj="2026-04-24 11:13:44", wf=194.00, duizhangriqi="2026-04-24", ddrq="2026/03/24", rn=22, yfsj=194.00, pdf_file_name="http://yhocn.cn:9088/t763812834_java_sharepic/GXDD...", fzr="陶海鑫", dzzt=null}
2026-05-09 16:17:20 [http-nio-9095-exec-6] INFO  c.e.demo.controller.DzdjlController - 记录 3: {khmc="昆山创宜瑞机电科技有限公司", yifu=0.00, lxr="李芳", dzscwj="http://yhocn.cn:9088/t763812834_java_sharepic/DZGX...", sfkp="已开票", duizhangdanhao="DZGXDD012026042423", kpsj="2026-04-24 14:55:19", wf=7632.00, duizhangriqi="2026-04-24", ddrq="2026/04/20", rn=23, yfsj=7632.00, pdf_file_name=null, fzr="钱晓斌", dzzt=null}
2026-05-09 16:17:20 [http-nio-9095-exec-6] INFO  c.e.demo.controller.DzdjlController - 记录 4: {khmc="昆山恒皓瑞智能装备有限公司", yifu=0.00, lxr="曹杰", dzscwj="http://yhocn.cn:9088/t763812834_java_sharepic/DZGX...", sfkp="已开票", duizhangdanhao="DZGXDD012026042406", kpsj="2026-04-24 11:13:44", wf=35376.00, duizhangriqi="2026-04-24", ddrq="2026/04/23", rn=24, yfsj=35376.00, pdf_file_name="http://yhocn.cn:9088/t763812834_java_sharepic/GXDD...", fzr="董伟辰", dzzt=null}
2026-05-09 16:17:20 [http-nio-9095-exec-6] INFO  c.e.demo.controller.DzdjlController - 记录 5: {khmc="昆山钜科斯机器人技术服务有限公司", yifu=60.00, lxr="王小艳", dzscwj="http://yhocn.cn:9088/t763812834_java_sharepic/DZGX...", sfkp="已开票", duizhangdanhao="DZGXDD012026042424", kpsj="2026-04-24 14:55:19", wf=0.00, duizhangriqi="2026-04-24", ddrq="2026/03/25", rn=25, yfsj=60.00, pdf_file_name="http://yhocn.cn:9088/t763812834_java_sharepic/GXDD...", fzr="钱晓斌", dzzt=null}
2026-05-09 16:17:20 [http-nio-9095-exec-6] INFO  c.e.demo.controller.DzdjlController - 记录 6: {khmc="昆山乐森迪自动化设备有限公司", yifu=13100.00, lxr="朱锦生", dzscwj="http://yhocn.cn:9088/t763812834_java_sharepic/DZGX...", sfkp="已开票", duizhangdanhao="DZGXDD012026042407", kpsj="2026-04-24 11:13:44", wf=0.00, duizhangriqi="2026-04-24", ddrq="2026/04/03", rn=26, yfsj=13100.00, pdf_file_name="http://yhocn.cn:9088/t763812834_java_sharepic/GXDD...", fzr="董伟辰", dzzt=null}
2026-05-09 16:17:20 [http-nio-9095-exec-6] INFO  c.e.demo.controller.DzdjlController - 记录 7: {khmc="昆山市旭腾自动化科技有限公司", yifu=777.00, lxr="殷小姐", dzscwj="http://yhocn.cn:9088/t763812834_java_sharepic/DZGX...", sfkp="已开票", duizhangdanhao="DZGXDD012026042416", kpsj="2026-04-24 11:13:44", wf=0.00, duizhangriqi="2026-04-24", ddrq="2026/04/13", rn=27, yfsj=777.00, pdf_file_name="http://yhocn.cn:9088/t763812834_java_sharepic/GXDD...", fzr="陶海鑫", dzzt=null}
2026-05-09 16:17:20 [http-nio-9095-exec-6] INFO  c.e.demo.controller.DzdjlController - 记录 8: {khmc="昆山顺之晟精密机械有限公司", yifu=0.00, lxr="肖总", dzscwj="http://yhocn.cn:9088/t763812834_java_sharepic/DZGX...", sfkp="已开票", duizhangdanhao="DZGXDD012026042408", kpsj="2026-04-24 11:13:44", wf=30188.00, duizhangriqi="2026-04-24", ddrq="2026/04/13", rn=28, yfsj=30188.00, pdf_file_name="http://yhocn.cn:9088/t763812834_java_sharepic/GXDD...", fzr="董伟辰", dzzt=null}
2026-05-09 16:17:20 [http-nio-9095-exec-6] INFO  c.e.demo.controller.DzdjlController - 记录 9: {khmc="昆山欣合通精密机械科技有限公司", yifu=0.00, lxr="朱燕", dzscwj="http://yhocn.cn:9088/t763812834_java_sharepic/DZGX...", sfkp="已开票", duizhangdanhao="DZGXDD012026042420", kpsj="2026-04-27 09:45:37", wf=63313.00, duizhangriqi="2026-04-24", ddrq="2026/04/22", rn=29, yfsj=63313.00, pdf_file_name="http://yhocn.cn:9088/t763812834_java_sharepic/WLCG...", fzr="雷媛", dzzt=null}
2026-05-09 16:17:20 [http-nio-9095-exec-6] INFO  c.e.demo.controller.DzdjlController - 记录 10: {khmc="昆山卓勇工业设备有限公司", yifu=0.00, lxr="胡乾", dzscwj="http://yhocn.cn:9088/t763812834_java_sharepic/DZGX...", sfkp="已开票", duizhangdanhao="DZGXDD012026042409", kpsj="2026-04-24 11:13:44", wf=189.00, duizhangriqi="2026-04-24", ddrq="2026/03/23", rn=30, yfsj=189.00, pdf_file_name="http://yhocn.cn:9088/t763812834_java_sharepic/PO26...", fzr="董伟辰", dzzt=null}
2026-05-09 16:17:20 [http-nio-9095-exec-6] INFO  c.e.demo.controller.DzdjlController - 记录 11: {khmc="南通市懋略科技有限公司", yifu=0.00, lxr="王天督", dzscwj="http://yhocn.cn:9088/t763812834_java_sharepic/DZGX...", sfkp="已开票", duizhangdanhao="DZGXDD012026042410", kpsj="2026-04-24 11:13:44", wf=640.00, duizhangriqi="2026-04-24", ddrq="2026/03/31", rn=31, yfsj=640.00, pdf_file_name="http://yhocn.cn:9088/t763812834_java_sharepic/ntml...", fzr="董伟辰", dzzt=null}
2026-05-09 16:17:20 [http-nio-9095-exec-6] INFO  c.e.demo.controller.DzdjlController - 记录 12: {khmc="青岛铭青机电有限公司", yifu=0.00, lxr="陶梦婷", dzscwj=null, sfkp="已开票", duizhangdanhao="DZGXDD012026042431", kpsj="2026-04-24 15:04:07", wf=28228.00, duizhangriqi="2026-04-24", ddrq="2026/04/21", rn=32, yfsj=28228.00, pdf_file_name="http://yhocn.cn:9088/t763812834_java_sharepic/GXDD...", fzr="钱晓斌", dzzt=null}
2026-05-09 16:17:20 [http-nio-9095-exec-6] INFO  c.e.demo.controller.DzdjlController - 记录 13: {khmc="三协机床（昆山）有限公司", yifu=0.00, lxr="杭凌", dzscwj="http://yhocn.cn:9088/t763812834_java_sharepic/DZGX...", sfkp="已开票", duizhangdanhao="DZGXDD012026042411", kpsj="2026-04-24 11:13:44", wf=8960.00, duizhangriqi="2026-04-24", ddrq="2026/04/02", rn=33, yfsj=8960.00, pdf_file_name=null, fzr="董伟辰", dzzt=null}
2026-05-09 16:17:20 [http-nio-9095-exec-6] INFO  c.e.demo.controller.DzdjlController - 记录 14: {khmc="沈阳易联真空设备有限公司", yifu=251.00, lxr="李媛", dzscwj="http://yhocn.cn:9088/t763812834_java_sharepic/DZGX...", sfkp="已开票", duizhangdanhao="DZGXDD012026042428", kpsj="2026-04-24 14:55:19", wf=0.00, duizhangriqi="2026-04-24", ddrq="2026/03/26", rn=34, yfsj=251.00, pdf_file_name="http://yhocn.cn:9088/t763812834_java_sharepic/GXDD...", fzr="钱晓斌", dzzt=null}
2026-05-09 16:17:20 [http-nio-9095-exec-6] INFO  c.e.demo.controller.DzdjlController - 记录 15: {khmc="四川长征机床集团有限公司", yifu=1350.00, lxr="周思慧", dzscwj="http://yhocn.cn:9088/t763812834_java_sharepic/DZGX...", sfkp="已开票", duizhangdanhao="DZGXDD012026042417", kpsj="2026-04-24 11:13:44", wf=0.00, duizhangriqi="2026-04-24", ddrq="2026/03/20", rn=35, yfsj=1350.00, pdf_file_name=null, fzr="陶海鑫", dzzt=null}
2026-05-09 16:17:20 [http-nio-9095-exec-6] INFO  c.e.demo.controller.DzdjlController - 记录 16: {khmc="苏州铭青机电有限公司", yifu=0.00, lxr="陶梦婷", dzscwj="http://yhocn.cn:9088/t763812834_java_sharepic/DZGX...", sfkp="已开票", duizhangdanhao="DZGXDD012026042432", kpsj="2026-04-24 15:04:07", wf=51.00, duizhangriqi="2026-04-24", ddrq="2026/03/24", rn=36, yfsj=51.00, pdf_file_name="http://yhocn.cn:9088/t763812834_java_sharepic/GXDD...", fzr="钱晓斌", dzzt=null}
2026-05-09 16:17:20 [http-nio-9095-exec-6] INFO  c.e.demo.controller.DzdjlController - 记录 17: {khmc="苏州铭腾精密科技有限公司", yifu=0.00, lxr="蔡春永", dzscwj="http://yhocn.cn:9088/t763812834_java_sharepic/DZGX...", sfkp="已开票", duizhangdanhao="DZGXDD012026042426", kpsj="2026-04-24 14:55:19", wf=9776.00, duizhangriqi="2026-04-24", ddrq="2026/04/09", rn=37, yfsj=9776.00, pdf_file_name=null, fzr="钱晓斌", dzzt=null}
2026-05-09 16:17:20 [http-nio-9095-exec-6] INFO  c.e.demo.controller.DzdjlController - 记录 18: {khmc="苏州乔沃自动化科技有限公司", yifu=0.00, lxr="张忠城", dzscwj="http://yhocn.cn:9088/t763812834_java_sharepic/DZGX...", sfkp="已开票", duizhangdanhao="DZGXDD012026042427", kpsj="2026-04-24 14:55:19", wf=2456.00, duizhangriqi="2026-04-24", ddrq="2026/04/10", rn=38, yfsj=2456.00, pdf_file_name="http://yhocn.cn:9088/t763812834_java_sharepic/GXDD...", fzr="钱晓斌", dzzt=null}
2026-05-09 16:17:20 [http-nio-9095-exec-6] INFO  c.e.demo.controller.DzdjlController - 记录 19: {khmc="苏州松本智能科技有限公司", yifu=0.00, lxr="王总", dzscwj="http://yhocn.cn:9088/t763812834_java_sharepic/DZGX...", sfkp="已开票", duizhangdanhao="DZGXDD012026042412", kpsj="2026-04-24 11:13:44", wf=913.00, duizhangriqi="2026-04-24", ddrq="2026/04/07", rn=39, yfsj=913.00, pdf_file_name="http://yhocn.cn:9088/t763812834_java_sharepic/GXDD...", fzr="董伟辰", dzzt=null}
2026-05-09 16:17:20 [http-nio-9095-exec-6] INFO  c.e.demo.controller.DzdjlController - 记录 20: {khmc="苏州旺源洪精密机械有限公司", yifu=414.00, lxr="顾洪杰", dzscwj="http://yhocn.cn:9088/t763812834_java_sharepic/DZGX...", sfkp="已开票", duizhangdanhao="DZGXDD012026042425", kpsj="2026-04-24 14:55:19", wf=0.00, duizhangriqi="2026-04-24", ddrq="2026/04/13", rn=40, yfsj=414.00, pdf_file_name=null, fzr="钱晓斌", dzzt=null}
2026-05-09 16:17:49 [http-nio-9095-exec-3] INFO  c.e.demo.controller.DzdjlController - 分页信息: 第1页/共14页, 每页20条/共279条
2026-05-09 16:17:49 [http-nio-9095-exec-3] INFO  c.e.demo.controller.DzdjlController - 查询到 20 条记录:
2026-05-09 16:17:49 [http-nio-9095-exec-3] INFO  c.e.demo.controller.DzdjlController - 记录 1: {khmc="湖南南方机床有限公司", yifu=0.00, lxr="裴孝顺", dzscwj="http://yhocn.cn:9088/t763812834_java_sharepic/DZGX...", sfkp="已开票", duizhangdanhao="DZGXDD012026050701", kpsj="2026-05-07 17:20:14", wf=142282.00, duizhangriqi="2026-05-07", ddrq="2026/04/16", rn=1, yfsj=142282.00, pdf_file_name="http://yhocn.cn:9088/t763812834_java_sharepic/SRMD...", fzr="钱晓斌", dzzt=null}
2026-05-09 16:17:49 [http-nio-9095-exec-3] INFO  c.e.demo.controller.DzdjlController - 记录 2: {khmc="昆山润志科自动化设备有限公司", yifu=0.00, lxr="沈总", dzscwj="http://yhocn.cn:9088/t763812834_java_sharepic/DZGX...", sfkp="已开票", duizhangdanhao="DZGXDD012026043001", kpsj="2026-04-30 08:57:56", wf=26169.00, duizhangriqi="2026-04-30", ddrq="2026/04/16", rn=2, yfsj=26169.00, pdf_file_name=null, fzr="崔玉泽", dzzt=null}
2026-05-09 16:17:49 [http-nio-9095-exec-3] INFO  c.e.demo.controller.DzdjlController - 记录 3: {khmc="昆山埃森自动化技术有限公司", yifu=362.00, lxr="王跃金", dzscwj="http://yhocn.cn:9088/t763812834_java_sharepic/DZGX...", sfkp="已开票", duizhangdanhao="DZGXDD012026042901", kpsj="2026-04-29 14:56:38", wf=0.00, duizhangriqi="2026-04-29", ddrq="2026/04/22", rn=3, yfsj=362.00, pdf_file_name="http://yhocn.cn:9088/t763812834_java_sharepic/GXDD...", fzr="崔玉泽", dzzt=null}
2026-05-09 16:17:49 [http-nio-9095-exec-3] INFO  c.e.demo.controller.DzdjlController - 记录 4: {khmc="奥茵绅智能装备（苏州）有限公司", yifu=0.00, lxr="吕汉东", dzscwj="http://yhocn.cn:9088/t763812834_java_sharepic/DZGX...", sfkp="已开票", duizhangdanhao="DZGXDD012026042807", kpsj="2026-04-28 10:08:50", wf=4004.00, duizhangriqi="2026-04-28", ddrq="2026/04/09", rn=4, yfsj=4004.00, pdf_file_name="http://yhocn.cn:9088/t763812834_java_sharepic/GXDD...", fzr="陶海鑫", dzzt=null}
2026-05-09 16:17:49 [http-nio-9095-exec-3] INFO  c.e.demo.controller.DzdjlController - 记录 5: {khmc="江苏港星方能超声洗净科技有限公司", yifu=0.00, lxr="吴小姐", dzscwj="http://yhocn.cn:9088/t763812834_java_sharepic/DZGX...", sfkp="已开票", duizhangdanhao="DZGXDD012026042811", kpsj="2026-04-28 16:05:28", wf=10849.00, duizhangriqi="2026-04-28", ddrq="2026/04/07", rn=5, yfsj=10849.00, pdf_file_name="http://yhocn.cn:9088/t763812834_java_sharepic/GXDD...", fzr="董伟辰", dzzt=null}
2026-05-09 16:17:49 [http-nio-9095-exec-3] INFO  c.e.demo.controller.DzdjlController - 记录 6: {khmc="江苏洛银传动科技有限公司", yifu=1470.00, lxr="墨伟超", dzscwj="http://yhocn.cn:9088/t763812834_java_sharepic/DZGX...", sfkp="已开票", duizhangdanhao="DZGXDD012026042801", kpsj="2026-04-28 10:08:50", wf=0.00, duizhangriqi="2026-04-28", ddrq="2026/04/23", rn=6, yfsj=1470.00, pdf_file_name="http://yhocn.cn:9088/t763812834_java_sharepic/GXDD...", fzr="钱晓斌", dzzt=null}
2026-05-09 16:17:49 [http-nio-9095-exec-3] INFO  c.e.demo.controller.DzdjlController - 记录 7: {khmc="苏州博鲁克机器人系统工程有限公司", yifu=0.00, lxr="张兰", dzscwj="http://yhocn.cn:9088/t763812834_java_sharepic/DZGX...", sfkp="已开票", duizhangdanhao="DZGXDD012026042808", kpsj="2026-04-28 10:08:50", wf=10800.00, duizhangriqi="2026-04-28", ddrq="2026/03/19", rn=7, yfsj=10800.00, pdf_file_name="http://yhocn.cn:9088/t763812834_java_sharepic/BRC-...", fzr="陶海鑫", dzzt=null}
2026-05-09 16:17:49 [http-nio-9095-exec-3] INFO  c.e.demo.controller.DzdjlController - 记录 8: {khmc="维在德自动化科技（苏州）有限公司", yifu=10200.00, lxr="齐浩", dzscwj="http://yhocn.cn:9088/t763812834_java_sharepic/DZGX...", sfkp="已开票", duizhangdanhao="DZGXDD012026042810", kpsj="2026-04-28 15:37:29", wf=0.00, duizhangriqi="2026-04-28", ddrq="2026/04/18", rn=8, yfsj=10200.00, pdf_file_name=null, fzr="陶海鑫", dzzt=null}
2026-05-09 16:17:49 [http-nio-9095-exec-3] INFO  c.e.demo.controller.DzdjlController - 记录 9: {khmc="中设智能装备（苏州）有限公司", yifu=0.00, lxr="曹静", dzscwj="http://yhocn.cn:9088/t763812834_java_sharepic/DZGX...", sfkp="已开票", duizhangdanhao="DZGXDD012026042802", kpsj="2026-04-28 10:08:50", wf=50.00, duizhangriqi="2026-04-28", ddrq="2026/03/17", rn=9, yfsj=50.00, pdf_file_name="http://yhocn.cn:9088/t763812834_java_sharepic/GXDD...", fzr="陶海鑫", dzzt=null}
2026-05-09 16:17:49 [http-nio-9095-exec-3] INFO  c.e.demo.controller.DzdjlController - 记录 10: {khmc="中设智能装备（苏州）有限公司", yifu=0.00, lxr="曹静", dzscwj="http://yhocn.cn:9088/t763812834_java_sharepic/DZGX...", sfkp="已开票", duizhangdanhao="DZGXDD012026042803", kpsj="2026-04-28 10:08:50", wf=944.00, duizhangriqi="2026-04-28", ddrq="2026/03/19", rn=10, yfsj=944.00, pdf_file_name="http://yhocn.cn:9088/t763812834_java_sharepic/ZS20...", fzr="陶海鑫", dzzt=null}
2026-05-09 16:17:49 [http-nio-9095-exec-3] INFO  c.e.demo.controller.DzdjlController - 记录 11: {khmc="中设智能装备（苏州）有限公司", yifu=0.00, lxr="曹静", dzscwj="http://yhocn.cn:9088/t763812834_java_sharepic/DZGX...", sfkp="已开票", duizhangdanhao="DZGXDD012026042804", kpsj="2026-04-28 10:08:50", wf=317.00, duizhangriqi="2026-04-28", ddrq="2026/04/07", rn=11, yfsj=317.00, pdf_file_name="http://yhocn.cn:9088/t763812834_java_sharepic/GXDD...", fzr="陶海鑫", dzzt=null}
2026-05-09 16:17:49 [http-nio-9095-exec-3] INFO  c.e.demo.controller.DzdjlController - 记录 12: {khmc="中设智能装备（苏州）有限公司", yifu=0.00, lxr="曹静", dzscwj="http://yhocn.cn:9088/t763812834_java_sharepic/DZGX...", sfkp="已开票", duizhangdanhao="DZGXDD012026042805", kpsj="2026-04-28 10:08:50", wf=15978.00, duizhangriqi="2026-04-28", ddrq="2026/04/09", rn=12, yfsj=15978.00, pdf_file_name="http://yhocn.cn:9088/t763812834_java_sharepic/GXDD...", fzr="陶海鑫", dzzt=null}
2026-05-09 16:17:49 [http-nio-9095-exec-3] INFO  c.e.demo.controller.DzdjlController - 记录 13: {khmc="中设智能装备（苏州）有限公司", yifu=0.00, lxr="曹静", dzscwj="http://yhocn.cn:9088/t763812834_java_sharepic/DZGX...", sfkp="已开票", duizhangdanhao="DZGXDD012026042806", kpsj="2026-04-28 10:08:50", wf=3090.00, duizhangriqi="2026-04-28", ddrq="2026/04/13", rn=13, yfsj=3090.00, pdf_file_name="http://yhocn.cn:9088/t763812834_java_sharepic/GXDD...", fzr="陶海鑫", dzzt=null}
2026-05-09 16:17:49 [http-nio-9095-exec-3] INFO  c.e.demo.controller.DzdjlController - 记录 14: {khmc="江苏泰莱传动技术有限公司", yifu=0.00, lxr="周云", dzscwj="http://yhocn.cn:9088/t763812834_java_sharepic/DZGX...", sfkp="已开票", duizhangdanhao="DZGXDD012026042703", kpsj="2026-04-27 10:00:14", wf=38183.00, duizhangriqi="2026-04-27", ddrq="2026/04/20", rn=14, yfsj=38183.00, pdf_file_name="http://yhocn.cn:9088/t763812834_java_sharepic/P260...", fzr="陶海鑫", dzzt=null}
2026-05-09 16:17:49 [http-nio-9095-exec-3] INFO  c.e.demo.controller.DzdjlController - 记录 15: {khmc="江苏泰莱传动科技有限公司", yifu=0.00, lxr="周云", dzscwj="http://yhocn.cn:9088/t763812834_java_sharepic/DZGX...", sfkp="已开票", duizhangdanhao="DZGXDD012026042702", kpsj="2026-04-27 10:00:14", wf=5082.00, duizhangriqi="2026-04-27", ddrq="2026/03/20", rn=15, yfsj=5082.00, pdf_file_name="http://yhocn.cn:9088/t763812834_java_sharepic/P260...", fzr="陶海鑫", dzzt=null}
2026-05-09 16:17:49 [http-nio-9095-exec-3] INFO  c.e.demo.controller.DzdjlController - 记录 16: {khmc="苏州华恩远自动化设备有限公司", yifu=0.00, lxr="张苑", dzscwj="http://yhocn.cn:9088/t763812834_java_sharepic/DZGX...", sfkp="已开票", duizhangdanhao="DZGXDD012026042701", kpsj="2026-04-27 10:00:14", wf=40830.00, duizhangriqi="2026-04-27", ddrq="2026/04/17", rn=16, yfsj=40830.00, pdf_file_name="http://yhocn.cn:9088/t763812834_java_sharepic/GXDD...", fzr="钱晓斌", dzzt=null}
2026-05-09 16:17:49 [http-nio-9095-exec-3] INFO  c.e.demo.controller.DzdjlController - 记录 17: {khmc="霸导自动化设备（无锡）有限公司", yifu=54480.00, lxr="王俊", dzscwj="http://yhocn.cn:9088/t763812834_java_sharepic/DZGX...", sfkp="已开票", duizhangdanhao="DZGXDD012026042401", kpsj="2026-04-24 11:13:44", wf=0.00, duizhangriqi="2026-04-24", ddrq="2026/03/31", rn=17, yfsj=54480.00, pdf_file_name="http://yhocn.cn:9088/t763812834_java_sharepic/GXDD...", fzr="董伟辰", dzzt=null}
2026-05-09 16:17:49 [http-nio-9095-exec-3] INFO  c.e.demo.controller.DzdjlController - 记录 18: {khmc="德鑫隆（苏州）智能装备有限公司", yifu=0.00, lxr="王影", dzscwj="http://yhocn.cn:9088/t763812834_java_sharepic/DZGX...", sfkp="已开票", duizhangdanhao="DZGXDD012026042402", kpsj="2026-04-24 11:13:44", wf=11000.00, duizhangriqi="2026-04-24", ddrq="2026/04/09", rn=18, yfsj=11000.00, pdf_file_name="http://yhocn.cn:9088/t763812834_java_sharepic/GXDD...", fzr="董伟辰", dzzt=null}
2026-05-09 16:17:49 [http-nio-9095-exec-3] INFO  c.e.demo.controller.DzdjlController - 记录 19: {khmc="东佑达机器人（苏州）有限公司", yifu=0.00, lxr="", dzscwj="http://yhocn.cn:9088/t763812834_java_sharepic/DZGX...", sfkp="已开票", duizhangdanhao="DZGXDD012026042421", kpsj="2026-04-24 14:55:19", wf=16416.00, duizhangriqi="2026-04-24", ddrq="2026/04/21", rn=19, yfsj=16416.00, pdf_file_name="http://yhocn.cn:9088/t763812834_java_sharepic/S302...", fzr="钱晓斌", dzzt=null}
2026-05-09 16:17:49 [http-nio-9095-exec-3] INFO  c.e.demo.controller.DzdjlController - 记录 20: {khmc="丰铁机械（苏州）有限公司", yifu=0.00, lxr="徐小姐", dzscwj="http://yhocn.cn:9088/t763812834_java_sharepic/DZGX...", sfkp="已开票", duizhangdanhao="DZGXDD012026042422", kpsj="2026-04-24 14:55:19", wf=11600.00, duizhangriqi="2026-04-24", ddrq="2026/03/13", rn=20, yfsj=11600.00, pdf_file_name=null, fzr="钱晓斌", dzzt=null}
2026-05-09 16:18:00 [http-nio-9095-exec-2] INFO  c.e.demo.controller.DzdjlController - 分页信息: 第2页/共14页, 每页20条/共279条
2026-05-09 16:18:00 [http-nio-9095-exec-2] INFO  c.e.demo.controller.DzdjlController - 查询到 20 条记录:
2026-05-09 16:18:00 [http-nio-9095-exec-2] INFO  c.e.demo.controller.DzdjlController - 记录 1: {khmc="江苏大明机电装备科技有限公司", yifu=0.00, lxr="朱洪林", dzscwj="http://yhocn.cn:9088/t763812834_java_sharepic/DZGX...", sfkp="已开票", duizhangdanhao="DZGXDD012026042403", kpsj="2026-04-24 11:13:44", wf=23500.00, duizhangriqi="2026-04-24", ddrq="2026/01/22", rn=21, yfsj=23500.00, pdf_file_name="http://yhocn.cn:9088/t763812834_java_sharepic/DM20...", fzr="董伟辰", dzzt=null}
2026-05-09 16:18:00 [http-nio-9095-exec-2] INFO  c.e.demo.controller.DzdjlController - 记录 2: {khmc="江苏卓著智能装备有限公司", yifu=0.00, lxr="张亭", dzscwj="http://yhocn.cn:9088/t763812834_java_sharepic/DZGX...", sfkp="已开票", duizhangdanhao="DZGXDD012026042415", kpsj="2026-04-24 11:13:44", wf=194.00, duizhangriqi="2026-04-24", ddrq="2026/03/24", rn=22, yfsj=194.00, pdf_file_name="http://yhocn.cn:9088/t763812834_java_sharepic/GXDD...", fzr="陶海鑫", dzzt=null}
2026-05-09 16:18:00 [http-nio-9095-exec-2] INFO  c.e.demo.controller.DzdjlController - 记录 3: {khmc="昆山创宜瑞机电科技有限公司", yifu=0.00, lxr="李芳", dzscwj="http://yhocn.cn:9088/t763812834_java_sharepic/DZGX...", sfkp="已开票", duizhangdanhao="DZGXDD012026042423", kpsj="2026-04-24 14:55:19", wf=7632.00, duizhangriqi="2026-04-24", ddrq="2026/04/20", rn=23, yfsj=7632.00, pdf_file_name=null, fzr="钱晓斌", dzzt=null}
2026-05-09 16:18:00 [http-nio-9095-exec-2] INFO  c.e.demo.controller.DzdjlController - 记录 4: {khmc="昆山恒皓瑞智能装备有限公司", yifu=0.00, lxr="曹杰", dzscwj="http://yhocn.cn:9088/t763812834_java_sharepic/DZGX...", sfkp="已开票", duizhangdanhao="DZGXDD012026042406", kpsj="2026-04-24 11:13:44", wf=35376.00, duizhangriqi="2026-04-24", ddrq="2026/04/23", rn=24, yfsj=35376.00, pdf_file_name="http://yhocn.cn:9088/t763812834_java_sharepic/GXDD...", fzr="董伟辰", dzzt=null}
2026-05-09 16:18:00 [http-nio-9095-exec-2] INFO  c.e.demo.controller.DzdjlController - 记录 5: {khmc="昆山钜科斯机器人技术服务有限公司", yifu=60.00, lxr="王小艳", dzscwj="http://yhocn.cn:9088/t763812834_java_sharepic/DZGX...", sfkp="已开票", duizhangdanhao="DZGXDD012026042424", kpsj="2026-04-24 14:55:19", wf=0.00, duizhangriqi="2026-04-24", ddrq="2026/03/25", rn=25, yfsj=60.00, pdf_file_name="http://yhocn.cn:9088/t763812834_java_sharepic/GXDD...", fzr="钱晓斌", dzzt=null}
2026-05-09 16:18:00 [http-nio-9095-exec-2] INFO  c.e.demo.controller.DzdjlController - 记录 6: {khmc="昆山乐森迪自动化设备有限公司", yifu=13100.00, lxr="朱锦生", dzscwj="http://yhocn.cn:9088/t763812834_java_sharepic/DZGX...", sfkp="已开票", duizhangdanhao="DZGXDD012026042407", kpsj="2026-04-24 11:13:44", wf=0.00, duizhangriqi="2026-04-24", ddrq="2026/04/03", rn=26, yfsj=13100.00, pdf_file_name="http://yhocn.cn:9088/t763812834_java_sharepic/GXDD...", fzr="董伟辰", dzzt=null}
2026-05-09 16:18:00 [http-nio-9095-exec-2] INFO  c.e.demo.controller.DzdjlController - 记录 7: {khmc="昆山市旭腾自动化科技有限公司", yifu=777.00, lxr="殷小姐", dzscwj="http://yhocn.cn:9088/t763812834_java_sharepic/DZGX...", sfkp="已开票", duizhangdanhao="DZGXDD012026042416", kpsj="2026-04-24 11:13:44", wf=0.00, duizhangriqi="2026-04-24", ddrq="2026/04/13", rn=27, yfsj=777.00, pdf_file_name="http://yhocn.cn:9088/t763812834_java_sharepic/GXDD...", fzr="陶海鑫", dzzt=null}
2026-05-09 16:18:00 [http-nio-9095-exec-2] INFO  c.e.demo.controller.DzdjlController - 记录 8: {khmc="昆山顺之晟精密机械有限公司", yifu=0.00, lxr="肖总", dzscwj="http://yhocn.cn:9088/t763812834_java_sharepic/DZGX...", sfkp="已开票", duizhangdanhao="DZGXDD012026042408", kpsj="2026-04-24 11:13:44", wf=30188.00, duizhangriqi="2026-04-24", ddrq="2026/04/13", rn=28, yfsj=30188.00, pdf_file_name="http://yhocn.cn:9088/t763812834_java_sharepic/GXDD...", fzr="董伟辰", dzzt=null}
2026-05-09 16:18:00 [http-nio-9095-exec-2] INFO  c.e.demo.controller.DzdjlController - 记录 9: {khmc="昆山欣合通精密机械科技有限公司", yifu=0.00, lxr="朱燕", dzscwj="http://yhocn.cn:9088/t763812834_java_sharepic/DZGX...", sfkp="已开票", duizhangdanhao="DZGXDD012026042420", kpsj="2026-04-27 09:45:37", wf=63313.00, duizhangriqi="2026-04-24", ddrq="2026/04/22", rn=29, yfsj=63313.00, pdf_file_name="http://yhocn.cn:9088/t763812834_java_sharepic/WLCG...", fzr="雷媛", dzzt=null}
2026-05-09 16:18:00 [http-nio-9095-exec-2] INFO  c.e.demo.controller.DzdjlController - 记录 10: {khmc="昆山卓勇工业设备有限公司", yifu=0.00, lxr="胡乾", dzscwj="http://yhocn.cn:9088/t763812834_java_sharepic/DZGX...", sfkp="已开票", duizhangdanhao="DZGXDD012026042409", kpsj="2026-04-24 11:13:44", wf=189.00, duizhangriqi="2026-04-24", ddrq="2026/03/23", rn=30, yfsj=189.00, pdf_file_name="http://yhocn.cn:9088/t763812834_java_sharepic/PO26...", fzr="董伟辰", dzzt=null}
2026-05-09 16:18:00 [http-nio-9095-exec-2] INFO  c.e.demo.controller.DzdjlController - 记录 11: {khmc="南通市懋略科技有限公司", yifu=0.00, lxr="王天督", dzscwj="http://yhocn.cn:9088/t763812834_java_sharepic/DZGX...", sfkp="已开票", duizhangdanhao="DZGXDD012026042410", kpsj="2026-04-24 11:13:44", wf=640.00, duizhangriqi="2026-04-24", ddrq="2026/03/31", rn=31, yfsj=640.00, pdf_file_name="http://yhocn.cn:9088/t763812834_java_sharepic/ntml...", fzr="董伟辰", dzzt=null}
2026-05-09 16:18:00 [http-nio-9095-exec-2] INFO  c.e.demo.controller.DzdjlController - 记录 12: {khmc="青岛铭青机电有限公司", yifu=0.00, lxr="陶梦婷", dzscwj=null, sfkp="已开票", duizhangdanhao="DZGXDD012026042431", kpsj="2026-04-24 15:04:07", wf=28228.00, duizhangriqi="2026-04-24", ddrq="2026/04/21", rn=32, yfsj=28228.00, pdf_file_name="http://yhocn.cn:9088/t763812834_java_sharepic/GXDD...", fzr="钱晓斌", dzzt=null}
2026-05-09 16:18:00 [http-nio-9095-exec-2] INFO  c.e.demo.controller.DzdjlController - 记录 13: {khmc="三协机床（昆山）有限公司", yifu=0.00, lxr="杭凌", dzscwj="http://yhocn.cn:9088/t763812834_java_sharepic/DZGX...", sfkp="已开票", duizhangdanhao="DZGXDD012026042411", kpsj="2026-04-24 11:13:44", wf=8960.00, duizhangriqi="2026-04-24", ddrq="2026/04/02", rn=33, yfsj=8960.00, pdf_file_name=null, fzr="董伟辰", dzzt=null}
2026-05-09 16:18:00 [http-nio-9095-exec-2] INFO  c.e.demo.controller.DzdjlController - 记录 14: {khmc="沈阳易联真空设备有限公司", yifu=251.00, lxr="李媛", dzscwj="http://yhocn.cn:9088/t763812834_java_sharepic/DZGX...", sfkp="已开票", duizhangdanhao="DZGXDD012026042428", kpsj="2026-04-24 14:55:19", wf=0.00, duizhangriqi="2026-04-24", ddrq="2026/03/26", rn=34, yfsj=251.00, pdf_file_name="http://yhocn.cn:9088/t763812834_java_sharepic/GXDD...", fzr="钱晓斌", dzzt=null}
2026-05-09 16:18:00 [http-nio-9095-exec-2] INFO  c.e.demo.controller.DzdjlController - 记录 15: {khmc="四川长征机床集团有限公司", yifu=1350.00, lxr="周思慧", dzscwj="http://yhocn.cn:9088/t763812834_java_sharepic/DZGX...", sfkp="已开票", duizhangdanhao="DZGXDD012026042417", kpsj="2026-04-24 11:13:44", wf=0.00, duizhangriqi="2026-04-24", ddrq="2026/03/20", rn=35, yfsj=1350.00, pdf_file_name=null, fzr="陶海鑫", dzzt=null}
2026-05-09 16:18:00 [http-nio-9095-exec-2] INFO  c.e.demo.controller.DzdjlController - 记录 16: {khmc="苏州铭青机电有限公司", yifu=0.00, lxr="陶梦婷", dzscwj="http://yhocn.cn:9088/t763812834_java_sharepic/DZGX...", sfkp="已开票", duizhangdanhao="DZGXDD012026042432", kpsj="2026-04-24 15:04:07", wf=51.00, duizhangriqi="2026-04-24", ddrq="2026/03/24", rn=36, yfsj=51.00, pdf_file_name="http://yhocn.cn:9088/t763812834_java_sharepic/GXDD...", fzr="钱晓斌", dzzt=null}
2026-05-09 16:18:00 [http-nio-9095-exec-2] INFO  c.e.demo.controller.DzdjlController - 记录 17: {khmc="苏州铭腾精密科技有限公司", yifu=0.00, lxr="蔡春永", dzscwj="http://yhocn.cn:9088/t763812834_java_sharepic/DZGX...", sfkp="已开票", duizhangdanhao="DZGXDD012026042426", kpsj="2026-04-24 14:55:19", wf=9776.00, duizhangriqi="2026-04-24", ddrq="2026/04/09", rn=37, yfsj=9776.00, pdf_file_name=null, fzr="钱晓斌", dzzt=null}
2026-05-09 16:18:00 [http-nio-9095-exec-2] INFO  c.e.demo.controller.DzdjlController - 记录 18: {khmc="苏州乔沃自动化科技有限公司", yifu=0.00, lxr="张忠城", dzscwj="http://yhocn.cn:9088/t763812834_java_sharepic/DZGX...", sfkp="已开票", duizhangdanhao="DZGXDD012026042427", kpsj="2026-04-24 14:55:19", wf=2456.00, duizhangriqi="2026-04-24", ddrq="2026/04/10", rn=38, yfsj=2456.00, pdf_file_name="http://yhocn.cn:9088/t763812834_java_sharepic/GXDD...", fzr="钱晓斌", dzzt=null}
2026-05-09 16:18:00 [http-nio-9095-exec-2] INFO  c.e.demo.controller.DzdjlController - 记录 19: {khmc="苏州松本智能科技有限公司", yifu=0.00, lxr="王总", dzscwj="http://yhocn.cn:9088/t763812834_java_sharepic/DZGX...", sfkp="已开票", duizhangdanhao="DZGXDD012026042412", kpsj="2026-04-24 11:13:44", wf=913.00, duizhangriqi="2026-04-24", ddrq="2026/04/07", rn=39, yfsj=913.00, pdf_file_name="http://yhocn.cn:9088/t763812834_java_sharepic/GXDD...", fzr="董伟辰", dzzt=null}
2026-05-09 16:18:00 [http-nio-9095-exec-2] INFO  c.e.demo.controller.DzdjlController - 记录 20: {khmc="苏州旺源洪精密机械有限公司", yifu=414.00, lxr="顾洪杰", dzscwj="http://yhocn.cn:9088/t763812834_java_sharepic/DZGX...", sfkp="已开票", duizhangdanhao="DZGXDD012026042425", kpsj="2026-04-24 14:55:19", wf=0.00, duizhangriqi="2026-04-24", ddrq="2026/04/13", rn=40, yfsj=414.00, pdf_file_name=null, fzr="钱晓斌", dzzt=null}
2026-05-09 16:19:24 [http-nio-9095-exec-8] INFO  c.e.demo.controller.DzdjlController - 分页信息: 第1页/共14页, 每页20条/共279条
2026-05-09 16:19:24 [http-nio-9095-exec-8] INFO  c.e.demo.controller.DzdjlController - 查询到 20 条记录:
2026-05-09 16:19:24 [http-nio-9095-exec-8] INFO  c.e.demo.controller.DzdjlController - 记录 1: {khmc="湖南南方机床有限公司", yifu=0.00, lxr="裴孝顺", dzscwj="http://yhocn.cn:9088/t763812834_java_sharepic/DZGX...", sfkp="已开票", duizhangdanhao="DZGXDD012026050701", kpsj="2026-05-07 17:20:14", wf=142282.00, duizhangriqi="2026-05-07", ddrq="2026/04/16", rn=1, yfsj=142282.00, pdf_file_name="http://yhocn.cn:9088/t763812834_java_sharepic/SRMD...", fzr="钱晓斌", dzzt=null}
2026-05-09 16:19:24 [http-nio-9095-exec-8] INFO  c.e.demo.controller.DzdjlController - 记录 2: {khmc="昆山润志科自动化设备有限公司", yifu=0.00, lxr="沈总", dzscwj="http://yhocn.cn:9088/t763812834_java_sharepic/DZGX...", sfkp="已开票", duizhangdanhao="DZGXDD012026043001", kpsj="2026-04-30 08:57:56", wf=26169.00, duizhangriqi="2026-04-30", ddrq="2026/04/16", rn=2, yfsj=26169.00, pdf_file_name=null, fzr="崔玉泽", dzzt=null}
2026-05-09 16:19:24 [http-nio-9095-exec-8] INFO  c.e.demo.controller.DzdjlController - 记录 3: {khmc="昆山埃森自动化技术有限公司", yifu=362.00, lxr="王跃金", dzscwj="http://yhocn.cn:9088/t763812834_java_sharepic/DZGX...", sfkp="已开票", duizhangdanhao="DZGXDD012026042901", kpsj="2026-04-29 14:56:38", wf=0.00, duizhangriqi="2026-04-29", ddrq="2026/04/22", rn=3, yfsj=362.00, pdf_file_name="http://yhocn.cn:9088/t763812834_java_sharepic/GXDD...", fzr="崔玉泽", dzzt=null}
2026-05-09 16:19:24 [http-nio-9095-exec-8] INFO  c.e.demo.controller.DzdjlController - 记录 4: {khmc="奥茵绅智能装备（苏州）有限公司", yifu=0.00, lxr="吕汉东", dzscwj="http://yhocn.cn:9088/t763812834_java_sharepic/DZGX...", sfkp="已开票", duizhangdanhao="DZGXDD012026042807", kpsj="2026-04-28 10:08:50", wf=4004.00, duizhangriqi="2026-04-28", ddrq="2026/04/09", rn=4, yfsj=4004.00, pdf_file_name="http://yhocn.cn:9088/t763812834_java_sharepic/GXDD...", fzr="陶海鑫", dzzt=null}
2026-05-09 16:19:24 [http-nio-9095-exec-8] INFO  c.e.demo.controller.DzdjlController - 记录 5: {khmc="江苏港星方能超声洗净科技有限公司", yifu=0.00, lxr="吴小姐", dzscwj="http://yhocn.cn:9088/t763812834_java_sharepic/DZGX...", sfkp="已开票", duizhangdanhao="DZGXDD012026042811", kpsj="2026-04-28 16:05:28", wf=10849.00, duizhangriqi="2026-04-28", ddrq="2026/04/07", rn=5, yfsj=10849.00, pdf_file_name="http://yhocn.cn:9088/t763812834_java_sharepic/GXDD...", fzr="董伟辰", dzzt=null}
2026-05-09 16:19:24 [http-nio-9095-exec-8] INFO  c.e.demo.controller.DzdjlController - 记录 6: {khmc="江苏洛银传动科技有限公司", yifu=1470.00, lxr="墨伟超", dzscwj="http://yhocn.cn:9088/t763812834_java_sharepic/DZGX...", sfkp="已开票", duizhangdanhao="DZGXDD012026042801", kpsj="2026-04-28 10:08:50", wf=0.00, duizhangriqi="2026-04-28", ddrq="2026/04/23", rn=6, yfsj=1470.00, pdf_file_name="http://yhocn.cn:9088/t763812834_java_sharepic/GXDD...", fzr="钱晓斌", dzzt=null}
2026-05-09 16:19:24 [http-nio-9095-exec-8] INFO  c.e.demo.controller.DzdjlController - 记录 7: {khmc="苏州博鲁克机器人系统工程有限公司", yifu=0.00, lxr="张兰", dzscwj="http://yhocn.cn:9088/t763812834_java_sharepic/DZGX...", sfkp="已开票", duizhangdanhao="DZGXDD012026042808", kpsj="2026-04-28 10:08:50", wf=10800.00, duizhangriqi="2026-04-28", ddrq="2026/03/19", rn=7, yfsj=10800.00, pdf_file_name="http://yhocn.cn:9088/t763812834_java_sharepic/BRC-...", fzr="陶海鑫", dzzt=null}
2026-05-09 16:19:24 [http-nio-9095-exec-8] INFO  c.e.demo.controller.DzdjlController - 记录 8: {khmc="维在德自动化科技（苏州）有限公司", yifu=10200.00, lxr="齐浩", dzscwj="http://yhocn.cn:9088/t763812834_java_sharepic/DZGX...", sfkp="已开票", duizhangdanhao="DZGXDD012026042810", kpsj="2026-04-28 15:37:29", wf=0.00, duizhangriqi="2026-04-28", ddrq="2026/04/18", rn=8, yfsj=10200.00, pdf_file_name=null, fzr="陶海鑫", dzzt=null}
2026-05-09 16:19:24 [http-nio-9095-exec-8] INFO  c.e.demo.controller.DzdjlController - 记录 9: {khmc="中设智能装备（苏州）有限公司", yifu=0.00, lxr="曹静", dzscwj="http://yhocn.cn:9088/t763812834_java_sharepic/DZGX...", sfkp="已开票", duizhangdanhao="DZGXDD012026042802", kpsj="2026-04-28 10:08:50", wf=50.00, duizhangriqi="2026-04-28", ddrq="2026/03/17", rn=9, yfsj=50.00, pdf_file_name="http://yhocn.cn:9088/t763812834_java_sharepic/GXDD...", fzr="陶海鑫", dzzt=null}
2026-05-09 16:19:24 [http-nio-9095-exec-8] INFO  c.e.demo.controller.DzdjlController - 记录 10: {khmc="中设智能装备（苏州）有限公司", yifu=0.00, lxr="曹静", dzscwj="http://yhocn.cn:9088/t763812834_java_sharepic/DZGX...", sfkp="已开票", duizhangdanhao="DZGXDD012026042803", kpsj="2026-04-28 10:08:50", wf=944.00, duizhangriqi="2026-04-28", ddrq="2026/03/19", rn=10, yfsj=944.00, pdf_file_name="http://yhocn.cn:9088/t763812834_java_sharepic/ZS20...", fzr="陶海鑫", dzzt=null}
2026-05-09 16:19:24 [http-nio-9095-exec-8] INFO  c.e.demo.controller.DzdjlController - 记录 11: {khmc="中设智能装备（苏州）有限公司", yifu=0.00, lxr="曹静", dzscwj="http://yhocn.cn:9088/t763812834_java_sharepic/DZGX...", sfkp="已开票", duizhangdanhao="DZGXDD012026042804", kpsj="2026-04-28 10:08:50", wf=317.00, duizhangriqi="2026-04-28", ddrq="2026/04/07", rn=11, yfsj=317.00, pdf_file_name="http://yhocn.cn:9088/t763812834_java_sharepic/GXDD...", fzr="陶海鑫", dzzt=null}
2026-05-09 16:19:24 [http-nio-9095-exec-8] INFO  c.e.demo.controller.DzdjlController - 记录 12: {khmc="中设智能装备（苏州）有限公司", yifu=0.00, lxr="曹静", dzscwj="http://yhocn.cn:9088/t763812834_java_sharepic/DZGX...", sfkp="已开票", duizhangdanhao="DZGXDD012026042805", kpsj="2026-04-28 10:08:50", wf=15978.00, duizhangriqi="2026-04-28", ddrq="2026/04/09", rn=12, yfsj=15978.00, pdf_file_name="http://yhocn.cn:9088/t763812834_java_sharepic/GXDD...", fzr="陶海鑫", dzzt=null}
2026-05-09 16:19:24 [http-nio-9095-exec-8] INFO  c.e.demo.controller.DzdjlController - 记录 13: {khmc="中设智能装备（苏州）有限公司", yifu=0.00, lxr="曹静", dzscwj="http://yhocn.cn:9088/t763812834_java_sharepic/DZGX...", sfkp="已开票", duizhangdanhao="DZGXDD012026042806", kpsj="2026-04-28 10:08:50", wf=3090.00, duizhangriqi="2026-04-28", ddrq="2026/04/13", rn=13, yfsj=3090.00, pdf_file_name="http://yhocn.cn:9088/t763812834_java_sharepic/GXDD...", fzr="陶海鑫", dzzt=null}
2026-05-09 16:19:24 [http-nio-9095-exec-8] INFO  c.e.demo.controller.DzdjlController - 记录 14: {khmc="江苏泰莱传动技术有限公司", yifu=0.00, lxr="周云", dzscwj="http://yhocn.cn:9088/t763812834_java_sharepic/DZGX...", sfkp="已开票", duizhangdanhao="DZGXDD012026042703", kpsj="2026-04-27 10:00:14", wf=38183.00, duizhangriqi="2026-04-27", ddrq="2026/04/20", rn=14, yfsj=38183.00, pdf_file_name="http://yhocn.cn:9088/t763812834_java_sharepic/P260...", fzr="陶海鑫", dzzt=null}
2026-05-09 16:19:24 [http-nio-9095-exec-8] INFO  c.e.demo.controller.DzdjlController - 记录 15: {khmc="江苏泰莱传动科技有限公司", yifu=0.00, lxr="周云", dzscwj="http://yhocn.cn:9088/t763812834_java_sharepic/DZGX...", sfkp="已开票", duizhangdanhao="DZGXDD012026042702", kpsj="2026-04-27 10:00:14", wf=5082.00, duizhangriqi="2026-04-27", ddrq="2026/03/20", rn=15, yfsj=5082.00, pdf_file_name="http://yhocn.cn:9088/t763812834_java_sharepic/P260...", fzr="陶海鑫", dzzt=null}
2026-05-09 16:19:24 [http-nio-9095-exec-8] INFO  c.e.demo.controller.DzdjlController - 记录 16: {khmc="苏州华恩远自动化设备有限公司", yifu=0.00, lxr="张苑", dzscwj="http://yhocn.cn:9088/t763812834_java_sharepic/DZGX...", sfkp="已开票", duizhangdanhao="DZGXDD012026042701", kpsj="2026-04-27 10:00:14", wf=40830.00, duizhangriqi="2026-04-27", ddrq="2026/04/17", rn=16, yfsj=40830.00, pdf_file_name="http://yhocn.cn:9088/t763812834_java_sharepic/GXDD...", fzr="钱晓斌", dzzt=null}
2026-05-09 16:19:24 [http-nio-9095-exec-8] INFO  c.e.demo.controller.DzdjlController - 记录 17: {khmc="霸导自动化设备（无锡）有限公司", yifu=54480.00, lxr="王俊", dzscwj="http://yhocn.cn:9088/t763812834_java_sharepic/DZGX...", sfkp="已开票", duizhangdanhao="DZGXDD012026042401", kpsj="2026-04-24 11:13:44", wf=0.00, duizhangriqi="2026-04-24", ddrq="2026/03/31", rn=17, yfsj=54480.00, pdf_file_name="http://yhocn.cn:9088/t763812834_java_sharepic/GXDD...", fzr="董伟辰", dzzt=null}
2026-05-09 16:19:24 [http-nio-9095-exec-8] INFO  c.e.demo.controller.DzdjlController - 记录 18: {khmc="德鑫隆（苏州）智能装备有限公司", yifu=0.00, lxr="王影", dzscwj="http://yhocn.cn:9088/t763812834_java_sharepic/DZGX...", sfkp="已开票", duizhangdanhao="DZGXDD012026042402", kpsj="2026-04-24 11:13:44", wf=11000.00, duizhangriqi="2026-04-24", ddrq="2026/04/09", rn=18, yfsj=11000.00, pdf_file_name="http://yhocn.cn:9088/t763812834_java_sharepic/GXDD...", fzr="董伟辰", dzzt=null}
2026-05-09 16:19:24 [http-nio-9095-exec-8] INFO  c.e.demo.controller.DzdjlController - 记录 19: {khmc="东佑达机器人（苏州）有限公司", yifu=0.00, lxr="", dzscwj="http://yhocn.cn:9088/t763812834_java_sharepic/DZGX...", sfkp="已开票", duizhangdanhao="DZGXDD012026042421", kpsj="2026-04-24 14:55:19", wf=16416.00, duizhangriqi="2026-04-24", ddrq="2026/04/21", rn=19, yfsj=16416.00, pdf_file_name="http://yhocn.cn:9088/t763812834_java_sharepic/S302...", fzr="钱晓斌", dzzt=null}
2026-05-09 16:19:24 [http-nio-9095-exec-8] INFO  c.e.demo.controller.DzdjlController - 记录 20: {khmc="丰铁机械（苏州）有限公司", yifu=0.00, lxr="徐小姐", dzscwj="http://yhocn.cn:9088/t763812834_java_sharepic/DZGX...", sfkp="已开票", duizhangdanhao="DZGXDD012026042422", kpsj="2026-04-24 14:55:19", wf=11600.00, duizhangriqi="2026-04-24", ddrq="2026/03/13", rn=20, yfsj=11600.00, pdf_file_name=null, fzr="钱晓斌", dzzt=null}
2026-05-09 16:19:32 [http-nio-9095-exec-10] INFO  c.e.demo.controller.DzdjlController - 分页信息: 第2页/共14页, 每页20条/共279条
2026-05-09 16:19:32 [http-nio-9095-exec-10] INFO  c.e.demo.controller.DzdjlController - 查询到 20 条记录:
2026-05-09 16:19:32 [http-nio-9095-exec-10] INFO  c.e.demo.controller.DzdjlController - 记录 1: {khmc="江苏大明机电装备科技有限公司", yifu=0.00, lxr="朱洪林", dzscwj="http://yhocn.cn:9088/t763812834_java_sharepic/DZGX...", sfkp="已开票", duizhangdanhao="DZGXDD012026042403", kpsj="2026-04-24 11:13:44", wf=23500.00, duizhangriqi="2026-04-24", ddrq="2026/01/22", rn=21, yfsj=23500.00, pdf_file_name="http://yhocn.cn:9088/t763812834_java_sharepic/DM20...", fzr="董伟辰", dzzt=null}
2026-05-09 16:19:32 [http-nio-9095-exec-10] INFO  c.e.demo.controller.DzdjlController - 记录 2: {khmc="江苏卓著智能装备有限公司", yifu=0.00, lxr="张亭", dzscwj="http://yhocn.cn:9088/t763812834_java_sharepic/DZGX...", sfkp="已开票", duizhangdanhao="DZGXDD012026042415", kpsj="2026-04-24 11:13:44", wf=194.00, duizhangriqi="2026-04-24", ddrq="2026/03/24", rn=22, yfsj=194.00, pdf_file_name="http://yhocn.cn:9088/t763812834_java_sharepic/GXDD...", fzr="陶海鑫", dzzt=null}
2026-05-09 16:19:32 [http-nio-9095-exec-10] INFO  c.e.demo.controller.DzdjlController - 记录 3: {khmc="昆山创宜瑞机电科技有限公司", yifu=0.00, lxr="李芳", dzscwj="http://yhocn.cn:9088/t763812834_java_sharepic/DZGX...", sfkp="已开票", duizhangdanhao="DZGXDD012026042423", kpsj="2026-04-24 14:55:19", wf=7632.00, duizhangriqi="2026-04-24", ddrq="2026/04/20", rn=23, yfsj=7632.00, pdf_file_name=null, fzr="钱晓斌", dzzt=null}
2026-05-09 16:19:32 [http-nio-9095-exec-10] INFO  c.e.demo.controller.DzdjlController - 记录 4: {khmc="昆山恒皓瑞智能装备有限公司", yifu=0.00, lxr="曹杰", dzscwj="http://yhocn.cn:9088/t763812834_java_sharepic/DZGX...", sfkp="已开票", duizhangdanhao="DZGXDD012026042406", kpsj="2026-04-24 11:13:44", wf=35376.00, duizhangriqi="2026-04-24", ddrq="2026/04/23", rn=24, yfsj=35376.00, pdf_file_name="http://yhocn.cn:9088/t763812834_java_sharepic/GXDD...", fzr="董伟辰", dzzt=null}
2026-05-09 16:19:32 [http-nio-9095-exec-10] INFO  c.e.demo.controller.DzdjlController - 记录 5: {khmc="昆山钜科斯机器人技术服务有限公司", yifu=60.00, lxr="王小艳", dzscwj="http://yhocn.cn:9088/t763812834_java_sharepic/DZGX...", sfkp="已开票", duizhangdanhao="DZGXDD012026042424", kpsj="2026-04-24 14:55:19", wf=0.00, duizhangriqi="2026-04-24", ddrq="2026/03/25", rn=25, yfsj=60.00, pdf_file_name="http://yhocn.cn:9088/t763812834_java_sharepic/GXDD...", fzr="钱晓斌", dzzt=null}
2026-05-09 16:19:32 [http-nio-9095-exec-10] INFO  c.e.demo.controller.DzdjlController - 记录 6: {khmc="昆山乐森迪自动化设备有限公司", yifu=13100.00, lxr="朱锦生", dzscwj="http://yhocn.cn:9088/t763812834_java_sharepic/DZGX...", sfkp="已开票", duizhangdanhao="DZGXDD012026042407", kpsj="2026-04-24 11:13:44", wf=0.00, duizhangriqi="2026-04-24", ddrq="2026/04/03", rn=26, yfsj=13100.00, pdf_file_name="http://yhocn.cn:9088/t763812834_java_sharepic/GXDD...", fzr="董伟辰", dzzt=null}
2026-05-09 16:19:32 [http-nio-9095-exec-10] INFO  c.e.demo.controller.DzdjlController - 记录 7: {khmc="昆山市旭腾自动化科技有限公司", yifu=777.00, lxr="殷小姐", dzscwj="http://yhocn.cn:9088/t763812834_java_sharepic/DZGX...", sfkp="已开票", duizhangdanhao="DZGXDD012026042416", kpsj="2026-04-24 11:13:44", wf=0.00, duizhangriqi="2026-04-24", ddrq="2026/04/13", rn=27, yfsj=777.00, pdf_file_name="http://yhocn.cn:9088/t763812834_java_sharepic/GXDD...", fzr="陶海鑫", dzzt=null}
2026-05-09 16:19:32 [http-nio-9095-exec-10] INFO  c.e.demo.controller.DzdjlController - 记录 8: {khmc="昆山顺之晟精密机械有限公司", yifu=0.00, lxr="肖总", dzscwj="http://yhocn.cn:9088/t763812834_java_sharepic/DZGX...", sfkp="已开票", duizhangdanhao="DZGXDD012026042408", kpsj="2026-04-24 11:13:44", wf=30188.00, duizhangriqi="2026-04-24", ddrq="2026/04/13", rn=28, yfsj=30188.00, pdf_file_name="http://yhocn.cn:9088/t763812834_java_sharepic/GXDD...", fzr="董伟辰", dzzt=null}
2026-05-09 16:19:32 [http-nio-9095-exec-10] INFO  c.e.demo.controller.DzdjlController - 记录 9: {khmc="昆山欣合通精密机械科技有限公司", yifu=0.00, lxr="朱燕", dzscwj="http://yhocn.cn:9088/t763812834_java_sharepic/DZGX...", sfkp="已开票", duizhangdanhao="DZGXDD012026042420", kpsj="2026-04-27 09:45:37", wf=63313.00, duizhangriqi="2026-04-24", ddrq="2026/04/22", rn=29, yfsj=63313.00, pdf_file_name="http://yhocn.cn:9088/t763812834_java_sharepic/WLCG...", fzr="雷媛", dzzt=null}
2026-05-09 16:19:32 [http-nio-9095-exec-10] INFO  c.e.demo.controller.DzdjlController - 记录 10: {khmc="昆山卓勇工业设备有限公司", yifu=0.00, lxr="胡乾", dzscwj="http://yhocn.cn:9088/t763812834_java_sharepic/DZGX...", sfkp="已开票", duizhangdanhao="DZGXDD012026042409", kpsj="2026-04-24 11:13:44", wf=189.00, duizhangriqi="2026-04-24", ddrq="2026/03/23", rn=30, yfsj=189.00, pdf_file_name="http://yhocn.cn:9088/t763812834_java_sharepic/PO26...", fzr="董伟辰", dzzt=null}
2026-05-09 16:19:32 [http-nio-9095-exec-10] INFO  c.e.demo.controller.DzdjlController - 记录 11: {khmc="南通市懋略科技有限公司", yifu=0.00, lxr="王天督", dzscwj="http://yhocn.cn:9088/t763812834_java_sharepic/DZGX...", sfkp="已开票", duizhangdanhao="DZGXDD012026042410", kpsj="2026-04-24 11:13:44", wf=640.00, duizhangriqi="2026-04-24", ddrq="2026/03/31", rn=31, yfsj=640.00, pdf_file_name="http://yhocn.cn:9088/t763812834_java_sharepic/ntml...", fzr="董伟辰", dzzt=null}
2026-05-09 16:19:32 [http-nio-9095-exec-10] INFO  c.e.demo.controller.DzdjlController - 记录 12: {khmc="青岛铭青机电有限公司", yifu=0.00, lxr="陶梦婷", dzscwj=null, sfkp="已开票", duizhangdanhao="DZGXDD012026042431", kpsj="2026-04-24 15:04:07", wf=28228.00, duizhangriqi="2026-04-24", ddrq="2026/04/21", rn=32, yfsj=28228.00, pdf_file_name="http://yhocn.cn:9088/t763812834_java_sharepic/GXDD...", fzr="钱晓斌", dzzt=null}
2026-05-09 16:19:32 [http-nio-9095-exec-10] INFO  c.e.demo.controller.DzdjlController - 记录 13: {khmc="三协机床（昆山）有限公司", yifu=0.00, lxr="杭凌", dzscwj="http://yhocn.cn:9088/t763812834_java_sharepic/DZGX...", sfkp="已开票", duizhangdanhao="DZGXDD012026042411", kpsj="2026-04-24 11:13:44", wf=8960.00, duizhangriqi="2026-04-24", ddrq="2026/04/02", rn=33, yfsj=8960.00, pdf_file_name=null, fzr="董伟辰", dzzt=null}
2026-05-09 16:19:32 [http-nio-9095-exec-10] INFO  c.e.demo.controller.DzdjlController - 记录 14: {khmc="沈阳易联真空设备有限公司", yifu=251.00, lxr="李媛", dzscwj="http://yhocn.cn:9088/t763812834_java_sharepic/DZGX...", sfkp="已开票", duizhangdanhao="DZGXDD012026042428", kpsj="2026-04-24 14:55:19", wf=0.00, duizhangriqi="2026-04-24", ddrq="2026/03/26", rn=34, yfsj=251.00, pdf_file_name="http://yhocn.cn:9088/t763812834_java_sharepic/GXDD...", fzr="钱晓斌", dzzt=null}
2026-05-09 16:19:32 [http-nio-9095-exec-10] INFO  c.e.demo.controller.DzdjlController - 记录 15: {khmc="四川长征机床集团有限公司", yifu=1350.00, lxr="周思慧", dzscwj="http://yhocn.cn:9088/t763812834_java_sharepic/DZGX...", sfkp="已开票", duizhangdanhao="DZGXDD012026042417", kpsj="2026-04-24 11:13:44", wf=0.00, duizhangriqi="2026-04-24", ddrq="2026/03/20", rn=35, yfsj=1350.00, pdf_file_name=null, fzr="陶海鑫", dzzt=null}
2026-05-09 16:19:32 [http-nio-9095-exec-10] INFO  c.e.demo.controller.DzdjlController - 记录 16: {khmc="苏州铭青机电有限公司", yifu=0.00, lxr="陶梦婷", dzscwj="http://yhocn.cn:9088/t763812834_java_sharepic/DZGX...", sfkp="已开票", duizhangdanhao="DZGXDD012026042432", kpsj="2026-04-24 15:04:07", wf=51.00, duizhangriqi="2026-04-24", ddrq="2026/03/24", rn=36, yfsj=51.00, pdf_file_name="http://yhocn.cn:9088/t763812834_java_sharepic/GXDD...", fzr="钱晓斌", dzzt=null}
2026-05-09 16:19:32 [http-nio-9095-exec-10] INFO  c.e.demo.controller.DzdjlController - 记录 17: {khmc="苏州铭腾精密科技有限公司", yifu=0.00, lxr="蔡春永", dzscwj="http://yhocn.cn:9088/t763812834_java_sharepic/DZGX...", sfkp="已开票", duizhangdanhao="DZGXDD012026042426", kpsj="2026-04-24 14:55:19", wf=9776.00, duizhangriqi="2026-04-24", ddrq="2026/04/09", rn=37, yfsj=9776.00, pdf_file_name=null, fzr="钱晓斌", dzzt=null}
2026-05-09 16:19:32 [http-nio-9095-exec-10] INFO  c.e.demo.controller.DzdjlController - 记录 18: {khmc="苏州乔沃自动化科技有限公司", yifu=0.00, lxr="张忠城", dzscwj="http://yhocn.cn:9088/t763812834_java_sharepic/DZGX...", sfkp="已开票", duizhangdanhao="DZGXDD012026042427", kpsj="2026-04-24 14:55:19", wf=2456.00, duizhangriqi="2026-04-24", ddrq="2026/04/10", rn=38, yfsj=2456.00, pdf_file_name="http://yhocn.cn:9088/t763812834_java_sharepic/GXDD...", fzr="钱晓斌", dzzt=null}
2026-05-09 16:19:32 [http-nio-9095-exec-10] INFO  c.e.demo.controller.DzdjlController - 记录 19: {khmc="苏州松本智能科技有限公司", yifu=0.00, lxr="王总", dzscwj="http://yhocn.cn:9088/t763812834_java_sharepic/DZGX...", sfkp="已开票", duizhangdanhao="DZGXDD012026042412", kpsj="2026-04-24 11:13:44", wf=913.00, duizhangriqi="2026-04-24", ddrq="2026/04/07", rn=39, yfsj=913.00, pdf_file_name="http://yhocn.cn:9088/t763812834_java_sharepic/GXDD...", fzr="董伟辰", dzzt=null}
2026-05-09 16:19:32 [http-nio-9095-exec-10] INFO  c.e.demo.controller.DzdjlController - 记录 20: {khmc="苏州旺源洪精密机械有限公司", yifu=414.00, lxr="顾洪杰", dzscwj="http://yhocn.cn:9088/t763812834_java_sharepic/DZGX...", sfkp="已开票", duizhangdanhao="DZGXDD012026042425", kpsj="2026-04-24 14:55:19", wf=0.00, duizhangriqi="2026-04-24", ddrq="2026/04/13", rn=40, yfsj=414.00, pdf_file_name=null, fzr="钱晓斌", dzzt=null}
2026-05-09 16:20:01 [http-nio-9095-exec-7] INFO  c.e.demo.controller.DzdjlController - 分页信息: 第2页/共14页, 每页20条/共279条
2026-05-09 16:20:01 [http-nio-9095-exec-7] INFO  c.e.demo.controller.DzdjlController - 查询到 20 条记录:
2026-05-09 16:20:01 [http-nio-9095-exec-7] INFO  c.e.demo.controller.DzdjlController - 记录 1: {khmc="江苏大明机电装备科技有限公司", yifu=0.00, lxr="朱洪林", dzscwj="http://yhocn.cn:9088/t763812834_java_sharepic/DZGX...", sfkp="已开票", duizhangdanhao="DZGXDD012026042403", kpsj="2026-04-24 11:13:44", wf=23500.00, duizhangriqi="2026-04-24", ddrq="2026/01/22", rn=21, yfsj=23500.00, pdf_file_name="http://yhocn.cn:9088/t763812834_java_sharepic/DM20...", fzr="董伟辰", dzzt=null}
2026-05-09 16:20:01 [http-nio-9095-exec-7] INFO  c.e.demo.controller.DzdjlController - 记录 2: {khmc="江苏卓著智能装备有限公司", yifu=0.00, lxr="张亭", dzscwj="http://yhocn.cn:9088/t763812834_java_sharepic/DZGX...", sfkp="已开票", duizhangdanhao="DZGXDD012026042415", kpsj="2026-04-24 11:13:44", wf=194.00, duizhangriqi="2026-04-24", ddrq="2026/03/24", rn=22, yfsj=194.00, pdf_file_name="http://yhocn.cn:9088/t763812834_java_sharepic/GXDD...", fzr="陶海鑫", dzzt=null}
2026-05-09 16:20:01 [http-nio-9095-exec-7] INFO  c.e.demo.controller.DzdjlController - 记录 3: {khmc="昆山创宜瑞机电科技有限公司", yifu=0.00, lxr="李芳", dzscwj="http://yhocn.cn:9088/t763812834_java_sharepic/DZGX...", sfkp="已开票", duizhangdanhao="DZGXDD012026042423", kpsj="2026-04-24 14:55:19", wf=7632.00, duizhangriqi="2026-04-24", ddrq="2026/04/20", rn=23, yfsj=7632.00, pdf_file_name=null, fzr="钱晓斌", dzzt=null}
2026-05-09 16:20:01 [http-nio-9095-exec-7] INFO  c.e.demo.controller.DzdjlController - 记录 4: {khmc="昆山恒皓瑞智能装备有限公司", yifu=0.00, lxr="曹杰", dzscwj="http://yhocn.cn:9088/t763812834_java_sharepic/DZGX...", sfkp="已开票", duizhangdanhao="DZGXDD012026042406", kpsj="2026-04-24 11:13:44", wf=35376.00, duizhangriqi="2026-04-24", ddrq="2026/04/23", rn=24, yfsj=35376.00, pdf_file_name="http://yhocn.cn:9088/t763812834_java_sharepic/GXDD...", fzr="董伟辰", dzzt=null}
2026-05-09 16:20:01 [http-nio-9095-exec-7] INFO  c.e.demo.controller.DzdjlController - 记录 5: {khmc="昆山钜科斯机器人技术服务有限公司", yifu=60.00, lxr="王小艳", dzscwj="http://yhocn.cn:9088/t763812834_java_sharepic/DZGX...", sfkp="已开票", duizhangdanhao="DZGXDD012026042424", kpsj="2026-04-24 14:55:19", wf=0.00, duizhangriqi="2026-04-24", ddrq="2026/03/25", rn=25, yfsj=60.00, pdf_file_name="http://yhocn.cn:9088/t763812834_java_sharepic/GXDD...", fzr="钱晓斌", dzzt=null}
2026-05-09 16:20:01 [http-nio-9095-exec-7] INFO  c.e.demo.controller.DzdjlController - 记录 6: {khmc="昆山乐森迪自动化设备有限公司", yifu=13100.00, lxr="朱锦生", dzscwj="http://yhocn.cn:9088/t763812834_java_sharepic/DZGX...", sfkp="已开票", duizhangdanhao="DZGXDD012026042407", kpsj="2026-04-24 11:13:44", wf=0.00, duizhangriqi="2026-04-24", ddrq="2026/04/03", rn=26, yfsj=13100.00, pdf_file_name="http://yhocn.cn:9088/t763812834_java_sharepic/GXDD...", fzr="董伟辰", dzzt=null}
2026-05-09 16:20:01 [http-nio-9095-exec-7] INFO  c.e.demo.controller.DzdjlController - 记录 7: {khmc="昆山市旭腾自动化科技有限公司", yifu=777.00, lxr="殷小姐", dzscwj="http://yhocn.cn:9088/t763812834_java_sharepic/DZGX...", sfkp="已开票", duizhangdanhao="DZGXDD012026042416", kpsj="2026-04-24 11:13:44", wf=0.00, duizhangriqi="2026-04-24", ddrq="2026/04/13", rn=27, yfsj=777.00, pdf_file_name="http://yhocn.cn:9088/t763812834_java_sharepic/GXDD...", fzr="陶海鑫", dzzt=null}
2026-05-09 16:20:01 [http-nio-9095-exec-7] INFO  c.e.demo.controller.DzdjlController - 记录 8: {khmc="昆山顺之晟精密机械有限公司", yifu=0.00, lxr="肖总", dzscwj="http://yhocn.cn:9088/t763812834_java_sharepic/DZGX...", sfkp="已开票", duizhangdanhao="DZGXDD012026042408", kpsj="2026-04-24 11:13:44", wf=30188.00, duizhangriqi="2026-04-24", ddrq="2026/04/13", rn=28, yfsj=30188.00, pdf_file_name="http://yhocn.cn:9088/t763812834_java_sharepic/GXDD...", fzr="董伟辰", dzzt=null}
2026-05-09 16:20:01 [http-nio-9095-exec-7] INFO  c.e.demo.controller.DzdjlController - 记录 9: {khmc="昆山欣合通精密机械科技有限公司", yifu=0.00, lxr="朱燕", dzscwj="http://yhocn.cn:9088/t763812834_java_sharepic/DZGX...", sfkp="已开票", duizhangdanhao="DZGXDD012026042420", kpsj="2026-04-27 09:45:37", wf=63313.00, duizhangriqi="2026-04-24", ddrq="2026/04/22", rn=29, yfsj=63313.00, pdf_file_name="http://yhocn.cn:9088/t763812834_java_sharepic/WLCG...", fzr="雷媛", dzzt=null}
2026-05-09 16:20:01 [http-nio-9095-exec-7] INFO  c.e.demo.controller.DzdjlController - 记录 10: {khmc="昆山卓勇工业设备有限公司", yifu=0.00, lxr="胡乾", dzscwj="http://yhocn.cn:9088/t763812834_java_sharepic/DZGX...", sfkp="已开票", duizhangdanhao="DZGXDD012026042409", kpsj="2026-04-24 11:13:44", wf=189.00, duizhangriqi="2026-04-24", ddrq="2026/03/23", rn=30, yfsj=189.00, pdf_file_name="http://yhocn.cn:9088/t763812834_java_sharepic/PO26...", fzr="董伟辰", dzzt=null}
2026-05-09 16:20:01 [http-nio-9095-exec-7] INFO  c.e.demo.controller.DzdjlController - 记录 11: {khmc="南通市懋略科技有限公司", yifu=0.00, lxr="王天督", dzscwj="http://yhocn.cn:9088/t763812834_java_sharepic/DZGX...", sfkp="已开票", duizhangdanhao="DZGXDD012026042410", kpsj="2026-04-24 11:13:44", wf=640.00, duizhangriqi="2026-04-24", ddrq="2026/03/31", rn=31, yfsj=640.00, pdf_file_name="http://yhocn.cn:9088/t763812834_java_sharepic/ntml...", fzr="董伟辰", dzzt=null}
2026-05-09 16:20:01 [http-nio-9095-exec-7] INFO  c.e.demo.controller.DzdjlController - 记录 12: {khmc="青岛铭青机电有限公司", yifu=0.00, lxr="陶梦婷", dzscwj="http://yhocn.cn:9088/t763812834_java_sharepic/12.p...", sfkp="已开票", duizhangdanhao="DZGXDD012026042431", kpsj="2026-04-24 15:04:07", wf=28228.00, duizhangriqi="2026-04-24", ddrq="2026/04/21", rn=32, yfsj=28228.00, pdf_file_name="http://yhocn.cn:9088/t763812834_java_sharepic/GXDD...", fzr="钱晓斌", dzzt=null}
2026-05-09 16:20:01 [http-nio-9095-exec-7] INFO  c.e.demo.controller.DzdjlController - 记录 13: {khmc="三协机床（昆山）有限公司", yifu=0.00, lxr="杭凌", dzscwj="http://yhocn.cn:9088/t763812834_java_sharepic/DZGX...", sfkp="已开票", duizhangdanhao="DZGXDD012026042411", kpsj="2026-04-24 11:13:44", wf=8960.00, duizhangriqi="2026-04-24", ddrq="2026/04/02", rn=33, yfsj=8960.00, pdf_file_name=null, fzr="董伟辰", dzzt=null}
2026-05-09 16:20:01 [http-nio-9095-exec-7] INFO  c.e.demo.controller.DzdjlController - 记录 14: {khmc="沈阳易联真空设备有限公司", yifu=251.00, lxr="李媛", dzscwj="http://yhocn.cn:9088/t763812834_java_sharepic/DZGX...", sfkp="已开票", duizhangdanhao="DZGXDD012026042428", kpsj="2026-04-24 14:55:19", wf=0.00, duizhangriqi="2026-04-24", ddrq="2026/03/26", rn=34, yfsj=251.00, pdf_file_name="http://yhocn.cn:9088/t763812834_java_sharepic/GXDD...", fzr="钱晓斌", dzzt=null}
2026-05-09 16:20:01 [http-nio-9095-exec-7] INFO  c.e.demo.controller.DzdjlController - 记录 15: {khmc="四川长征机床集团有限公司", yifu=1350.00, lxr="周思慧", dzscwj="http://yhocn.cn:9088/t763812834_java_sharepic/DZGX...", sfkp="已开票", duizhangdanhao="DZGXDD012026042417", kpsj="2026-04-24 11:13:44", wf=0.00, duizhangriqi="2026-04-24", ddrq="2026/03/20", rn=35, yfsj=1350.00, pdf_file_name=null, fzr="陶海鑫", dzzt=null}
2026-05-09 16:20:01 [http-nio-9095-exec-7] INFO  c.e.demo.controller.DzdjlController - 记录 16: {khmc="苏州铭青机电有限公司", yifu=0.00, lxr="陶梦婷", dzscwj="http://yhocn.cn:9088/t763812834_java_sharepic/DZGX...", sfkp="已开票", duizhangdanhao="DZGXDD012026042432", kpsj="2026-04-24 15:04:07", wf=51.00, duizhangriqi="2026-04-24", ddrq="2026/03/24", rn=36, yfsj=51.00, pdf_file_name="http://yhocn.cn:9088/t763812834_java_sharepic/GXDD...", fzr="钱晓斌", dzzt=null}
2026-05-09 16:20:01 [http-nio-9095-exec-7] INFO  c.e.demo.controller.DzdjlController - 记录 17: {khmc="苏州铭腾精密科技有限公司", yifu=0.00, lxr="蔡春永", dzscwj="http://yhocn.cn:9088/t763812834_java_sharepic/DZGX...", sfkp="已开票", duizhangdanhao="DZGXDD012026042426", kpsj="2026-04-24 14:55:19", wf=9776.00, duizhangriqi="2026-04-24", ddrq="2026/04/09", rn=37, yfsj=9776.00, pdf_file_name=null, fzr="钱晓斌", dzzt=null}
2026-05-09 16:20:01 [http-nio-9095-exec-7] INFO  c.e.demo.controller.DzdjlController - 记录 18: {khmc="苏州乔沃自动化科技有限公司", yifu=0.00, lxr="张忠城", dzscwj="http://yhocn.cn:9088/t763812834_java_sharepic/DZGX...", sfkp="已开票", duizhangdanhao="DZGXDD012026042427", kpsj="2026-04-24 14:55:19", wf=2456.00, duizhangriqi="2026-04-24", ddrq="2026/04/10", rn=38, yfsj=2456.00, pdf_file_name="http://yhocn.cn:9088/t763812834_java_sharepic/GXDD...", fzr="钱晓斌", dzzt=null}
2026-05-09 16:20:01 [http-nio-9095-exec-7] INFO  c.e.demo.controller.DzdjlController - 记录 19: {khmc="苏州松本智能科技有限公司", yifu=0.00, lxr="王总", dzscwj="http://yhocn.cn:9088/t763812834_java_sharepic/DZGX...", sfkp="已开票", duizhangdanhao="DZGXDD012026042412", kpsj="2026-04-24 11:13:44", wf=913.00, duizhangriqi="2026-04-24", ddrq="2026/04/07", rn=39, yfsj=913.00, pdf_file_name="http://yhocn.cn:9088/t763812834_java_sharepic/GXDD...", fzr="董伟辰", dzzt=null}
2026-05-09 16:20:01 [http-nio-9095-exec-7] INFO  c.e.demo.controller.DzdjlController - 记录 20: {khmc="苏州旺源洪精密机械有限公司", yifu=414.00, lxr="顾洪杰", dzscwj="http://yhocn.cn:9088/t763812834_java_sharepic/DZGX...", sfkp="已开票", duizhangdanhao="DZGXDD012026042425", kpsj="2026-04-24 14:55:19", wf=0.00, duizhangriqi="2026-04-24", ddrq="2026/04/13", rn=40, yfsj=414.00, pdf_file_name=null, fzr="钱晓斌", dzzt=null}
2026-05-09 16:20:29 [http-nio-9095-exec-10] INFO  c.e.demo.controller.DzdjlController - 分页信息: 第2页/共14页, 每页20条/共279条
2026-05-09 16:20:29 [http-nio-9095-exec-10] INFO  c.e.demo.controller.DzdjlController - 查询到 20 条记录:
2026-05-09 16:20:29 [http-nio-9095-exec-10] INFO  c.e.demo.controller.DzdjlController - 记录 1: {khmc="江苏大明机电装备科技有限公司", yifu=0.00, lxr="朱洪林", dzscwj="http://yhocn.cn:9088/t763812834_java_sharepic/DZGX...", sfkp="已开票", duizhangdanhao="DZGXDD012026042403", kpsj="2026-04-24 11:13:44", wf=23500.00, duizhangriqi="2026-04-24", ddrq="2026/01/22", rn=21, yfsj=23500.00, pdf_file_name="http://yhocn.cn:9088/t763812834_java_sharepic/DM20...", fzr="董伟辰", dzzt=null}
2026-05-09 16:20:29 [http-nio-9095-exec-10] INFO  c.e.demo.controller.DzdjlController - 记录 2: {khmc="江苏卓著智能装备有限公司", yifu=0.00, lxr="张亭", dzscwj="http://yhocn.cn:9088/t763812834_java_sharepic/DZGX...", sfkp="已开票", duizhangdanhao="DZGXDD012026042415", kpsj="2026-04-24 11:13:44", wf=194.00, duizhangriqi="2026-04-24", ddrq="2026/03/24", rn=22, yfsj=194.00, pdf_file_name="http://yhocn.cn:9088/t763812834_java_sharepic/GXDD...", fzr="陶海鑫", dzzt=null}
2026-05-09 16:20:29 [http-nio-9095-exec-10] INFO  c.e.demo.controller.DzdjlController - 记录 3: {khmc="昆山创宜瑞机电科技有限公司", yifu=0.00, lxr="李芳", dzscwj="http://yhocn.cn:9088/t763812834_java_sharepic/DZGX...", sfkp="已开票", duizhangdanhao="DZGXDD012026042423", kpsj="2026-04-24 14:55:19", wf=7632.00, duizhangriqi="2026-04-24", ddrq="2026/04/20", rn=23, yfsj=7632.00, pdf_file_name=null, fzr="钱晓斌", dzzt=null}
2026-05-09 16:20:29 [http-nio-9095-exec-10] INFO  c.e.demo.controller.DzdjlController - 记录 4: {khmc="昆山恒皓瑞智能装备有限公司", yifu=0.00, lxr="曹杰", dzscwj="http://yhocn.cn:9088/t763812834_java_sharepic/DZGX...", sfkp="已开票", duizhangdanhao="DZGXDD012026042406", kpsj="2026-04-24 11:13:44", wf=35376.00, duizhangriqi="2026-04-24", ddrq="2026/04/23", rn=24, yfsj=35376.00, pdf_file_name="http://yhocn.cn:9088/t763812834_java_sharepic/GXDD...", fzr="董伟辰", dzzt=null}
2026-05-09 16:20:29 [http-nio-9095-exec-10] INFO  c.e.demo.controller.DzdjlController - 记录 5: {khmc="昆山钜科斯机器人技术服务有限公司", yifu=60.00, lxr="王小艳", dzscwj="http://yhocn.cn:9088/t763812834_java_sharepic/DZGX...", sfkp="已开票", duizhangdanhao="DZGXDD012026042424", kpsj="2026-04-24 14:55:19", wf=0.00, duizhangriqi="2026-04-24", ddrq="2026/03/25", rn=25, yfsj=60.00, pdf_file_name="http://yhocn.cn:9088/t763812834_java_sharepic/GXDD...", fzr="钱晓斌", dzzt=null}
2026-05-09 16:20:29 [http-nio-9095-exec-10] INFO  c.e.demo.controller.DzdjlController - 记录 6: {khmc="昆山乐森迪自动化设备有限公司", yifu=13100.00, lxr="朱锦生", dzscwj="http://yhocn.cn:9088/t763812834_java_sharepic/DZGX...", sfkp="已开票", duizhangdanhao="DZGXDD012026042407", kpsj="2026-04-24 11:13:44", wf=0.00, duizhangriqi="2026-04-24", ddrq="2026/04/03", rn=26, yfsj=13100.00, pdf_file_name="http://yhocn.cn:9088/t763812834_java_sharepic/GXDD...", fzr="董伟辰", dzzt=null}
2026-05-09 16:20:29 [http-nio-9095-exec-10] INFO  c.e.demo.controller.DzdjlController - 记录 7: {khmc="昆山市旭腾自动化科技有限公司", yifu=777.00, lxr="殷小姐", dzscwj="http://yhocn.cn:9088/t763812834_java_sharepic/DZGX...", sfkp="已开票", duizhangdanhao="DZGXDD012026042416", kpsj="2026-04-24 11:13:44", wf=0.00, duizhangriqi="2026-04-24", ddrq="2026/04/13", rn=27, yfsj=777.00, pdf_file_name="http://yhocn.cn:9088/t763812834_java_sharepic/GXDD...", fzr="陶海鑫", dzzt=null}
2026-05-09 16:20:29 [http-nio-9095-exec-10] INFO  c.e.demo.controller.DzdjlController - 记录 8: {khmc="昆山顺之晟精密机械有限公司", yifu=0.00, lxr="肖总", dzscwj="http://yhocn.cn:9088/t763812834_java_sharepic/DZGX...", sfkp="已开票", duizhangdanhao="DZGXDD012026042408", kpsj="2026-04-24 11:13:44", wf=30188.00, duizhangriqi="2026-04-24", ddrq="2026/04/13", rn=28, yfsj=30188.00, pdf_file_name="http://yhocn.cn:9088/t763812834_java_sharepic/GXDD...", fzr="董伟辰", dzzt=null}
2026-05-09 16:20:29 [http-nio-9095-exec-10] INFO  c.e.demo.controller.DzdjlController - 记录 9: {khmc="昆山欣合通精密机械科技有限公司", yifu=0.00, lxr="朱燕", dzscwj="http://yhocn.cn:9088/t763812834_java_sharepic/DZGX...", sfkp="已开票", duizhangdanhao="DZGXDD012026042420", kpsj="2026-04-27 09:45:37", wf=63313.00, duizhangriqi="2026-04-24", ddrq="2026/04/22", rn=29, yfsj=63313.00, pdf_file_name="http://yhocn.cn:9088/t763812834_java_sharepic/WLCG...", fzr="雷媛", dzzt=null}
2026-05-09 16:20:29 [http-nio-9095-exec-10] INFO  c.e.demo.controller.DzdjlController - 记录 10: {khmc="昆山卓勇工业设备有限公司", yifu=0.00, lxr="胡乾", dzscwj="http://yhocn.cn:9088/t763812834_java_sharepic/DZGX...", sfkp="已开票", duizhangdanhao="DZGXDD012026042409", kpsj="2026-04-24 11:13:44", wf=189.00, duizhangriqi="2026-04-24", ddrq="2026/03/23", rn=30, yfsj=189.00, pdf_file_name="http://yhocn.cn:9088/t763812834_java_sharepic/PO26...", fzr="董伟辰", dzzt=null}
2026-05-09 16:20:29 [http-nio-9095-exec-10] INFO  c.e.demo.controller.DzdjlController - 记录 11: {khmc="南通市懋略科技有限公司", yifu=0.00, lxr="王天督", dzscwj="http://yhocn.cn:9088/t763812834_java_sharepic/DZGX...", sfkp="已开票", duizhangdanhao="DZGXDD012026042410", kpsj="2026-04-24 11:13:44", wf=640.00, duizhangriqi="2026-04-24", ddrq="2026/03/31", rn=31, yfsj=640.00, pdf_file_name="http://yhocn.cn:9088/t763812834_java_sharepic/ntml...", fzr="董伟辰", dzzt=null}
2026-05-09 16:20:29 [http-nio-9095-exec-10] INFO  c.e.demo.controller.DzdjlController - 记录 12: {khmc="青岛铭青机电有限公司", yifu=0.00, lxr="陶梦婷", dzscwj="", sfkp="已开票", duizhangdanhao="DZGXDD012026042431", kpsj="2026-04-24 15:04:07", wf=28228.00, duizhangriqi="2026-04-24", ddrq="2026/04/21", rn=32, yfsj=28228.00, pdf_file_name="http://yhocn.cn:9088/t763812834_java_sharepic/GXDD...", fzr="钱晓斌", dzzt=null}
2026-05-09 16:20:29 [http-nio-9095-exec-10] INFO  c.e.demo.controller.DzdjlController - 记录 13: {khmc="三协机床（昆山）有限公司", yifu=0.00, lxr="杭凌", dzscwj="http://yhocn.cn:9088/t763812834_java_sharepic/DZGX...", sfkp="已开票", duizhangdanhao="DZGXDD012026042411", kpsj="2026-04-24 11:13:44", wf=8960.00, duizhangriqi="2026-04-24", ddrq="2026/04/02", rn=33, yfsj=8960.00, pdf_file_name=null, fzr="董伟辰", dzzt=null}
2026-05-09 16:20:29 [http-nio-9095-exec-10] INFO  c.e.demo.controller.DzdjlController - 记录 14: {khmc="沈阳易联真空设备有限公司", yifu=251.00, lxr="李媛", dzscwj="http://yhocn.cn:9088/t763812834_java_sharepic/DZGX...", sfkp="已开票", duizhangdanhao="DZGXDD012026042428", kpsj="2026-04-24 14:55:19", wf=0.00, duizhangriqi="2026-04-24", ddrq="2026/03/26", rn=34, yfsj=251.00, pdf_file_name="http://yhocn.cn:9088/t763812834_java_sharepic/GXDD...", fzr="钱晓斌", dzzt=null}
2026-05-09 16:20:29 [http-nio-9095-exec-10] INFO  c.e.demo.controller.DzdjlController - 记录 15: {khmc="四川长征机床集团有限公司", yifu=1350.00, lxr="周思慧", dzscwj="http://yhocn.cn:9088/t763812834_java_sharepic/DZGX...", sfkp="已开票", duizhangdanhao="DZGXDD012026042417", kpsj="2026-04-24 11:13:44", wf=0.00, duizhangriqi="2026-04-24", ddrq="2026/03/20", rn=35, yfsj=1350.00, pdf_file_name=null, fzr="陶海鑫", dzzt=null}
2026-05-09 16:20:29 [http-nio-9095-exec-10] INFO  c.e.demo.controller.DzdjlController - 记录 16: {khmc="苏州铭青机电有限公司", yifu=0.00, lxr="陶梦婷", dzscwj="http://yhocn.cn:9088/t763812834_java_sharepic/DZGX...", sfkp="已开票", duizhangdanhao="DZGXDD012026042432", kpsj="2026-04-24 15:04:07", wf=51.00, duizhangriqi="2026-04-24", ddrq="2026/03/24", rn=36, yfsj=51.00, pdf_file_name="http://yhocn.cn:9088/t763812834_java_sharepic/GXDD...", fzr="钱晓斌", dzzt=null}
2026-05-09 16:20:29 [http-nio-9095-exec-10] INFO  c.e.demo.controller.DzdjlController - 记录 17: {khmc="苏州铭腾精密科技有限公司", yifu=0.00, lxr="蔡春永", dzscwj="http://yhocn.cn:9088/t763812834_java_sharepic/DZGX...", sfkp="已开票", duizhangdanhao="DZGXDD012026042426", kpsj="2026-04-24 14:55:19", wf=9776.00, duizhangriqi="2026-04-24", ddrq="2026/04/09", rn=37, yfsj=9776.00, pdf_file_name=null, fzr="钱晓斌", dzzt=null}
2026-05-09 16:20:29 [http-nio-9095-exec-10] INFO  c.e.demo.controller.DzdjlController - 记录 18: {khmc="苏州乔沃自动化科技有限公司", yifu=0.00, lxr="张忠城", dzscwj="http://yhocn.cn:9088/t763812834_java_sharepic/DZGX...", sfkp="已开票", duizhangdanhao="DZGXDD012026042427", kpsj="2026-04-24 14:55:19", wf=2456.00, duizhangriqi="2026-04-24", ddrq="2026/04/10", rn=38, yfsj=2456.00, pdf_file_name="http://yhocn.cn:9088/t763812834_java_sharepic/GXDD...", fzr="钱晓斌", dzzt=null}
2026-05-09 16:20:29 [http-nio-9095-exec-10] INFO  c.e.demo.controller.DzdjlController - 记录 19: {khmc="苏州松本智能科技有限公司", yifu=0.00, lxr="王总", dzscwj="http://yhocn.cn:9088/t763812834_java_sharepic/DZGX...", sfkp="已开票", duizhangdanhao="DZGXDD012026042412", kpsj="2026-04-24 11:13:44", wf=913.00, duizhangriqi="2026-04-24", ddrq="2026/04/07", rn=39, yfsj=913.00, pdf_file_name="http://yhocn.cn:9088/t763812834_java_sharepic/GXDD...", fzr="董伟辰", dzzt=null}
2026-05-09 16:20:29 [http-nio-9095-exec-10] INFO  c.e.demo.controller.DzdjlController - 记录 20: {khmc="苏州旺源洪精密机械有限公司", yifu=414.00, lxr="顾洪杰", dzscwj="http://yhocn.cn:9088/t763812834_java_sharepic/DZGX...", sfkp="已开票", duizhangdanhao="DZGXDD012026042425", kpsj="2026-04-24 14:55:19", wf=0.00, duizhangriqi="2026-04-24", ddrq="2026/04/13", rn=40, yfsj=414.00, pdf_file_name=null, fzr="钱晓斌", dzzt=null}
2026-05-09 16:20:53 [http-nio-9095-exec-4] INFO  c.e.demo.controller.DzdController - 分页信息: 第1页/共8页, 每页20条/共160条
2026-05-09 16:20:53 [http-nio-9095-exec-4] INFO  c.e.demo.controller.DzdController - 查询到 20 条记录:
2026-05-09 16:20:53 [http-nio-9095-exec-4] INFO  c.e.demo.controller.DzdController - 记录 1: {khmc="安徽铭毅景图智能制造有限责任公司", yifu="", lxr="谢小姐", ddh="GXDD012026050702", sfkp="未开票", kpsj="", wf="", ddrq="2026/05/07", rn=1, yfsj="174.00", pdf_file_name=null, fzr="钱晓斌", dzzt=null}
2026-05-09 16:20:53 [http-nio-9095-exec-4] INFO  c.e.demo.controller.DzdController - 记录 2: {khmc="安徽铭毅景图智能制造有限责任公司", yifu="", lxr="谢小姐", ddh="GXDD012026043005", sfkp="未开票", kpsj="", wf="", ddrq="2026/04/30", rn=2, yfsj="3279.00", pdf_file_name="http://yhocn.cn:9088/t763812834_java_sharepic/GXDD...", fzr="钱晓斌", dzzt=null}
2026-05-09 16:20:53 [http-nio-9095-exec-4] INFO  c.e.demo.controller.DzdController - 记录 3: {khmc="安庆科迎自动化科技有限公司", yifu="", lxr="何雷", ddh="GXDD052026041401", sfkp="未开票", kpsj="", wf="", ddrq="2026/04/14", rn=3, yfsj="2940.00", pdf_file_name="http://yhocn.cn:9088/t763812834_java_sharepic/GXDD...", fzr="董伟辰", dzzt=null}
2026-05-09 16:20:53 [http-nio-9095-exec-4] INFO  c.e.demo.controller.DzdController - 记录 4: {khmc="安庆科迎自动化科技有限公司", yifu="4242.00", lxr="何雷", ddh="GXDD052026041001", sfkp="未开票", kpsj="", wf="", ddrq="2026/04/10", rn=4, yfsj="4242.00", pdf_file_name="http://yhocn.cn:9088/t763812834_java_sharepic/GXDD...", fzr="董伟辰", dzzt=null}
2026-05-09 16:20:53 [http-nio-9095-exec-4] INFO  c.e.demo.controller.DzdController - 记录 5: {khmc="安晟美自动化设备（苏州）有限公司", yifu="70.00", lxr="余总", ddh="GXDD072026042001", sfkp="未开票", kpsj="", wf="", ddrq="2026/04/20", rn=5, yfsj="70.00", pdf_file_name=null, fzr="陶海鑫", dzzt=null}
2026-05-09 16:20:53 [http-nio-9095-exec-4] INFO  c.e.demo.controller.DzdController - 记录 6: {khmc="奥茵绅智能装备（苏州）有限公司", yifu="", lxr="吕汉东", ddh="GXDD092026042703", sfkp="未开票", kpsj="", wf="", ddrq="2026/04/27", rn=6, yfsj="1200.00", pdf_file_name="http://yhocn.cn:9088/t763812834_java_sharepic/GXDD...", fzr="崔玉泽", dzzt=null}
2026-05-09 16:20:53 [http-nio-9095-exec-4] INFO  c.e.demo.controller.DzdController - 记录 7: {khmc="奥茵绅智能装备（苏州）有限公司", yifu="", lxr="吕汉东", ddh="GXDD072026041701", sfkp="未开票", kpsj="", wf="", ddrq="2026/04/17", rn=7, yfsj="572.00", pdf_file_name="http://yhocn.cn:9088/t763812834_java_sharepic/GXDD...", fzr="陶海鑫", dzzt=null}
2026-05-09 16:20:53 [http-nio-9095-exec-4] INFO  c.e.demo.controller.DzdController - 记录 8: {khmc="碧绿威自动化（苏州）有限公司", yifu="", lxr="程周伟", ddh="SU-PO26040353", sfkp="未开票", kpsj="", wf="", ddrq="2026/04/30", rn=8, yfsj="660.00", pdf_file_name="http://yhocn.cn:9088/t763812834_java_sharepic/SU-P...", fzr="钱晓斌", dzzt=null}
2026-05-09 16:20:53 [http-nio-9095-exec-4] INFO  c.e.demo.controller.DzdController - 记录 9: {khmc="碧绿威自动化（苏州）有限公司", yifu="", lxr="程周伟", ddh="SU-PO26040325", sfkp="未开票", kpsj="", wf="", ddrq="2026/04/28", rn=9, yfsj="336.00", pdf_file_name="http://yhocn.cn:9088/t763812834_java_sharepic/SU-P...", fzr="钱晓斌", dzzt=null}
2026-05-09 16:20:53 [http-nio-9095-exec-4] INFO  c.e.demo.controller.DzdController - 记录 10: {khmc="驰威格自动化设备（苏州）有限公司", yifu="", lxr="杨重阳", ddh="CWG20260427008", sfkp="未开票", kpsj="", wf="", ddrq="2026/04/27", rn=10, yfsj="3660.00", pdf_file_name="http://yhocn.cn:9088/t763812834_java_sharepic/CWG2...", fzr="雷媛", dzzt=null}
2026-05-09 16:20:53 [http-nio-9095-exec-4] INFO  c.e.demo.controller.DzdController - 记录 11: {khmc="德鑫隆（苏州）智能装备有限公司", yifu="", lxr="王影", ddh="GXDD052026041601", sfkp="未开票", kpsj="", wf="", ddrq="2026/04/16", rn=11, yfsj="1950.00", pdf_file_name="http://yhocn.cn:9088/t763812834_java_sharepic/GXDD...", fzr="董伟辰", dzzt=null}
2026-05-09 16:20:53 [http-nio-9095-exec-4] INFO  c.e.demo.controller.DzdController - 记录 12: {khmc="东莞市伟亿鑫自动化科技有限公司", yifu="", lxr="吴有才", ddh="GXDD042026042901", sfkp="未开票", kpsj="", wf="", ddrq="2026/04/29", rn=12, yfsj="3210.00", pdf_file_name="http://yhocn.cn:9088/t763812834_java_sharepic/GXDD...", fzr="雷媛", dzzt=null}
2026-05-09 16:20:53 [http-nio-9095-exec-4] INFO  c.e.demo.controller.DzdController - 记录 13: {khmc="东莞市伟亿鑫自动化科技有限公司", yifu="", lxr="吴有才", ddh="GXDD042026042501", sfkp="未开票", kpsj="", wf="", ddrq="2026/04/25", rn=13, yfsj="74.00", pdf_file_name="http://yhocn.cn:9088/t763812834_java_sharepic/GXDD...", fzr="雷媛", dzzt=null}
2026-05-09 16:20:53 [http-nio-9095-exec-4] INFO  c.e.demo.controller.DzdController - 记录 14: {khmc="东莞市伟亿鑫自动化科技有限公司", yifu="", lxr="吴有才", ddh="GXDD042026042401", sfkp="未开票", kpsj="", wf="", ddrq="2026/04/24", rn=14, yfsj="1425.00", pdf_file_name="http://yhocn.cn:9088/t763812834_java_sharepic/GXDD...", fzr="雷媛", dzzt=null}
2026-05-09 16:20:53 [http-nio-9095-exec-4] INFO  c.e.demo.controller.DzdController - 记录 15: {khmc="丰铁机械（苏州）有限公司", yifu="", lxr="徐小姐", ddh="00KSHYX26004", sfkp="未开票", kpsj="", wf="", ddrq="2026/04/24", rn=15, yfsj="872.00", pdf_file_name="http://yhocn.cn:9088/t763812834_java_sharepic/00KS...", fzr="钱晓斌", dzzt=null}
2026-05-09 16:20:53 [http-nio-9095-exec-4] INFO  c.e.demo.controller.DzdController - 记录 16: {khmc="固德堡（昆山）精密机械有限公司", yifu="", lxr="成秀", ddh="JD-07-T-20260427-002", sfkp="未开票", kpsj="", wf="", ddrq="2026/04/27", rn=16, yfsj="920.00", pdf_file_name="http://yhocn.cn:9088/t763812834_java_sharepic/JD-0...", fzr="董伟辰", dzzt=null}
2026-05-09 16:20:53 [http-nio-9095-exec-4] INFO  c.e.demo.controller.DzdController - 记录 17: {khmc="海宁市华博机械有限公司", yifu="", lxr="马勤", ddh="GXDD092026042902", sfkp="未开票", kpsj="", wf="", ddrq="2026/04/29", rn=17, yfsj="1608.00", pdf_file_name=null, fzr="崔玉泽", dzzt=null}
2026-05-09 16:20:53 [http-nio-9095-exec-4] INFO  c.e.demo.controller.DzdController - 记录 18: {khmc="杭州锐毅科技有限公司", yifu="374.00", lxr="仓库", ddh="GXDD042026042804", sfkp="未开票", kpsj="", wf="", ddrq="2026/04/28", rn=18, yfsj="374.00", pdf_file_name="http://yhocn.cn:9088/t763812834_java_sharepic/GXDD...", fzr="雷媛", dzzt=null}
2026-05-09 16:20:53 [http-nio-9095-exec-4] INFO  c.e.demo.controller.DzdController - 记录 19: {khmc="湖南南方机床有限公司", yifu="", lxr="裴孝顺", ddh="SRMDD26041207", sfkp="未开票", kpsj="", wf="", ddrq="2026/04/28", rn=19, yfsj="5298.00", pdf_file_name=null, fzr="钱晓斌", dzzt=null}
2026-05-09 16:20:53 [http-nio-9095-exec-4] INFO  c.e.demo.controller.DzdController - 记录 20: {khmc="湖南南方机床有限公司", yifu="", lxr="裴孝顺", ddh="SRMDD26041026", sfkp="未开票", kpsj="", wf="", ddrq="2026/04/28", rn=20, yfsj="8290.00", pdf_file_name=null, fzr="钱晓斌", dzzt=null}
2026-05-09 16:20:56 [http-nio-9095-exec-8] INFO  c.e.demo.controller.DzdController - 分页信息: 第2页/共8页, 每页20条/共160条
2026-05-09 16:20:56 [http-nio-9095-exec-8] INFO  c.e.demo.controller.DzdController - 查询到 20 条记录:
2026-05-09 16:20:56 [http-nio-9095-exec-8] INFO  c.e.demo.controller.DzdController - 记录 1: {khmc="湖南南方机床有限公司", yifu="", lxr="裴孝顺", ddh="GXDD012026042202", sfkp="未开票", kpsj="", wf="", ddrq="2026/04/22", rn=21, yfsj="2400.00", pdf_file_name=null, fzr="钱晓斌", dzzt=null}
2026-05-09 16:20:56 [http-nio-9095-exec-8] INFO  c.e.demo.controller.DzdController - 记录 2: {khmc="江苏创尚五金有限公司", yifu="600.00", lxr="李书萍", ddh="GXDD1020260424001", sfkp="未开票", kpsj="", wf="", ddrq="2026/04/24", rn=22, yfsj="600.00", pdf_file_name=null, fzr="李娇", dzzt=null}
2026-05-09 16:20:56 [http-nio-9095-exec-8] INFO  c.e.demo.controller.DzdController - 记录 3: {khmc="江苏港星方能超声洗净科技有限公司", yifu="", lxr="吴小姐", ddh="GXDD052026042202", sfkp="未开票", kpsj="", wf="", ddrq="2026/04/22", rn=23, yfsj="1884.00", pdf_file_name="http://yhocn.cn:9088/t763812834_java_sharepic/GXDD...", fzr="董伟辰", dzzt=null}
2026-05-09 16:20:56 [http-nio-9095-exec-8] INFO  c.e.demo.controller.DzdController - 记录 4: {khmc="江苏港星方能超声洗净科技有限公司", yifu="", lxr="吴小姐", ddh="GXDD052026041502", sfkp="未开票", kpsj="", wf="", ddrq="2026/04/15", rn=24, yfsj="21900.00", pdf_file_name="http://yhocn.cn:9088/t763812834_java_sharepic/GXDD...", fzr="董伟辰", dzzt=null}
2026-05-09 16:20:56 [http-nio-9095-exec-8] INFO  c.e.demo.controller.DzdController - 记录 5: {khmc="江苏金竑智能制造有限公司", yifu="", lxr="滕梦影", ddh="GXDD052026042201", sfkp="未开票", kpsj="", wf="", ddrq="2026/04/22", rn=25, yfsj="1400.00", pdf_file_name="http://yhocn.cn:9088/t763812834_java_sharepic/GXDD...", fzr="董伟辰", dzzt=null}
2026-05-09 16:20:56 [http-nio-9095-exec-8] INFO  c.e.demo.controller.DzdController - 记录 6: {khmc="江苏泰莱传动技术有限公司", yifu="", lxr="周云", ddh="P260430023", sfkp="未开票", kpsj="", wf="", ddrq="2026/04/30", rn=26, yfsj="132.00", pdf_file_name="http://yhocn.cn:9088/t763812834_java_sharepic/P260...", fzr="钱晓斌", dzzt=null}
2026-05-09 16:20:56 [http-nio-9095-exec-8] INFO  c.e.demo.controller.DzdController - 记录 7: {khmc="江苏泰莱传动技术有限公司", yifu="", lxr="周云", ddh="P260423021", sfkp="未开票", kpsj="", wf="", ddrq="2026/04/24", rn=27, yfsj="3562.00", pdf_file_name="http://yhocn.cn:9088/t763812834_java_sharepic/P260...", fzr="钱晓斌", dzzt=null}
2026-05-09 16:20:56 [http-nio-9095-exec-8] INFO  c.e.demo.controller.DzdController - 记录 8: {khmc="江苏泰莱传动技术有限公司", yifu="", lxr="周云", ddh="P260423009", sfkp="未开票", kpsj="", wf="", ddrq="2026/04/23", rn=28, yfsj="3379.00", pdf_file_name="http://yhocn.cn:9088/t763812834_java_sharepic/P260...", fzr="钱晓斌", dzzt=null}
2026-05-09 16:20:56 [http-nio-9095-exec-8] INFO  c.e.demo.controller.DzdController - 记录 9: {khmc="江苏泰莱传动技术有限公司", yifu="", lxr="周云", ddh="P260423003", sfkp="未开票", kpsj="", wf="", ddrq="2026/04/23", rn=29, yfsj="2058.00", pdf_file_name="http://yhocn.cn:9088/t763812834_java_sharepic/P260...", fzr="钱晓斌", dzzt=null}
2026-05-09 16:20:56 [http-nio-9095-exec-8] INFO  c.e.demo.controller.DzdController - 记录 10: {khmc="江苏泰莱传动技术有限公司", yifu="", lxr="周云", ddh="P260411025", sfkp="未开票", kpsj="", wf="", ddrq="2026/04/13", rn=30, yfsj="159280.00", pdf_file_name="http://yhocn.cn:9088/t763812834_java_sharepic/P260...", fzr="陶海鑫", dzzt=null}
2026-05-09 16:20:56 [http-nio-9095-exec-8] INFO  c.e.demo.controller.DzdController - 记录 11: {khmc="江苏威翔瑞智能设备科技有限公司", yifu="", lxr="肖南意", ddh="WXR20260427249", sfkp="未开票", kpsj="", wf="", ddrq="2026/04/28", rn=31, yfsj="183.00", pdf_file_name="http://yhocn.cn:9088/t763812834_java_sharepic/WXR2...", fzr="雷媛", dzzt=null}
2026-05-09 16:20:56 [http-nio-9095-exec-8] INFO  c.e.demo.controller.DzdController - 记录 12: {khmc="江苏韦尔迪自动化有限公司", yifu="", lxr="吴晓凤", ddh="PO20260505000036", sfkp="未开票", kpsj="", wf="", ddrq="2026/05/08", rn=32, yfsj="3328.00", pdf_file_name=null, fzr="钱晓斌", dzzt=null}
2026-05-09 16:20:56 [http-nio-9095-exec-8] INFO  c.e.demo.controller.DzdController - 记录 13: {khmc="江苏韦尔迪自动化有限公司", yifu="", lxr="吴晓凤", ddh="PO20260505000021", sfkp="未开票", kpsj="", wf="", ddrq="2026/05/08", rn=33, yfsj="768.00", pdf_file_name=null, fzr="钱晓斌", dzzt=null}
2026-05-09 16:20:56 [http-nio-9095-exec-8] INFO  c.e.demo.controller.DzdController - 记录 14: {khmc="江苏韦尔迪自动化有限公司", yifu="", lxr="吴晓凤", ddh="PO20260424000038", sfkp="未开票", kpsj="", wf="", ddrq="2026/04/24", rn=34, yfsj="640.00", pdf_file_name="http://yhocn.cn:9088/t763812834_java_sharepic/PO20...", fzr="钱晓斌", dzzt=null}
2026-05-09 16:20:56 [http-nio-9095-exec-8] INFO  c.e.demo.controller.DzdController - 记录 15: {khmc="江苏韦尔迪自动化有限公司", yifu="", lxr="吴晓凤", ddh="PO20260422000024", sfkp="未开票", kpsj="", wf="", ddrq="2026/04/23", rn=35, yfsj="570.00", pdf_file_name="http://yhocn.cn:9088/t763812834_java_sharepic/PO20...", fzr="钱晓斌", dzzt=null}
2026-05-09 16:20:56 [http-nio-9095-exec-8] INFO  c.e.demo.controller.DzdController - 记录 16: {khmc="江苏韦尔迪自动化有限公司", yifu="", lxr="吴晓凤", ddh="PO20260418000016", sfkp="未开票", kpsj="", wf="", ddrq="2026/04/20", rn=36, yfsj="5920.00", pdf_file_name="http://yhocn.cn:9088/t763812834_java_sharepic/PO20...", fzr="钱晓斌", dzzt=null}
2026-05-09 16:20:56 [http-nio-9095-exec-8] INFO  c.e.demo.controller.DzdController - 记录 17: {khmc="昆山艾意康智能科技有限公司", yifu="", lxr="孔缦缦", ddh="GXDD042026042910", sfkp="未开票", kpsj="", wf="", ddrq="2026/04/29", rn=37, yfsj="1125.00", pdf_file_name="http://yhocn.cn:9088/t763812834_java_sharepic/GXDD...", fzr="雷媛", dzzt=null}
2026-05-09 16:20:56 [http-nio-9095-exec-8] INFO  c.e.demo.controller.DzdController - 记录 18: {khmc="昆山艾意康智能科技有限公司", yifu="", lxr="孔缦缦", ddh="GXDD042026042103", sfkp="未开票", kpsj="", wf="", ddrq="2026/04/21", rn=38, yfsj="2976.00", pdf_file_name="http://yhocn.cn:9088/t763812834_java_sharepic/GXDD...", fzr="雷媛", dzzt=null}
2026-05-09 16:20:56 [http-nio-9095-exec-8] INFO  c.e.demo.controller.DzdController - 记录 19: {khmc="昆山艾意康智能科技有限公司", yifu="", lxr="孔缦缦", ddh="GXDD042026041804", sfkp="未开票", kpsj="", wf="", ddrq="2026/04/18", rn=39, yfsj="500.00", pdf_file_name=null, fzr="雷媛", dzzt=null}
2026-05-09 16:20:56 [http-nio-9095-exec-8] INFO  c.e.demo.controller.DzdController - 记录 20: {khmc="昆山艾意康智能科技有限公司", yifu="", lxr="孔缦缦", ddh="GXDD042026041504", sfkp="未开票", kpsj="", wf="", ddrq="2026/04/15", rn=40, yfsj="2575.00", pdf_file_name=null, fzr="雷媛", dzzt=null}
2026-05-09 16:21:01 [http-nio-9095-exec-6] INFO  c.e.demo.controller.DzdController - 分页信息: 第1页/共8页, 每页20条/共160条
2026-05-09 16:21:01 [http-nio-9095-exec-6] INFO  c.e.demo.controller.DzdController - 查询到 20 条记录:
2026-05-09 16:21:01 [http-nio-9095-exec-6] INFO  c.e.demo.controller.DzdController - 记录 1: {khmc="安徽铭毅景图智能制造有限责任公司", yifu="", lxr="谢小姐", ddh="GXDD012026050702", sfkp="未开票", kpsj="", wf="", ddrq="2026/05/07", rn=1, yfsj="174.00", pdf_file_name=null, fzr="钱晓斌", dzzt=null}
2026-05-09 16:21:01 [http-nio-9095-exec-6] INFO  c.e.demo.controller.DzdController - 记录 2: {khmc="安徽铭毅景图智能制造有限责任公司", yifu="", lxr="谢小姐", ddh="GXDD012026043005", sfkp="未开票", kpsj="", wf="", ddrq="2026/04/30", rn=2, yfsj="3279.00", pdf_file_name="http://yhocn.cn:9088/t763812834_java_sharepic/GXDD...", fzr="钱晓斌", dzzt=null}
2026-05-09 16:21:01 [http-nio-9095-exec-6] INFO  c.e.demo.controller.DzdController - 记录 3: {khmc="安庆科迎自动化科技有限公司", yifu="", lxr="何雷", ddh="GXDD052026041401", sfkp="未开票", kpsj="", wf="", ddrq="2026/04/14", rn=3, yfsj="2940.00", pdf_file_name="http://yhocn.cn:9088/t763812834_java_sharepic/GXDD...", fzr="董伟辰", dzzt=null}
2026-05-09 16:21:01 [http-nio-9095-exec-6] INFO  c.e.demo.controller.DzdController - 记录 4: {khmc="安庆科迎自动化科技有限公司", yifu="4242.00", lxr="何雷", ddh="GXDD052026041001", sfkp="未开票", kpsj="", wf="", ddrq="2026/04/10", rn=4, yfsj="4242.00", pdf_file_name="http://yhocn.cn:9088/t763812834_java_sharepic/GXDD...", fzr="董伟辰", dzzt=null}
2026-05-09 16:21:01 [http-nio-9095-exec-6] INFO  c.e.demo.controller.DzdController - 记录 5: {khmc="安晟美自动化设备（苏州）有限公司", yifu="70.00", lxr="余总", ddh="GXDD072026042001", sfkp="未开票", kpsj="", wf="", ddrq="2026/04/20", rn=5, yfsj="70.00", pdf_file_name=null, fzr="陶海鑫", dzzt=null}
2026-05-09 16:21:01 [http-nio-9095-exec-6] INFO  c.e.demo.controller.DzdController - 记录 6: {khmc="奥茵绅智能装备（苏州）有限公司", yifu="", lxr="吕汉东", ddh="GXDD092026042703", sfkp="未开票", kpsj="", wf="", ddrq="2026/04/27", rn=6, yfsj="1200.00", pdf_file_name="http://yhocn.cn:9088/t763812834_java_sharepic/GXDD...", fzr="崔玉泽", dzzt=null}
2026-05-09 16:21:01 [http-nio-9095-exec-6] INFO  c.e.demo.controller.DzdController - 记录 7: {khmc="奥茵绅智能装备（苏州）有限公司", yifu="", lxr="吕汉东", ddh="GXDD072026041701", sfkp="未开票", kpsj="", wf="", ddrq="2026/04/17", rn=7, yfsj="572.00", pdf_file_name="http://yhocn.cn:9088/t763812834_java_sharepic/GXDD...", fzr="陶海鑫", dzzt=null}
2026-05-09 16:21:01 [http-nio-9095-exec-6] INFO  c.e.demo.controller.DzdController - 记录 8: {khmc="碧绿威自动化（苏州）有限公司", yifu="", lxr="程周伟", ddh="SU-PO26040353", sfkp="未开票", kpsj="", wf="", ddrq="2026/04/30", rn=8, yfsj="660.00", pdf_file_name="http://yhocn.cn:9088/t763812834_java_sharepic/SU-P...", fzr="钱晓斌", dzzt=null}
2026-05-09 16:21:01 [http-nio-9095-exec-6] INFO  c.e.demo.controller.DzdController - 记录 9: {khmc="碧绿威自动化（苏州）有限公司", yifu="", lxr="程周伟", ddh="SU-PO26040325", sfkp="未开票", kpsj="", wf="", ddrq="2026/04/28", rn=9, yfsj="336.00", pdf_file_name="http://yhocn.cn:9088/t763812834_java_sharepic/SU-P...", fzr="钱晓斌", dzzt=null}
2026-05-09 16:21:01 [http-nio-9095-exec-6] INFO  c.e.demo.controller.DzdController - 记录 10: {khmc="驰威格自动化设备（苏州）有限公司", yifu="", lxr="杨重阳", ddh="CWG20260427008", sfkp="未开票", kpsj="", wf="", ddrq="2026/04/27", rn=10, yfsj="3660.00", pdf_file_name="http://yhocn.cn:9088/t763812834_java_sharepic/CWG2...", fzr="雷媛", dzzt=null}
2026-05-09 16:21:01 [http-nio-9095-exec-6] INFO  c.e.demo.controller.DzdController - 记录 11: {khmc="德鑫隆（苏州）智能装备有限公司", yifu="", lxr="王影", ddh="GXDD052026041601", sfkp="未开票", kpsj="", wf="", ddrq="2026/04/16", rn=11, yfsj="1950.00", pdf_file_name="http://yhocn.cn:9088/t763812834_java_sharepic/GXDD...", fzr="董伟辰", dzzt=null}
2026-05-09 16:21:01 [http-nio-9095-exec-6] INFO  c.e.demo.controller.DzdController - 记录 12: {khmc="东莞市伟亿鑫自动化科技有限公司", yifu="", lxr="吴有才", ddh="GXDD042026042901", sfkp="未开票", kpsj="", wf="", ddrq="2026/04/29", rn=12, yfsj="3210.00", pdf_file_name="http://yhocn.cn:9088/t763812834_java_sharepic/GXDD...", fzr="雷媛", dzzt=null}
2026-05-09 16:21:01 [http-nio-9095-exec-6] INFO  c.e.demo.controller.DzdController - 记录 13: {khmc="东莞市伟亿鑫自动化科技有限公司", yifu="", lxr="吴有才", ddh="GXDD042026042501", sfkp="未开票", kpsj="", wf="", ddrq="2026/04/25", rn=13, yfsj="74.00", pdf_file_name="http://yhocn.cn:9088/t763812834_java_sharepic/GXDD...", fzr="雷媛", dzzt=null}
2026-05-09 16:21:01 [http-nio-9095-exec-6] INFO  c.e.demo.controller.DzdController - 记录 14: {khmc="东莞市伟亿鑫自动化科技有限公司", yifu="", lxr="吴有才", ddh="GXDD042026042401", sfkp="未开票", kpsj="", wf="", ddrq="2026/04/24", rn=14, yfsj="1425.00", pdf_file_name="http://yhocn.cn:9088/t763812834_java_sharepic/GXDD...", fzr="雷媛", dzzt=null}
2026-05-09 16:21:01 [http-nio-9095-exec-6] INFO  c.e.demo.controller.DzdController - 记录 15: {khmc="丰铁机械（苏州）有限公司", yifu="", lxr="徐小姐", ddh="00KSHYX26004", sfkp="未开票", kpsj="", wf="", ddrq="2026/04/24", rn=15, yfsj="872.00", pdf_file_name="http://yhocn.cn:9088/t763812834_java_sharepic/00KS...", fzr="钱晓斌", dzzt=null}
2026-05-09 16:21:01 [http-nio-9095-exec-6] INFO  c.e.demo.controller.DzdController - 记录 16: {khmc="固德堡（昆山）精密机械有限公司", yifu="", lxr="成秀", ddh="JD-07-T-20260427-002", sfkp="未开票", kpsj="", wf="", ddrq="2026/04/27", rn=16, yfsj="920.00", pdf_file_name="http://yhocn.cn:9088/t763812834_java_sharepic/JD-0...", fzr="董伟辰", dzzt=null}
2026-05-09 16:21:01 [http-nio-9095-exec-6] INFO  c.e.demo.controller.DzdController - 记录 17: {khmc="海宁市华博机械有限公司", yifu="", lxr="马勤", ddh="GXDD092026042902", sfkp="未开票", kpsj="", wf="", ddrq="2026/04/29", rn=17, yfsj="1608.00", pdf_file_name=null, fzr="崔玉泽", dzzt=null}
2026-05-09 16:21:01 [http-nio-9095-exec-6] INFO  c.e.demo.controller.DzdController - 记录 18: {khmc="杭州锐毅科技有限公司", yifu="374.00", lxr="仓库", ddh="GXDD042026042804", sfkp="未开票", kpsj="", wf="", ddrq="2026/04/28", rn=18, yfsj="374.00", pdf_file_name="http://yhocn.cn:9088/t763812834_java_sharepic/GXDD...", fzr="雷媛", dzzt=null}
2026-05-09 16:21:01 [http-nio-9095-exec-6] INFO  c.e.demo.controller.DzdController - 记录 19: {khmc="湖南南方机床有限公司", yifu="", lxr="裴孝顺", ddh="SRMDD26041207", sfkp="未开票", kpsj="", wf="", ddrq="2026/04/28", rn=19, yfsj="5298.00", pdf_file_name=null, fzr="钱晓斌", dzzt=null}
2026-05-09 16:21:01 [http-nio-9095-exec-6] INFO  c.e.demo.controller.DzdController - 记录 20: {khmc="湖南南方机床有限公司", yifu="", lxr="裴孝顺", ddh="SRMDD26041026", sfkp="未开票", kpsj="", wf="", ddrq="2026/04/28", rn=20, yfsj="8290.00", pdf_file_name=null, fzr="钱晓斌", dzzt=null}
2026-05-09 16:21:07 [http-nio-9095-exec-4] INFO  c.e.demo.controller.DzdjlController - 分页信息: 第1页/共14页, 每页20条/共279条
2026-05-09 16:21:07 [http-nio-9095-exec-4] INFO  c.e.demo.controller.DzdjlController - 查询到 20 条记录:
2026-05-09 16:21:07 [http-nio-9095-exec-4] INFO  c.e.demo.controller.DzdjlController - 记录 1: {khmc="湖南南方机床有限公司", yifu=0.00, lxr="裴孝顺", dzscwj="http://yhocn.cn:9088/t763812834_java_sharepic/DZGX...", sfkp="已开票", duizhangdanhao="DZGXDD012026050701", kpsj="2026-05-07 17:20:14", wf=142282.00, duizhangriqi="2026-05-07", ddrq="2026/04/16", rn=1, yfsj=142282.00, pdf_file_name="http://yhocn.cn:9088/t763812834_java_sharepic/SRMD...", fzr="钱晓斌", dzzt=null}
2026-05-09 16:21:07 [http-nio-9095-exec-4] INFO  c.e.demo.controller.DzdjlController - 记录 2: {khmc="昆山润志科自动化设备有限公司", yifu=0.00, lxr="沈总", dzscwj="http://yhocn.cn:9088/t763812834_java_sharepic/DZGX...", sfkp="已开票", duizhangdanhao="DZGXDD012026043001", kpsj="2026-04-30 08:57:56", wf=26169.00, duizhangriqi="2026-04-30", ddrq="2026/04/16", rn=2, yfsj=26169.00, pdf_file_name=null, fzr="崔玉泽", dzzt=null}
2026-05-09 16:21:07 [http-nio-9095-exec-4] INFO  c.e.demo.controller.DzdjlController - 记录 3: {khmc="昆山埃森自动化技术有限公司", yifu=362.00, lxr="王跃金", dzscwj="http://yhocn.cn:9088/t763812834_java_sharepic/DZGX...", sfkp="已开票", duizhangdanhao="DZGXDD012026042901", kpsj="2026-04-29 14:56:38", wf=0.00, duizhangriqi="2026-04-29", ddrq="2026/04/22", rn=3, yfsj=362.00, pdf_file_name="http://yhocn.cn:9088/t763812834_java_sharepic/GXDD...", fzr="崔玉泽", dzzt=null}
2026-05-09 16:21:07 [http-nio-9095-exec-4] INFO  c.e.demo.controller.DzdjlController - 记录 4: {khmc="奥茵绅智能装备（苏州）有限公司", yifu=0.00, lxr="吕汉东", dzscwj="http://yhocn.cn:9088/t763812834_java_sharepic/DZGX...", sfkp="已开票", duizhangdanhao="DZGXDD012026042807", kpsj="2026-04-28 10:08:50", wf=4004.00, duizhangriqi="2026-04-28", ddrq="2026/04/09", rn=4, yfsj=4004.00, pdf_file_name="http://yhocn.cn:9088/t763812834_java_sharepic/GXDD...", fzr="陶海鑫", dzzt=null}
2026-05-09 16:21:07 [http-nio-9095-exec-4] INFO  c.e.demo.controller.DzdjlController - 记录 5: {khmc="江苏港星方能超声洗净科技有限公司", yifu=0.00, lxr="吴小姐", dzscwj="http://yhocn.cn:9088/t763812834_java_sharepic/DZGX...", sfkp="已开票", duizhangdanhao="DZGXDD012026042811", kpsj="2026-04-28 16:05:28", wf=10849.00, duizhangriqi="2026-04-28", ddrq="2026/04/07", rn=5, yfsj=10849.00, pdf_file_name="http://yhocn.cn:9088/t763812834_java_sharepic/GXDD...", fzr="董伟辰", dzzt=null}
2026-05-09 16:21:07 [http-nio-9095-exec-4] INFO  c.e.demo.controller.DzdjlController - 记录 6: {khmc="江苏洛银传动科技有限公司", yifu=1470.00, lxr="墨伟超", dzscwj="http://yhocn.cn:9088/t763812834_java_sharepic/DZGX...", sfkp="已开票", duizhangdanhao="DZGXDD012026042801", kpsj="2026-04-28 10:08:50", wf=0.00, duizhangriqi="2026-04-28", ddrq="2026/04/23", rn=6, yfsj=1470.00, pdf_file_name="http://yhocn.cn:9088/t763812834_java_sharepic/GXDD...", fzr="钱晓斌", dzzt=null}
2026-05-09 16:21:07 [http-nio-9095-exec-4] INFO  c.e.demo.controller.DzdjlController - 记录 7: {khmc="苏州博鲁克机器人系统工程有限公司", yifu=0.00, lxr="张兰", dzscwj="http://yhocn.cn:9088/t763812834_java_sharepic/DZGX...", sfkp="已开票", duizhangdanhao="DZGXDD012026042808", kpsj="2026-04-28 10:08:50", wf=10800.00, duizhangriqi="2026-04-28", ddrq="2026/03/19", rn=7, yfsj=10800.00, pdf_file_name="http://yhocn.cn:9088/t763812834_java_sharepic/BRC-...", fzr="陶海鑫", dzzt=null}
2026-05-09 16:21:07 [http-nio-9095-exec-4] INFO  c.e.demo.controller.DzdjlController - 记录 8: {khmc="维在德自动化科技（苏州）有限公司", yifu=10200.00, lxr="齐浩", dzscwj="http://yhocn.cn:9088/t763812834_java_sharepic/DZGX...", sfkp="已开票", duizhangdanhao="DZGXDD012026042810", kpsj="2026-04-28 15:37:29", wf=0.00, duizhangriqi="2026-04-28", ddrq="2026/04/18", rn=8, yfsj=10200.00, pdf_file_name=null, fzr="陶海鑫", dzzt=null}
2026-05-09 16:21:07 [http-nio-9095-exec-4] INFO  c.e.demo.controller.DzdjlController - 记录 9: {khmc="中设智能装备（苏州）有限公司", yifu=0.00, lxr="曹静", dzscwj="http://yhocn.cn:9088/t763812834_java_sharepic/DZGX...", sfkp="已开票", duizhangdanhao="DZGXDD012026042802", kpsj="2026-04-28 10:08:50", wf=50.00, duizhangriqi="2026-04-28", ddrq="2026/03/17", rn=9, yfsj=50.00, pdf_file_name="http://yhocn.cn:9088/t763812834_java_sharepic/GXDD...", fzr="陶海鑫", dzzt=null}
2026-05-09 16:21:07 [http-nio-9095-exec-4] INFO  c.e.demo.controller.DzdjlController - 记录 10: {khmc="中设智能装备（苏州）有限公司", yifu=0.00, lxr="曹静", dzscwj="http://yhocn.cn:9088/t763812834_java_sharepic/DZGX...", sfkp="已开票", duizhangdanhao="DZGXDD012026042803", kpsj="2026-04-28 10:08:50", wf=944.00, duizhangriqi="2026-04-28", ddrq="2026/03/19", rn=10, yfsj=944.00, pdf_file_name="http://yhocn.cn:9088/t763812834_java_sharepic/ZS20...", fzr="陶海鑫", dzzt=null}
2026-05-09 16:21:07 [http-nio-9095-exec-4] INFO  c.e.demo.controller.DzdjlController - 记录 11: {khmc="中设智能装备（苏州）有限公司", yifu=0.00, lxr="曹静", dzscwj="http://yhocn.cn:9088/t763812834_java_sharepic/DZGX...", sfkp="已开票", duizhangdanhao="DZGXDD012026042804", kpsj="2026-04-28 10:08:50", wf=317.00, duizhangriqi="2026-04-28", ddrq="2026/04/07", rn=11, yfsj=317.00, pdf_file_name="http://yhocn.cn:9088/t763812834_java_sharepic/GXDD...", fzr="陶海鑫", dzzt=null}
2026-05-09 16:21:07 [http-nio-9095-exec-4] INFO  c.e.demo.controller.DzdjlController - 记录 12: {khmc="中设智能装备（苏州）有限公司", yifu=0.00, lxr="曹静", dzscwj="http://yhocn.cn:9088/t763812834_java_sharepic/DZGX...", sfkp="已开票", duizhangdanhao="DZGXDD012026042805", kpsj="2026-04-28 10:08:50", wf=15978.00, duizhangriqi="2026-04-28", ddrq="2026/04/09", rn=12, yfsj=15978.00, pdf_file_name="http://yhocn.cn:9088/t763812834_java_sharepic/GXDD...", fzr="陶海鑫", dzzt=null}
2026-05-09 16:21:07 [http-nio-9095-exec-4] INFO  c.e.demo.controller.DzdjlController - 记录 13: {khmc="中设智能装备（苏州）有限公司", yifu=0.00, lxr="曹静", dzscwj="http://yhocn.cn:9088/t763812834_java_sharepic/DZGX...", sfkp="已开票", duizhangdanhao="DZGXDD012026042806", kpsj="2026-04-28 10:08:50", wf=3090.00, duizhangriqi="2026-04-28", ddrq="2026/04/13", rn=13, yfsj=3090.00, pdf_file_name="http://yhocn.cn:9088/t763812834_java_sharepic/GXDD...", fzr="陶海鑫", dzzt=null}
2026-05-09 16:21:07 [http-nio-9095-exec-4] INFO  c.e.demo.controller.DzdjlController - 记录 14: {khmc="江苏泰莱传动技术有限公司", yifu=0.00, lxr="周云", dzscwj="http://yhocn.cn:9088/t763812834_java_sharepic/DZGX...", sfkp="已开票", duizhangdanhao="DZGXDD012026042703", kpsj="2026-04-27 10:00:14", wf=38183.00, duizhangriqi="2026-04-27", ddrq="2026/04/20", rn=14, yfsj=38183.00, pdf_file_name="http://yhocn.cn:9088/t763812834_java_sharepic/P260...", fzr="陶海鑫", dzzt=null}
2026-05-09 16:21:07 [http-nio-9095-exec-4] INFO  c.e.demo.controller.DzdjlController - 记录 15: {khmc="江苏泰莱传动科技有限公司", yifu=0.00, lxr="周云", dzscwj="http://yhocn.cn:9088/t763812834_java_sharepic/DZGX...", sfkp="已开票", duizhangdanhao="DZGXDD012026042702", kpsj="2026-04-27 10:00:14", wf=5082.00, duizhangriqi="2026-04-27", ddrq="2026/03/20", rn=15, yfsj=5082.00, pdf_file_name="http://yhocn.cn:9088/t763812834_java_sharepic/P260...", fzr="陶海鑫", dzzt=null}
2026-05-09 16:21:07 [http-nio-9095-exec-4] INFO  c.e.demo.controller.DzdjlController - 记录 16: {khmc="苏州华恩远自动化设备有限公司", yifu=0.00, lxr="张苑", dzscwj="http://yhocn.cn:9088/t763812834_java_sharepic/DZGX...", sfkp="已开票", duizhangdanhao="DZGXDD012026042701", kpsj="2026-04-27 10:00:14", wf=40830.00, duizhangriqi="2026-04-27", ddrq="2026/04/17", rn=16, yfsj=40830.00, pdf_file_name="http://yhocn.cn:9088/t763812834_java_sharepic/GXDD...", fzr="钱晓斌", dzzt=null}
2026-05-09 16:21:07 [http-nio-9095-exec-4] INFO  c.e.demo.controller.DzdjlController - 记录 17: {khmc="霸导自动化设备（无锡）有限公司", yifu=54480.00, lxr="王俊", dzscwj="http://yhocn.cn:9088/t763812834_java_sharepic/DZGX...", sfkp="已开票", duizhangdanhao="DZGXDD012026042401", kpsj="2026-04-24 11:13:44", wf=0.00, duizhangriqi="2026-04-24", ddrq="2026/03/31", rn=17, yfsj=54480.00, pdf_file_name="http://yhocn.cn:9088/t763812834_java_sharepic/GXDD...", fzr="董伟辰", dzzt=null}
2026-05-09 16:21:07 [http-nio-9095-exec-4] INFO  c.e.demo.controller.DzdjlController - 记录 18: {khmc="德鑫隆（苏州）智能装备有限公司", yifu=0.00, lxr="王影", dzscwj="http://yhocn.cn:9088/t763812834_java_sharepic/DZGX...", sfkp="已开票", duizhangdanhao="DZGXDD012026042402", kpsj="2026-04-24 11:13:44", wf=11000.00, duizhangriqi="2026-04-24", ddrq="2026/04/09", rn=18, yfsj=11000.00, pdf_file_name="http://yhocn.cn:9088/t763812834_java_sharepic/GXDD...", fzr="董伟辰", dzzt=null}
2026-05-09 16:21:07 [http-nio-9095-exec-4] INFO  c.e.demo.controller.DzdjlController - 记录 19: {khmc="东佑达机器人（苏州）有限公司", yifu=0.00, lxr="", dzscwj="http://yhocn.cn:9088/t763812834_java_sharepic/DZGX...", sfkp="已开票", duizhangdanhao="DZGXDD012026042421", kpsj="2026-04-24 14:55:19", wf=16416.00, duizhangriqi="2026-04-24", ddrq="2026/04/21", rn=19, yfsj=16416.00, pdf_file_name="http://yhocn.cn:9088/t763812834_java_sharepic/S302...", fzr="钱晓斌", dzzt=null}
2026-05-09 16:21:07 [http-nio-9095-exec-4] INFO  c.e.demo.controller.DzdjlController - 记录 20: {khmc="丰铁机械（苏州）有限公司", yifu=0.00, lxr="徐小姐", dzscwj="http://yhocn.cn:9088/t763812834_java_sharepic/DZGX...", sfkp="已开票", duizhangdanhao="DZGXDD012026042422", kpsj="2026-04-24 14:55:19", wf=11600.00, duizhangriqi="2026-04-24", ddrq="2026/03/13", rn=20, yfsj=11600.00, pdf_file_name=null, fzr="钱晓斌", dzzt=null}
2026-05-09 16:21:10 [http-nio-9095-exec-8] INFO  c.e.demo.controller.DzdjlController - 分页信息: 第2页/共14页, 每页20条/共279条
2026-05-09 16:21:10 [http-nio-9095-exec-8] INFO  c.e.demo.controller.DzdjlController - 查询到 20 条记录:
2026-05-09 16:21:10 [http-nio-9095-exec-8] INFO  c.e.demo.controller.DzdjlController - 记录 1: {khmc="江苏大明机电装备科技有限公司", yifu=0.00, lxr="朱洪林", dzscwj="http://yhocn.cn:9088/t763812834_java_sharepic/DZGX...", sfkp="已开票", duizhangdanhao="DZGXDD012026042403", kpsj="2026-04-24 11:13:44", wf=23500.00, duizhangriqi="2026-04-24", ddrq="2026/01/22", rn=21, yfsj=23500.00, pdf_file_name="http://yhocn.cn:9088/t763812834_java_sharepic/DM20...", fzr="董伟辰", dzzt=null}
2026-05-09 16:21:10 [http-nio-9095-exec-8] INFO  c.e.demo.controller.DzdjlController - 记录 2: {khmc="江苏卓著智能装备有限公司", yifu=0.00, lxr="张亭", dzscwj="http://yhocn.cn:9088/t763812834_java_sharepic/DZGX...", sfkp="已开票", duizhangdanhao="DZGXDD012026042415", kpsj="2026-04-24 11:13:44", wf=194.00, duizhangriqi="2026-04-24", ddrq="2026/03/24", rn=22, yfsj=194.00, pdf_file_name="http://yhocn.cn:9088/t763812834_java_sharepic/GXDD...", fzr="陶海鑫", dzzt=null}
2026-05-09 16:21:10 [http-nio-9095-exec-8] INFO  c.e.demo.controller.DzdjlController - 记录 3: {khmc="昆山创宜瑞机电科技有限公司", yifu=0.00, lxr="李芳", dzscwj="http://yhocn.cn:9088/t763812834_java_sharepic/DZGX...", sfkp="已开票", duizhangdanhao="DZGXDD012026042423", kpsj="2026-04-24 14:55:19", wf=7632.00, duizhangriqi="2026-04-24", ddrq="2026/04/20", rn=23, yfsj=7632.00, pdf_file_name=null, fzr="钱晓斌", dzzt=null}
2026-05-09 16:21:10 [http-nio-9095-exec-8] INFO  c.e.demo.controller.DzdjlController - 记录 4: {khmc="昆山恒皓瑞智能装备有限公司", yifu=0.00, lxr="曹杰", dzscwj="http://yhocn.cn:9088/t763812834_java_sharepic/DZGX...", sfkp="已开票", duizhangdanhao="DZGXDD012026042406", kpsj="2026-04-24 11:13:44", wf=35376.00, duizhangriqi="2026-04-24", ddrq="2026/04/23", rn=24, yfsj=35376.00, pdf_file_name="http://yhocn.cn:9088/t763812834_java_sharepic/GXDD...", fzr="董伟辰", dzzt=null}
2026-05-09 16:21:10 [http-nio-9095-exec-8] INFO  c.e.demo.controller.DzdjlController - 记录 5: {khmc="昆山钜科斯机器人技术服务有限公司", yifu=60.00, lxr="王小艳", dzscwj="http://yhocn.cn:9088/t763812834_java_sharepic/DZGX...", sfkp="已开票", duizhangdanhao="DZGXDD012026042424", kpsj="2026-04-24 14:55:19", wf=0.00, duizhangriqi="2026-04-24", ddrq="2026/03/25", rn=25, yfsj=60.00, pdf_file_name="http://yhocn.cn:9088/t763812834_java_sharepic/GXDD...", fzr="钱晓斌", dzzt=null}
2026-05-09 16:21:10 [http-nio-9095-exec-8] INFO  c.e.demo.controller.DzdjlController - 记录 6: {khmc="昆山乐森迪自动化设备有限公司", yifu=13100.00, lxr="朱锦生", dzscwj="http://yhocn.cn:9088/t763812834_java_sharepic/DZGX...", sfkp="已开票", duizhangdanhao="DZGXDD012026042407", kpsj="2026-04-24 11:13:44", wf=0.00, duizhangriqi="2026-04-24", ddrq="2026/04/03", rn=26, yfsj=13100.00, pdf_file_name="http://yhocn.cn:9088/t763812834_java_sharepic/GXDD...", fzr="董伟辰", dzzt=null}
2026-05-09 16:21:10 [http-nio-9095-exec-8] INFO  c.e.demo.controller.DzdjlController - 记录 7: {khmc="昆山市旭腾自动化科技有限公司", yifu=777.00, lxr="殷小姐", dzscwj="http://yhocn.cn:9088/t763812834_java_sharepic/DZGX...", sfkp="已开票", duizhangdanhao="DZGXDD012026042416", kpsj="2026-04-24 11:13:44", wf=0.00, duizhangriqi="2026-04-24", ddrq="2026/04/13", rn=27, yfsj=777.00, pdf_file_name="http://yhocn.cn:9088/t763812834_java_sharepic/GXDD...", fzr="陶海鑫", dzzt=null}
2026-05-09 16:21:10 [http-nio-9095-exec-8] INFO  c.e.demo.controller.DzdjlController - 记录 8: {khmc="昆山顺之晟精密机械有限公司", yifu=0.00, lxr="肖总", dzscwj="http://yhocn.cn:9088/t763812834_java_sharepic/DZGX...", sfkp="已开票", duizhangdanhao="DZGXDD012026042408", kpsj="2026-04-24 11:13:44", wf=30188.00, duizhangriqi="2026-04-24", ddrq="2026/04/13", rn=28, yfsj=30188.00, pdf_file_name="http://yhocn.cn:9088/t763812834_java_sharepic/GXDD...", fzr="董伟辰", dzzt=null}
2026-05-09 16:21:10 [http-nio-9095-exec-8] INFO  c.e.demo.controller.DzdjlController - 记录 9: {khmc="昆山欣合通精密机械科技有限公司", yifu=0.00, lxr="朱燕", dzscwj="http://yhocn.cn:9088/t763812834_java_sharepic/DZGX...", sfkp="已开票", duizhangdanhao="DZGXDD012026042420", kpsj="2026-04-27 09:45:37", wf=63313.00, duizhangriqi="2026-04-24", ddrq="2026/04/22", rn=29, yfsj=63313.00, pdf_file_name="http://yhocn.cn:9088/t763812834_java_sharepic/WLCG...", fzr="雷媛", dzzt=null}
2026-05-09 16:21:10 [http-nio-9095-exec-8] INFO  c.e.demo.controller.DzdjlController - 记录 10: {khmc="昆山卓勇工业设备有限公司", yifu=0.00, lxr="胡乾", dzscwj="http://yhocn.cn:9088/t763812834_java_sharepic/DZGX...", sfkp="已开票", duizhangdanhao="DZGXDD012026042409", kpsj="2026-04-24 11:13:44", wf=189.00, duizhangriqi="2026-04-24", ddrq="2026/03/23", rn=30, yfsj=189.00, pdf_file_name="http://yhocn.cn:9088/t763812834_java_sharepic/PO26...", fzr="董伟辰", dzzt=null}
2026-05-09 16:21:10 [http-nio-9095-exec-8] INFO  c.e.demo.controller.DzdjlController - 记录 11: {khmc="南通市懋略科技有限公司", yifu=0.00, lxr="王天督", dzscwj="http://yhocn.cn:9088/t763812834_java_sharepic/DZGX...", sfkp="已开票", duizhangdanhao="DZGXDD012026042410", kpsj="2026-04-24 11:13:44", wf=640.00, duizhangriqi="2026-04-24", ddrq="2026/03/31", rn=31, yfsj=640.00, pdf_file_name="http://yhocn.cn:9088/t763812834_java_sharepic/ntml...", fzr="董伟辰", dzzt=null}
2026-05-09 16:21:10 [http-nio-9095-exec-8] INFO  c.e.demo.controller.DzdjlController - 记录 12: {khmc="青岛铭青机电有限公司", yifu=0.00, lxr="陶梦婷", dzscwj="", sfkp="已开票", duizhangdanhao="DZGXDD012026042431", kpsj="2026-04-24 15:04:07", wf=28228.00, duizhangriqi="2026-04-24", ddrq="2026/04/21", rn=32, yfsj=28228.00, pdf_file_name="http://yhocn.cn:9088/t763812834_java_sharepic/GXDD...", fzr="钱晓斌", dzzt=null}
2026-05-09 16:21:10 [http-nio-9095-exec-8] INFO  c.e.demo.controller.DzdjlController - 记录 13: {khmc="三协机床（昆山）有限公司", yifu=0.00, lxr="杭凌", dzscwj="http://yhocn.cn:9088/t763812834_java_sharepic/DZGX...", sfkp="已开票", duizhangdanhao="DZGXDD012026042411", kpsj="2026-04-24 11:13:44", wf=8960.00, duizhangriqi="2026-04-24", ddrq="2026/04/02", rn=33, yfsj=8960.00, pdf_file_name=null, fzr="董伟辰", dzzt=null}
2026-05-09 16:21:10 [http-nio-9095-exec-8] INFO  c.e.demo.controller.DzdjlController - 记录 14: {khmc="沈阳易联真空设备有限公司", yifu=251.00, lxr="李媛", dzscwj="http://yhocn.cn:9088/t763812834_java_sharepic/DZGX...", sfkp="已开票", duizhangdanhao="DZGXDD012026042428", kpsj="2026-04-24 14:55:19", wf=0.00, duizhangriqi="2026-04-24", ddrq="2026/03/26", rn=34, yfsj=251.00, pdf_file_name="http://yhocn.cn:9088/t763812834_java_sharepic/GXDD...", fzr="钱晓斌", dzzt=null}
2026-05-09 16:21:10 [http-nio-9095-exec-8] INFO  c.e.demo.controller.DzdjlController - 记录 15: {khmc="四川长征机床集团有限公司", yifu=1350.00, lxr="周思慧", dzscwj="http://yhocn.cn:9088/t763812834_java_sharepic/DZGX...", sfkp="已开票", duizhangdanhao="DZGXDD012026042417", kpsj="2026-04-24 11:13:44", wf=0.00, duizhangriqi="2026-04-24", ddrq="2026/03/20", rn=35, yfsj=1350.00, pdf_file_name=null, fzr="陶海鑫", dzzt=null}
2026-05-09 16:21:10 [http-nio-9095-exec-8] INFO  c.e.demo.controller.DzdjlController - 记录 16: {khmc="苏州铭青机电有限公司", yifu=0.00, lxr="陶梦婷", dzscwj="http://yhocn.cn:9088/t763812834_java_sharepic/DZGX...", sfkp="已开票", duizhangdanhao="DZGXDD012026042432", kpsj="2026-04-24 15:04:07", wf=51.00, duizhangriqi="2026-04-24", ddrq="2026/03/24", rn=36, yfsj=51.00, pdf_file_name="http://yhocn.cn:9088/t763812834_java_sharepic/GXDD...", fzr="钱晓斌", dzzt=null}
2026-05-09 16:21:10 [http-nio-9095-exec-8] INFO  c.e.demo.controller.DzdjlController - 记录 17: {khmc="苏州铭腾精密科技有限公司", yifu=0.00, lxr="蔡春永", dzscwj="http://yhocn.cn:9088/t763812834_java_sharepic/DZGX...", sfkp="已开票", duizhangdanhao="DZGXDD012026042426", kpsj="2026-04-24 14:55:19", wf=9776.00, duizhangriqi="2026-04-24", ddrq="2026/04/09", rn=37, yfsj=9776.00, pdf_file_name=null, fzr="钱晓斌", dzzt=null}
2026-05-09 16:21:10 [http-nio-9095-exec-8] INFO  c.e.demo.controller.DzdjlController - 记录 18: {khmc="苏州乔沃自动化科技有限公司", yifu=0.00, lxr="张忠城", dzscwj="http://yhocn.cn:9088/t763812834_java_sharepic/DZGX...", sfkp="已开票", duizhangdanhao="DZGXDD012026042427", kpsj="2026-04-24 14:55:19", wf=2456.00, duizhangriqi="2026-04-24", ddrq="2026/04/10", rn=38, yfsj=2456.00, pdf_file_name="http://yhocn.cn:9088/t763812834_java_sharepic/GXDD...", fzr="钱晓斌", dzzt=null}
2026-05-09 16:21:10 [http-nio-9095-exec-8] INFO  c.e.demo.controller.DzdjlController - 记录 19: {khmc="苏州松本智能科技有限公司", yifu=0.00, lxr="王总", dzscwj="http://yhocn.cn:9088/t763812834_java_sharepic/DZGX...", sfkp="已开票", duizhangdanhao="DZGXDD012026042412", kpsj="2026-04-24 11:13:44", wf=913.00, duizhangriqi="2026-04-24", ddrq="2026/04/07", rn=39, yfsj=913.00, pdf_file_name="http://yhocn.cn:9088/t763812834_java_sharepic/GXDD...", fzr="董伟辰", dzzt=null}
2026-05-09 16:21:10 [http-nio-9095-exec-8] INFO  c.e.demo.controller.DzdjlController - 记录 20: {khmc="苏州旺源洪精密机械有限公司", yifu=414.00, lxr="顾洪杰", dzscwj="http://yhocn.cn:9088/t763812834_java_sharepic/DZGX...", sfkp="已开票", duizhangdanhao="DZGXDD012026042425", kpsj="2026-04-24 14:55:19", wf=0.00, duizhangriqi="2026-04-24", ddrq="2026/04/13", rn=40, yfsj=414.00, pdf_file_name=null, fzr="钱晓斌", dzzt=null}
2026-05-09 16:21:26 [http-nio-9095-exec-6] INFO  c.e.demo.controller.DzdjlController - 分页信息: 第2页/共14页, 每页20条/共279条
2026-05-09 16:21:26 [http-nio-9095-exec-6] INFO  c.e.demo.controller.DzdjlController - 查询到 20 条记录:
2026-05-09 16:21:26 [http-nio-9095-exec-6] INFO  c.e.demo.controller.DzdjlController - 记录 1: {khmc="江苏大明机电装备科技有限公司", yifu=0.00, lxr="朱洪林", dzscwj="http://yhocn.cn:9088/t763812834_java_sharepic/DZGX...", sfkp="已开票", duizhangdanhao="DZGXDD012026042403", kpsj="2026-04-24 11:13:44", wf=23500.00, duizhangriqi="2026-04-24", ddrq="2026/01/22", rn=21, yfsj=23500.00, pdf_file_name="http://yhocn.cn:9088/t763812834_java_sharepic/DM20...", fzr="董伟辰", dzzt=null}
2026-05-09 16:21:26 [http-nio-9095-exec-6] INFO  c.e.demo.controller.DzdjlController - 记录 2: {khmc="江苏卓著智能装备有限公司", yifu=0.00, lxr="张亭", dzscwj="http://yhocn.cn:9088/t763812834_java_sharepic/DZGX...", sfkp="已开票", duizhangdanhao="DZGXDD012026042415", kpsj="2026-04-24 11:13:44", wf=194.00, duizhangriqi="2026-04-24", ddrq="2026/03/24", rn=22, yfsj=194.00, pdf_file_name="http://yhocn.cn:9088/t763812834_java_sharepic/GXDD...", fzr="陶海鑫", dzzt=null}
2026-05-09 16:21:26 [http-nio-9095-exec-6] INFO  c.e.demo.controller.DzdjlController - 记录 3: {khmc="昆山创宜瑞机电科技有限公司", yifu=0.00, lxr="李芳", dzscwj="http://yhocn.cn:9088/t763812834_java_sharepic/DZGX...", sfkp="已开票", duizhangdanhao="DZGXDD012026042423", kpsj="2026-04-24 14:55:19", wf=7632.00, duizhangriqi="2026-04-24", ddrq="2026/04/20", rn=23, yfsj=7632.00, pdf_file_name=null, fzr="钱晓斌", dzzt=null}
2026-05-09 16:21:26 [http-nio-9095-exec-6] INFO  c.e.demo.controller.DzdjlController - 记录 4: {khmc="昆山恒皓瑞智能装备有限公司", yifu=0.00, lxr="曹杰", dzscwj="http://yhocn.cn:9088/t763812834_java_sharepic/DZGX...", sfkp="已开票", duizhangdanhao="DZGXDD012026042406", kpsj="2026-04-24 11:13:44", wf=35376.00, duizhangriqi="2026-04-24", ddrq="2026/04/23", rn=24, yfsj=35376.00, pdf_file_name="http://yhocn.cn:9088/t763812834_java_sharepic/GXDD...", fzr="董伟辰", dzzt=null}
2026-05-09 16:21:26 [http-nio-9095-exec-6] INFO  c.e.demo.controller.DzdjlController - 记录 5: {khmc="昆山钜科斯机器人技术服务有限公司", yifu=60.00, lxr="王小艳", dzscwj="http://yhocn.cn:9088/t763812834_java_sharepic/DZGX...", sfkp="已开票", duizhangdanhao="DZGXDD012026042424", kpsj="2026-04-24 14:55:19", wf=0.00, duizhangriqi="2026-04-24", ddrq="2026/03/25", rn=25, yfsj=60.00, pdf_file_name="http://yhocn.cn:9088/t763812834_java_sharepic/GXDD...", fzr="钱晓斌", dzzt=null}
2026-05-09 16:21:26 [http-nio-9095-exec-6] INFO  c.e.demo.controller.DzdjlController - 记录 6: {khmc="昆山乐森迪自动化设备有限公司", yifu=13100.00, lxr="朱锦生", dzscwj="http://yhocn.cn:9088/t763812834_java_sharepic/DZGX...", sfkp="已开票", duizhangdanhao="DZGXDD012026042407", kpsj="2026-04-24 11:13:44", wf=0.00, duizhangriqi="2026-04-24", ddrq="2026/04/03", rn=26, yfsj=13100.00, pdf_file_name="http://yhocn.cn:9088/t763812834_java_sharepic/GXDD...", fzr="董伟辰", dzzt=null}
2026-05-09 16:21:26 [http-nio-9095-exec-6] INFO  c.e.demo.controller.DzdjlController - 记录 7: {khmc="昆山市旭腾自动化科技有限公司", yifu=777.00, lxr="殷小姐", dzscwj="http://yhocn.cn:9088/t763812834_java_sharepic/DZGX...", sfkp="已开票", duizhangdanhao="DZGXDD012026042416", kpsj="2026-04-24 11:13:44", wf=0.00, duizhangriqi="2026-04-24", ddrq="2026/04/13", rn=27, yfsj=777.00, pdf_file_name="http://yhocn.cn:9088/t763812834_java_sharepic/GXDD...", fzr="陶海鑫", dzzt=null}
2026-05-09 16:21:26 [http-nio-9095-exec-6] INFO  c.e.demo.controller.DzdjlController - 记录 8: {khmc="昆山顺之晟精密机械有限公司", yifu=0.00, lxr="肖总", dzscwj="http://yhocn.cn:9088/t763812834_java_sharepic/DZGX...", sfkp="已开票", duizhangdanhao="DZGXDD012026042408", kpsj="2026-04-24 11:13:44", wf=30188.00, duizhangriqi="2026-04-24", ddrq="2026/04/13", rn=28, yfsj=30188.00, pdf_file_name="http://yhocn.cn:9088/t763812834_java_sharepic/GXDD...", fzr="董伟辰", dzzt=null}
2026-05-09 16:21:26 [http-nio-9095-exec-6] INFO  c.e.demo.controller.DzdjlController - 记录 9: {khmc="昆山欣合通精密机械科技有限公司", yifu=0.00, lxr="朱燕", dzscwj="http://yhocn.cn:9088/t763812834_java_sharepic/DZGX...", sfkp="已开票", duizhangdanhao="DZGXDD012026042420", kpsj="2026-04-27 09:45:37", wf=63313.00, duizhangriqi="2026-04-24", ddrq="2026/04/22", rn=29, yfsj=63313.00, pdf_file_name="http://yhocn.cn:9088/t763812834_java_sharepic/WLCG...", fzr="雷媛", dzzt=null}
2026-05-09 16:21:26 [http-nio-9095-exec-6] INFO  c.e.demo.controller.DzdjlController - 记录 10: {khmc="昆山卓勇工业设备有限公司", yifu=0.00, lxr="胡乾", dzscwj="http://yhocn.cn:9088/t763812834_java_sharepic/DZGX...", sfkp="已开票", duizhangdanhao="DZGXDD012026042409", kpsj="2026-04-24 11:13:44", wf=189.00, duizhangriqi="2026-04-24", ddrq="2026/03/23", rn=30, yfsj=189.00, pdf_file_name="http://yhocn.cn:9088/t763812834_java_sharepic/PO26...", fzr="董伟辰", dzzt=null}
2026-05-09 16:21:26 [http-nio-9095-exec-6] INFO  c.e.demo.controller.DzdjlController - 记录 11: {khmc="南通市懋略科技有限公司", yifu=0.00, lxr="王天督", dzscwj="http://yhocn.cn:9088/t763812834_java_sharepic/DZGX...", sfkp="已开票", duizhangdanhao="DZGXDD012026042410", kpsj="2026-04-24 11:13:44", wf=640.00, duizhangriqi="2026-04-24", ddrq="2026/03/31", rn=31, yfsj=640.00, pdf_file_name="http://yhocn.cn:9088/t763812834_java_sharepic/ntml...", fzr="董伟辰", dzzt=null}
2026-05-09 16:21:26 [http-nio-9095-exec-6] INFO  c.e.demo.controller.DzdjlController - 记录 12: {khmc="青岛铭青机电有限公司", yifu=0.00, lxr="陶梦婷", dzscwj="http://yhocn.cn:9088/t763812834_java_sharepic/22.p...", sfkp="已开票", duizhangdanhao="DZGXDD012026042431", kpsj="2026-04-24 15:04:07", wf=28228.00, duizhangriqi="2026-04-24", ddrq="2026/04/21", rn=32, yfsj=28228.00, pdf_file_name="http://yhocn.cn:9088/t763812834_java_sharepic/GXDD...", fzr="钱晓斌", dzzt=null}
2026-05-09 16:21:26 [http-nio-9095-exec-6] INFO  c.e.demo.controller.DzdjlController - 记录 13: {khmc="三协机床（昆山）有限公司", yifu=0.00, lxr="杭凌", dzscwj="http://yhocn.cn:9088/t763812834_java_sharepic/DZGX...", sfkp="已开票", duizhangdanhao="DZGXDD012026042411", kpsj="2026-04-24 11:13:44", wf=8960.00, duizhangriqi="2026-04-24", ddrq="2026/04/02", rn=33, yfsj=8960.00, pdf_file_name=null, fzr="董伟辰", dzzt=null}
2026-05-09 16:21:26 [http-nio-9095-exec-6] INFO  c.e.demo.controller.DzdjlController - 记录 14: {khmc="沈阳易联真空设备有限公司", yifu=251.00, lxr="李媛", dzscwj="http://yhocn.cn:9088/t763812834_java_sharepic/DZGX...", sfkp="已开票", duizhangdanhao="DZGXDD012026042428", kpsj="2026-04-24 14:55:19", wf=0.00, duizhangriqi="2026-04-24", ddrq="2026/03/26", rn=34, yfsj=251.00, pdf_file_name="http://yhocn.cn:9088/t763812834_java_sharepic/GXDD...", fzr="钱晓斌", dzzt=null}
2026-05-09 16:21:26 [http-nio-9095-exec-6] INFO  c.e.demo.controller.DzdjlController - 记录 15: {khmc="四川长征机床集团有限公司", yifu=1350.00, lxr="周思慧", dzscwj="http://yhocn.cn:9088/t763812834_java_sharepic/DZGX...", sfkp="已开票", duizhangdanhao="DZGXDD012026042417", kpsj="2026-04-24 11:13:44", wf=0.00, duizhangriqi="2026-04-24", ddrq="2026/03/20", rn=35, yfsj=1350.00, pdf_file_name=null, fzr="陶海鑫", dzzt=null}
2026-05-09 16:21:26 [http-nio-9095-exec-6] INFO  c.e.demo.controller.DzdjlController - 记录 16: {khmc="苏州铭青机电有限公司", yifu=0.00, lxr="陶梦婷", dzscwj="http://yhocn.cn:9088/t763812834_java_sharepic/DZGX...", sfkp="已开票", duizhangdanhao="DZGXDD012026042432", kpsj="2026-04-24 15:04:07", wf=51.00, duizhangriqi="2026-04-24", ddrq="2026/03/24", rn=36, yfsj=51.00, pdf_file_name="http://yhocn.cn:9088/t763812834_java_sharepic/GXDD...", fzr="钱晓斌", dzzt=null}
2026-05-09 16:21:26 [http-nio-9095-exec-6] INFO  c.e.demo.controller.DzdjlController - 记录 17: {khmc="苏州铭腾精密科技有限公司", yifu=0.00, lxr="蔡春永", dzscwj="http://yhocn.cn:9088/t763812834_java_sharepic/DZGX...", sfkp="已开票", duizhangdanhao="DZGXDD012026042426", kpsj="2026-04-24 14:55:19", wf=9776.00, duizhangriqi="2026-04-24", ddrq="2026/04/09", rn=37, yfsj=9776.00, pdf_file_name=null, fzr="钱晓斌", dzzt=null}
2026-05-09 16:21:26 [http-nio-9095-exec-6] INFO  c.e.demo.controller.DzdjlController - 记录 18: {khmc="苏州乔沃自动化科技有限公司", yifu=0.00, lxr="张忠城", dzscwj="http://yhocn.cn:9088/t763812834_java_sharepic/DZGX...", sfkp="已开票", duizhangdanhao="DZGXDD012026042427", kpsj="2026-04-24 14:55:19", wf=2456.00, duizhangriqi="2026-04-24", ddrq="2026/04/10", rn=38, yfsj=2456.00, pdf_file_name="http://yhocn.cn:9088/t763812834_java_sharepic/GXDD...", fzr="钱晓斌", dzzt=null}
2026-05-09 16:21:26 [http-nio-9095-exec-6] INFO  c.e.demo.controller.DzdjlController - 记录 19: {khmc="苏州松本智能科技有限公司", yifu=0.00, lxr="王总", dzscwj="http://yhocn.cn:9088/t763812834_java_sharepic/DZGX...", sfkp="已开票", duizhangdanhao="DZGXDD012026042412", kpsj="2026-04-24 11:13:44", wf=913.00, duizhangriqi="2026-04-24", ddrq="2026/04/07", rn=39, yfsj=913.00, pdf_file_name="http://yhocn.cn:9088/t763812834_java_sharepic/GXDD...", fzr="董伟辰", dzzt=null}
2026-05-09 16:21:26 [http-nio-9095-exec-6] INFO  c.e.demo.controller.DzdjlController - 记录 20: {khmc="苏州旺源洪精密机械有限公司", yifu=414.00, lxr="顾洪杰", dzscwj="http://yhocn.cn:9088/t763812834_java_sharepic/DZGX...", sfkp="已开票", duizhangdanhao="DZGXDD012026042425", kpsj="2026-04-24 14:55:19", wf=0.00, duizhangriqi="2026-04-24", ddrq="2026/04/13", rn=40, yfsj=414.00, pdf_file_name=null, fzr="钱晓斌", dzzt=null}
2026-05-09 16:21:39 [http-nio-9095-exec-7] INFO  c.e.demo.controller.DzdjlController - 分页信息: 第2页/共14页, 每页20条/共279条
2026-05-09 16:21:39 [http-nio-9095-exec-7] INFO  c.e.demo.controller.DzdjlController - 查询到 20 条记录:
2026-05-09 16:21:39 [http-nio-9095-exec-7] INFO  c.e.demo.controller.DzdjlController - 记录 1: {khmc="江苏大明机电装备科技有限公司", yifu=0.00, lxr="朱洪林", dzscwj="http://yhocn.cn:9088/t763812834_java_sharepic/DZGX...", sfkp="已开票", duizhangdanhao="DZGXDD012026042403", kpsj="2026-04-24 11:13:44", wf=23500.00, duizhangriqi="2026-04-24", ddrq="2026/01/22", rn=21, yfsj=23500.00, pdf_file_name="http://yhocn.cn:9088/t763812834_java_sharepic/DM20...", fzr="董伟辰", dzzt=null}
2026-05-09 16:21:39 [http-nio-9095-exec-7] INFO  c.e.demo.controller.DzdjlController - 记录 2: {khmc="江苏卓著智能装备有限公司", yifu=0.00, lxr="张亭", dzscwj="http://yhocn.cn:9088/t763812834_java_sharepic/DZGX...", sfkp="已开票", duizhangdanhao="DZGXDD012026042415", kpsj="2026-04-24 11:13:44", wf=194.00, duizhangriqi="2026-04-24", ddrq="2026/03/24", rn=22, yfsj=194.00, pdf_file_name="http://yhocn.cn:9088/t763812834_java_sharepic/GXDD...", fzr="陶海鑫", dzzt=null}
2026-05-09 16:21:39 [http-nio-9095-exec-7] INFO  c.e.demo.controller.DzdjlController - 记录 3: {khmc="昆山创宜瑞机电科技有限公司", yifu=0.00, lxr="李芳", dzscwj="http://yhocn.cn:9088/t763812834_java_sharepic/DZGX...", sfkp="已开票", duizhangdanhao="DZGXDD012026042423", kpsj="2026-04-24 14:55:19", wf=7632.00, duizhangriqi="2026-04-24", ddrq="2026/04/20", rn=23, yfsj=7632.00, pdf_file_name=null, fzr="钱晓斌", dzzt=null}
2026-05-09 16:21:39 [http-nio-9095-exec-7] INFO  c.e.demo.controller.DzdjlController - 记录 4: {khmc="昆山恒皓瑞智能装备有限公司", yifu=0.00, lxr="曹杰", dzscwj="http://yhocn.cn:9088/t763812834_java_sharepic/DZGX...", sfkp="已开票", duizhangdanhao="DZGXDD012026042406", kpsj="2026-04-24 11:13:44", wf=35376.00, duizhangriqi="2026-04-24", ddrq="2026/04/23", rn=24, yfsj=35376.00, pdf_file_name="http://yhocn.cn:9088/t763812834_java_sharepic/GXDD...", fzr="董伟辰", dzzt=null}
2026-05-09 16:21:39 [http-nio-9095-exec-7] INFO  c.e.demo.controller.DzdjlController - 记录 5: {khmc="昆山钜科斯机器人技术服务有限公司", yifu=60.00, lxr="王小艳", dzscwj="http://yhocn.cn:9088/t763812834_java_sharepic/DZGX...", sfkp="已开票", duizhangdanhao="DZGXDD012026042424", kpsj="2026-04-24 14:55:19", wf=0.00, duizhangriqi="2026-04-24", ddrq="2026/03/25", rn=25, yfsj=60.00, pdf_file_name="http://yhocn.cn:9088/t763812834_java_sharepic/GXDD...", fzr="钱晓斌", dzzt=null}
2026-05-09 16:21:39 [http-nio-9095-exec-7] INFO  c.e.demo.controller.DzdjlController - 记录 6: {khmc="昆山乐森迪自动化设备有限公司", yifu=13100.00, lxr="朱锦生", dzscwj="http://yhocn.cn:9088/t763812834_java_sharepic/DZGX...", sfkp="已开票", duizhangdanhao="DZGXDD012026042407", kpsj="2026-04-24 11:13:44", wf=0.00, duizhangriqi="2026-04-24", ddrq="2026/04/03", rn=26, yfsj=13100.00, pdf_file_name="http://yhocn.cn:9088/t763812834_java_sharepic/GXDD...", fzr="董伟辰", dzzt=null}
2026-05-09 16:21:39 [http-nio-9095-exec-7] INFO  c.e.demo.controller.DzdjlController - 记录 7: {khmc="昆山市旭腾自动化科技有限公司", yifu=777.00, lxr="殷小姐", dzscwj="http://yhocn.cn:9088/t763812834_java_sharepic/DZGX...", sfkp="已开票", duizhangdanhao="DZGXDD012026042416", kpsj="2026-04-24 11:13:44", wf=0.00, duizhangriqi="2026-04-24", ddrq="2026/04/13", rn=27, yfsj=777.00, pdf_file_name="http://yhocn.cn:9088/t763812834_java_sharepic/GXDD...", fzr="陶海鑫", dzzt=null}
2026-05-09 16:21:39 [http-nio-9095-exec-7] INFO  c.e.demo.controller.DzdjlController - 记录 8: {khmc="昆山顺之晟精密机械有限公司", yifu=0.00, lxr="肖总", dzscwj="http://yhocn.cn:9088/t763812834_java_sharepic/DZGX...", sfkp="已开票", duizhangdanhao="DZGXDD012026042408", kpsj="2026-04-24 11:13:44", wf=30188.00, duizhangriqi="2026-04-24", ddrq="2026/04/13", rn=28, yfsj=30188.00, pdf_file_name="http://yhocn.cn:9088/t763812834_java_sharepic/GXDD...", fzr="董伟辰", dzzt=null}
2026-05-09 16:21:39 [http-nio-9095-exec-7] INFO  c.e.demo.controller.DzdjlController - 记录 9: {khmc="昆山欣合通精密机械科技有限公司", yifu=0.00, lxr="朱燕", dzscwj="http://yhocn.cn:9088/t763812834_java_sharepic/DZGX...", sfkp="已开票", duizhangdanhao="DZGXDD012026042420", kpsj="2026-04-27 09:45:37", wf=63313.00, duizhangriqi="2026-04-24", ddrq="2026/04/22", rn=29, yfsj=63313.00, pdf_file_name="http://yhocn.cn:9088/t763812834_java_sharepic/WLCG...", fzr="雷媛", dzzt=null}
2026-05-09 16:21:39 [http-nio-9095-exec-7] INFO  c.e.demo.controller.DzdjlController - 记录 10: {khmc="昆山卓勇工业设备有限公司", yifu=0.00, lxr="胡乾", dzscwj="http://yhocn.cn:9088/t763812834_java_sharepic/DZGX...", sfkp="已开票", duizhangdanhao="DZGXDD012026042409", kpsj="2026-04-24 11:13:44", wf=189.00, duizhangriqi="2026-04-24", ddrq="2026/03/23", rn=30, yfsj=189.00, pdf_file_name="http://yhocn.cn:9088/t763812834_java_sharepic/PO26...", fzr="董伟辰", dzzt=null}
2026-05-09 16:21:39 [http-nio-9095-exec-7] INFO  c.e.demo.controller.DzdjlController - 记录 11: {khmc="南通市懋略科技有限公司", yifu=0.00, lxr="王天督", dzscwj="http://yhocn.cn:9088/t763812834_java_sharepic/DZGX...", sfkp="已开票", duizhangdanhao="DZGXDD012026042410", kpsj="2026-04-24 11:13:44", wf=640.00, duizhangriqi="2026-04-24", ddrq="2026/03/31", rn=31, yfsj=640.00, pdf_file_name="http://yhocn.cn:9088/t763812834_java_sharepic/ntml...", fzr="董伟辰", dzzt=null}
2026-05-09 16:21:39 [http-nio-9095-exec-7] INFO  c.e.demo.controller.DzdjlController - 记录 12: {khmc="青岛铭青机电有限公司", yifu=0.00, lxr="陶梦婷", dzscwj="", sfkp="已开票", duizhangdanhao="DZGXDD012026042431", kpsj="2026-04-24 15:04:07", wf=28228.00, duizhangriqi="2026-04-24", ddrq="2026/04/21", rn=32, yfsj=28228.00, pdf_file_name="http://yhocn.cn:9088/t763812834_java_sharepic/GXDD...", fzr="钱晓斌", dzzt=null}
2026-05-09 16:21:39 [http-nio-9095-exec-7] INFO  c.e.demo.controller.DzdjlController - 记录 13: {khmc="三协机床（昆山）有限公司", yifu=0.00, lxr="杭凌", dzscwj="http://yhocn.cn:9088/t763812834_java_sharepic/DZGX...", sfkp="已开票", duizhangdanhao="DZGXDD012026042411", kpsj="2026-04-24 11:13:44", wf=8960.00, duizhangriqi="2026-04-24", ddrq="2026/04/02", rn=33, yfsj=8960.00, pdf_file_name=null, fzr="董伟辰", dzzt=null}
2026-05-09 16:21:39 [http-nio-9095-exec-7] INFO  c.e.demo.controller.DzdjlController - 记录 14: {khmc="沈阳易联真空设备有限公司", yifu=251.00, lxr="李媛", dzscwj="http://yhocn.cn:9088/t763812834_java_sharepic/DZGX...", sfkp="已开票", duizhangdanhao="DZGXDD012026042428", kpsj="2026-04-24 14:55:19", wf=0.00, duizhangriqi="2026-04-24", ddrq="2026/03/26", rn=34, yfsj=251.00, pdf_file_name="http://yhocn.cn:9088/t763812834_java_sharepic/GXDD...", fzr="钱晓斌", dzzt=null}
2026-05-09 16:21:39 [http-nio-9095-exec-7] INFO  c.e.demo.controller.DzdjlController - 记录 15: {khmc="四川长征机床集团有限公司", yifu=1350.00, lxr="周思慧", dzscwj="http://yhocn.cn:9088/t763812834_java_sharepic/DZGX...", sfkp="已开票", duizhangdanhao="DZGXDD012026042417", kpsj="2026-04-24 11:13:44", wf=0.00, duizhangriqi="2026-04-24", ddrq="2026/03/20", rn=35, yfsj=1350.00, pdf_file_name=null, fzr="陶海鑫", dzzt=null}
2026-05-09 16:21:40 [http-nio-9095-exec-7] INFO  c.e.demo.controller.DzdjlController - 记录 16: {khmc="苏州铭青机电有限公司", yifu=0.00, lxr="陶梦婷", dzscwj="http://yhocn.cn:9088/t763812834_java_sharepic/DZGX...", sfkp="已开票", duizhangdanhao="DZGXDD012026042432", kpsj="2026-04-24 15:04:07", wf=51.00, duizhangriqi="2026-04-24", ddrq="2026/03/24", rn=36, yfsj=51.00, pdf_file_name="http://yhocn.cn:9088/t763812834_java_sharepic/GXDD...", fzr="钱晓斌", dzzt=null}
2026-05-09 16:21:40 [http-nio-9095-exec-7] INFO  c.e.demo.controller.DzdjlController - 记录 17: {khmc="苏州铭腾精密科技有限公司", yifu=0.00, lxr="蔡春永", dzscwj="http://yhocn.cn:9088/t763812834_java_sharepic/DZGX...", sfkp="已开票", duizhangdanhao="DZGXDD012026042426", kpsj="2026-04-24 14:55:19", wf=9776.00, duizhangriqi="2026-04-24", ddrq="2026/04/09", rn=37, yfsj=9776.00, pdf_file_name=null, fzr="钱晓斌", dzzt=null}
2026-05-09 16:21:40 [http-nio-9095-exec-7] INFO  c.e.demo.controller.DzdjlController - 记录 18: {khmc="苏州乔沃自动化科技有限公司", yifu=0.00, lxr="张忠城", dzscwj="http://yhocn.cn:9088/t763812834_java_sharepic/DZGX...", sfkp="已开票", duizhangdanhao="DZGXDD012026042427", kpsj="2026-04-24 14:55:19", wf=2456.00, duizhangriqi="2026-04-24", ddrq="2026/04/10", rn=38, yfsj=2456.00, pdf_file_name="http://yhocn.cn:9088/t763812834_java_sharepic/GXDD...", fzr="钱晓斌", dzzt=null}
2026-05-09 16:21:40 [http-nio-9095-exec-7] INFO  c.e.demo.controller.DzdjlController - 记录 19: {khmc="苏州松本智能科技有限公司", yifu=0.00, lxr="王总", dzscwj="http://yhocn.cn:9088/t763812834_java_sharepic/DZGX...", sfkp="已开票", duizhangdanhao="DZGXDD012026042412", kpsj="2026-04-24 11:13:44", wf=913.00, duizhangriqi="2026-04-24", ddrq="2026/04/07", rn=39, yfsj=913.00, pdf_file_name="http://yhocn.cn:9088/t763812834_java_sharepic/GXDD...", fzr="董伟辰", dzzt=null}
2026-05-09 16:21:40 [http-nio-9095-exec-7] INFO  c.e.demo.controller.DzdjlController - 记录 20: {khmc="苏州旺源洪精密机械有限公司", yifu=414.00, lxr="顾洪杰", dzscwj="http://yhocn.cn:9088/t763812834_java_sharepic/DZGX...", sfkp="已开票", duizhangdanhao="DZGXDD012026042425", kpsj="2026-04-24 14:55:19", wf=0.00, duizhangriqi="2026-04-24", ddrq="2026/04/13", rn=40, yfsj=414.00, pdf_file_name=null, fzr="钱晓斌", dzzt=null}
2026-05-09 16:21:52 [http-nio-9095-exec-4] INFO  c.e.demo.controller.DzdjlController - 分页信息: 第1页/共14页, 每页20条/共279条
2026-05-09 16:21:52 [http-nio-9095-exec-4] INFO  c.e.demo.controller.DzdjlController - 查询到 20 条记录:
2026-05-09 16:21:52 [http-nio-9095-exec-4] INFO  c.e.demo.controller.DzdjlController - 记录 1: {khmc="湖南南方机床有限公司", yifu=0.00, lxr="裴孝顺", dzscwj="http://yhocn.cn:9088/t763812834_java_sharepic/DZGX...", sfkp="已开票", duizhangdanhao="DZGXDD012026050701", kpsj="2026-05-07 17:20:14", wf=142282.00, duizhangriqi="2026-05-07", ddrq="2026/04/16", rn=1, yfsj=142282.00, pdf_file_name="http://yhocn.cn:9088/t763812834_java_sharepic/SRMD...", fzr="钱晓斌", dzzt=null}
2026-05-09 16:21:52 [http-nio-9095-exec-4] INFO  c.e.demo.controller.DzdjlController - 记录 2: {khmc="昆山润志科自动化设备有限公司", yifu=0.00, lxr="沈总", dzscwj="http://yhocn.cn:9088/t763812834_java_sharepic/DZGX...", sfkp="已开票", duizhangdanhao="DZGXDD012026043001", kpsj="2026-04-30 08:57:56", wf=26169.00, duizhangriqi="2026-04-30", ddrq="2026/04/16", rn=2, yfsj=26169.00, pdf_file_name=null, fzr="崔玉泽", dzzt=null}
2026-05-09 16:21:52 [http-nio-9095-exec-4] INFO  c.e.demo.controller.DzdjlController - 记录 3: {khmc="昆山埃森自动化技术有限公司", yifu=362.00, lxr="王跃金", dzscwj="http://yhocn.cn:9088/t763812834_java_sharepic/DZGX...", sfkp="已开票", duizhangdanhao="DZGXDD012026042901", kpsj="2026-04-29 14:56:38", wf=0.00, duizhangriqi="2026-04-29", ddrq="2026/04/22", rn=3, yfsj=362.00, pdf_file_name="http://yhocn.cn:9088/t763812834_java_sharepic/GXDD...", fzr="崔玉泽", dzzt=null}
2026-05-09 16:21:52 [http-nio-9095-exec-4] INFO  c.e.demo.controller.DzdjlController - 记录 4: {khmc="奥茵绅智能装备（苏州）有限公司", yifu=0.00, lxr="吕汉东", dzscwj="http://yhocn.cn:9088/t763812834_java_sharepic/DZGX...", sfkp="已开票", duizhangdanhao="DZGXDD012026042807", kpsj="2026-04-28 10:08:50", wf=4004.00, duizhangriqi="2026-04-28", ddrq="2026/04/09", rn=4, yfsj=4004.00, pdf_file_name="http://yhocn.cn:9088/t763812834_java_sharepic/GXDD...", fzr="陶海鑫", dzzt=null}
2026-05-09 16:21:52 [http-nio-9095-exec-4] INFO  c.e.demo.controller.DzdjlController - 记录 5: {khmc="江苏港星方能超声洗净科技有限公司", yifu=0.00, lxr="吴小姐", dzscwj="http://yhocn.cn:9088/t763812834_java_sharepic/DZGX...", sfkp="已开票", duizhangdanhao="DZGXDD012026042811", kpsj="2026-04-28 16:05:28", wf=10849.00, duizhangriqi="2026-04-28", ddrq="2026/04/07", rn=5, yfsj=10849.00, pdf_file_name="http://yhocn.cn:9088/t763812834_java_sharepic/GXDD...", fzr="董伟辰", dzzt=null}
2026-05-09 16:21:52 [http-nio-9095-exec-4] INFO  c.e.demo.controller.DzdjlController - 记录 6: {khmc="江苏洛银传动科技有限公司", yifu=1470.00, lxr="墨伟超", dzscwj="http://yhocn.cn:9088/t763812834_java_sharepic/DZGX...", sfkp="已开票", duizhangdanhao="DZGXDD012026042801", kpsj="2026-04-28 10:08:50", wf=0.00, duizhangriqi="2026-04-28", ddrq="2026/04/23", rn=6, yfsj=1470.00, pdf_file_name="http://yhocn.cn:9088/t763812834_java_sharepic/GXDD...", fzr="钱晓斌", dzzt=null}
2026-05-09 16:21:52 [http-nio-9095-exec-4] INFO  c.e.demo.controller.DzdjlController - 记录 7: {khmc="苏州博鲁克机器人系统工程有限公司", yifu=0.00, lxr="张兰", dzscwj="http://yhocn.cn:9088/t763812834_java_sharepic/DZGX...", sfkp="已开票", duizhangdanhao="DZGXDD012026042808", kpsj="2026-04-28 10:08:50", wf=10800.00, duizhangriqi="2026-04-28", ddrq="2026/03/19", rn=7, yfsj=10800.00, pdf_file_name="http://yhocn.cn:9088/t763812834_java_sharepic/BRC-...", fzr="陶海鑫", dzzt=null}
2026-05-09 16:21:52 [http-nio-9095-exec-4] INFO  c.e.demo.controller.DzdjlController - 记录 8: {khmc="维在德自动化科技（苏州）有限公司", yifu=10200.00, lxr="齐浩", dzscwj="http://yhocn.cn:9088/t763812834_java_sharepic/DZGX...", sfkp="已开票", duizhangdanhao="DZGXDD012026042810", kpsj="2026-04-28 15:37:29", wf=0.00, duizhangriqi="2026-04-28", ddrq="2026/04/18", rn=8, yfsj=10200.00, pdf_file_name=null, fzr="陶海鑫", dzzt=null}
2026-05-09 16:21:52 [http-nio-9095-exec-4] INFO  c.e.demo.controller.DzdjlController - 记录 9: {khmc="中设智能装备（苏州）有限公司", yifu=0.00, lxr="曹静", dzscwj="http://yhocn.cn:9088/t763812834_java_sharepic/DZGX...", sfkp="已开票", duizhangdanhao="DZGXDD012026042802", kpsj="2026-04-28 10:08:50", wf=50.00, duizhangriqi="2026-04-28", ddrq="2026/03/17", rn=9, yfsj=50.00, pdf_file_name="http://yhocn.cn:9088/t763812834_java_sharepic/GXDD...", fzr="陶海鑫", dzzt=null}
2026-05-09 16:21:52 [http-nio-9095-exec-4] INFO  c.e.demo.controller.DzdjlController - 记录 10: {khmc="中设智能装备（苏州）有限公司", yifu=0.00, lxr="曹静", dzscwj="http://yhocn.cn:9088/t763812834_java_sharepic/DZGX...", sfkp="已开票", duizhangdanhao="DZGXDD012026042803", kpsj="2026-04-28 10:08:50", wf=944.00, duizhangriqi="2026-04-28", ddrq="2026/03/19", rn=10, yfsj=944.00, pdf_file_name="http://yhocn.cn:9088/t763812834_java_sharepic/ZS20...", fzr="陶海鑫", dzzt=null}
2026-05-09 16:21:52 [http-nio-9095-exec-4] INFO  c.e.demo.controller.DzdjlController - 记录 11: {khmc="中设智能装备（苏州）有限公司", yifu=0.00, lxr="曹静", dzscwj="http://yhocn.cn:9088/t763812834_java_sharepic/DZGX...", sfkp="已开票", duizhangdanhao="DZGXDD012026042804", kpsj="2026-04-28 10:08:50", wf=317.00, duizhangriqi="2026-04-28", ddrq="2026/04/07", rn=11, yfsj=317.00, pdf_file_name="http://yhocn.cn:9088/t763812834_java_sharepic/GXDD...", fzr="陶海鑫", dzzt=null}
2026-05-09 16:21:52 [http-nio-9095-exec-4] INFO  c.e.demo.controller.DzdjlController - 记录 12: {khmc="中设智能装备（苏州）有限公司", yifu=0.00, lxr="曹静", dzscwj="http://yhocn.cn:9088/t763812834_java_sharepic/DZGX...", sfkp="已开票", duizhangdanhao="DZGXDD012026042805", kpsj="2026-04-28 10:08:50", wf=15978.00, duizhangriqi="2026-04-28", ddrq="2026/04/09", rn=12, yfsj=15978.00, pdf_file_name="http://yhocn.cn:9088/t763812834_java_sharepic/GXDD...", fzr="陶海鑫", dzzt=null}
2026-05-09 16:21:52 [http-nio-9095-exec-4] INFO  c.e.demo.controller.DzdjlController - 记录 13: {khmc="中设智能装备（苏州）有限公司", yifu=0.00, lxr="曹静", dzscwj="http://yhocn.cn:9088/t763812834_java_sharepic/DZGX...", sfkp="已开票", duizhangdanhao="DZGXDD012026042806", kpsj="2026-04-28 10:08:50", wf=3090.00, duizhangriqi="2026-04-28", ddrq="2026/04/13", rn=13, yfsj=3090.00, pdf_file_name="http://yhocn.cn:9088/t763812834_java_sharepic/GXDD...", fzr="陶海鑫", dzzt=null}
2026-05-09 16:21:52 [http-nio-9095-exec-4] INFO  c.e.demo.controller.DzdjlController - 记录 14: {khmc="江苏泰莱传动技术有限公司", yifu=0.00, lxr="周云", dzscwj="http://yhocn.cn:9088/t763812834_java_sharepic/DZGX...", sfkp="已开票", duizhangdanhao="DZGXDD012026042703", kpsj="2026-04-27 10:00:14", wf=38183.00, duizhangriqi="2026-04-27", ddrq="2026/04/20", rn=14, yfsj=38183.00, pdf_file_name="http://yhocn.cn:9088/t763812834_java_sharepic/P260...", fzr="陶海鑫", dzzt=null}
2026-05-09 16:21:52 [http-nio-9095-exec-4] INFO  c.e.demo.controller.DzdjlController - 记录 15: {khmc="江苏泰莱传动科技有限公司", yifu=0.00, lxr="周云", dzscwj="http://yhocn.cn:9088/t763812834_java_sharepic/DZGX...", sfkp="已开票", duizhangdanhao="DZGXDD012026042702", kpsj="2026-04-27 10:00:14", wf=5082.00, duizhangriqi="2026-04-27", ddrq="2026/03/20", rn=15, yfsj=5082.00, pdf_file_name="http://yhocn.cn:9088/t763812834_java_sharepic/P260...", fzr="陶海鑫", dzzt=null}
2026-05-09 16:21:52 [http-nio-9095-exec-4] INFO  c.e.demo.controller.DzdjlController - 记录 16: {khmc="苏州华恩远自动化设备有限公司", yifu=0.00, lxr="张苑", dzscwj="http://yhocn.cn:9088/t763812834_java_sharepic/DZGX...", sfkp="已开票", duizhangdanhao="DZGXDD012026042701", kpsj="2026-04-27 10:00:14", wf=40830.00, duizhangriqi="2026-04-27", ddrq="2026/04/17", rn=16, yfsj=40830.00, pdf_file_name="http://yhocn.cn:9088/t763812834_java_sharepic/GXDD...", fzr="钱晓斌", dzzt=null}
2026-05-09 16:21:52 [http-nio-9095-exec-4] INFO  c.e.demo.controller.DzdjlController - 记录 17: {khmc="霸导自动化设备（无锡）有限公司", yifu=54480.00, lxr="王俊", dzscwj="http://yhocn.cn:9088/t763812834_java_sharepic/DZGX...", sfkp="已开票", duizhangdanhao="DZGXDD012026042401", kpsj="2026-04-24 11:13:44", wf=0.00, duizhangriqi="2026-04-24", ddrq="2026/03/31", rn=17, yfsj=54480.00, pdf_file_name="http://yhocn.cn:9088/t763812834_java_sharepic/GXDD...", fzr="董伟辰", dzzt=null}
2026-05-09 16:21:52 [http-nio-9095-exec-4] INFO  c.e.demo.controller.DzdjlController - 记录 18: {khmc="德鑫隆（苏州）智能装备有限公司", yifu=0.00, lxr="王影", dzscwj="http://yhocn.cn:9088/t763812834_java_sharepic/DZGX...", sfkp="已开票", duizhangdanhao="DZGXDD012026042402", kpsj="2026-04-24 11:13:44", wf=11000.00, duizhangriqi="2026-04-24", ddrq="2026/04/09", rn=18, yfsj=11000.00, pdf_file_name="http://yhocn.cn:9088/t763812834_java_sharepic/GXDD...", fzr="董伟辰", dzzt=null}
2026-05-09 16:21:52 [http-nio-9095-exec-4] INFO  c.e.demo.controller.DzdjlController - 记录 19: {khmc="东佑达机器人（苏州）有限公司", yifu=0.00, lxr="", dzscwj="http://yhocn.cn:9088/t763812834_java_sharepic/DZGX...", sfkp="已开票", duizhangdanhao="DZGXDD012026042421", kpsj="2026-04-24 14:55:19", wf=16416.00, duizhangriqi="2026-04-24", ddrq="2026/04/21", rn=19, yfsj=16416.00, pdf_file_name="http://yhocn.cn:9088/t763812834_java_sharepic/S302...", fzr="钱晓斌", dzzt=null}
2026-05-09 16:21:52 [http-nio-9095-exec-4] INFO  c.e.demo.controller.DzdjlController - 记录 20: {khmc="丰铁机械（苏州）有限公司", yifu=0.00, lxr="徐小姐", dzscwj="http://yhocn.cn:9088/t763812834_java_sharepic/DZGX...", sfkp="已开票", duizhangdanhao="DZGXDD012026042422", kpsj="2026-04-24 14:55:19", wf=11600.00, duizhangriqi="2026-04-24", ddrq="2026/03/13", rn=20, yfsj=11600.00, pdf_file_name=null, fzr="钱晓斌", dzzt=null}
2026-05-09 16:21:54 [http-nio-9095-exec-3] INFO  c.e.demo.controller.DzdjlController - 分页信息: 第2页/共14页, 每页20条/共279条
2026-05-09 16:21:54 [http-nio-9095-exec-3] INFO  c.e.demo.controller.DzdjlController - 查询到 20 条记录:
2026-05-09 16:21:54 [http-nio-9095-exec-3] INFO  c.e.demo.controller.DzdjlController - 记录 1: {khmc="江苏大明机电装备科技有限公司", yifu=0.00, lxr="朱洪林", dzscwj="http://yhocn.cn:9088/t763812834_java_sharepic/DZGX...", sfkp="已开票", duizhangdanhao="DZGXDD012026042403", kpsj="2026-04-24 11:13:44", wf=23500.00, duizhangriqi="2026-04-24", ddrq="2026/01/22", rn=21, yfsj=23500.00, pdf_file_name="http://yhocn.cn:9088/t763812834_java_sharepic/DM20...", fzr="董伟辰", dzzt=null}
2026-05-09 16:21:54 [http-nio-9095-exec-3] INFO  c.e.demo.controller.DzdjlController - 记录 2: {khmc="江苏卓著智能装备有限公司", yifu=0.00, lxr="张亭", dzscwj="http://yhocn.cn:9088/t763812834_java_sharepic/DZGX...", sfkp="已开票", duizhangdanhao="DZGXDD012026042415", kpsj="2026-04-24 11:13:44", wf=194.00, duizhangriqi="2026-04-24", ddrq="2026/03/24", rn=22, yfsj=194.00, pdf_file_name="http://yhocn.cn:9088/t763812834_java_sharepic/GXDD...", fzr="陶海鑫", dzzt=null}
2026-05-09 16:21:54 [http-nio-9095-exec-3] INFO  c.e.demo.controller.DzdjlController - 记录 3: {khmc="昆山创宜瑞机电科技有限公司", yifu=0.00, lxr="李芳", dzscwj="http://yhocn.cn:9088/t763812834_java_sharepic/DZGX...", sfkp="已开票", duizhangdanhao="DZGXDD012026042423", kpsj="2026-04-24 14:55:19", wf=7632.00, duizhangriqi="2026-04-24", ddrq="2026/04/20", rn=23, yfsj=7632.00, pdf_file_name=null, fzr="钱晓斌", dzzt=null}
2026-05-09 16:21:54 [http-nio-9095-exec-3] INFO  c.e.demo.controller.DzdjlController - 记录 4: {khmc="昆山恒皓瑞智能装备有限公司", yifu=0.00, lxr="曹杰", dzscwj="http://yhocn.cn:9088/t763812834_java_sharepic/DZGX...", sfkp="已开票", duizhangdanhao="DZGXDD012026042406", kpsj="2026-04-24 11:13:44", wf=35376.00, duizhangriqi="2026-04-24", ddrq="2026/04/23", rn=24, yfsj=35376.00, pdf_file_name="http://yhocn.cn:9088/t763812834_java_sharepic/GXDD...", fzr="董伟辰", dzzt=null}
2026-05-09 16:21:54 [http-nio-9095-exec-3] INFO  c.e.demo.controller.DzdjlController - 记录 5: {khmc="昆山钜科斯机器人技术服务有限公司", yifu=60.00, lxr="王小艳", dzscwj="http://yhocn.cn:9088/t763812834_java_sharepic/DZGX...", sfkp="已开票", duizhangdanhao="DZGXDD012026042424", kpsj="2026-04-24 14:55:19", wf=0.00, duizhangriqi="2026-04-24", ddrq="2026/03/25", rn=25, yfsj=60.00, pdf_file_name="http://yhocn.cn:9088/t763812834_java_sharepic/GXDD...", fzr="钱晓斌", dzzt=null}
2026-05-09 16:21:54 [http-nio-9095-exec-3] INFO  c.e.demo.controller.DzdjlController - 记录 6: {khmc="昆山乐森迪自动化设备有限公司", yifu=13100.00, lxr="朱锦生", dzscwj="http://yhocn.cn:9088/t763812834_java_sharepic/DZGX...", sfkp="已开票", duizhangdanhao="DZGXDD012026042407", kpsj="2026-04-24 11:13:44", wf=0.00, duizhangriqi="2026-04-24", ddrq="2026/04/03", rn=26, yfsj=13100.00, pdf_file_name="http://yhocn.cn:9088/t763812834_java_sharepic/GXDD...", fzr="董伟辰", dzzt=null}
2026-05-09 16:21:54 [http-nio-9095-exec-3] INFO  c.e.demo.controller.DzdjlController - 记录 7: {khmc="昆山市旭腾自动化科技有限公司", yifu=777.00, lxr="殷小姐", dzscwj="http://yhocn.cn:9088/t763812834_java_sharepic/DZGX...", sfkp="已开票", duizhangdanhao="DZGXDD012026042416", kpsj="2026-04-24 11:13:44", wf=0.00, duizhangriqi="2026-04-24", ddrq="2026/04/13", rn=27, yfsj=777.00, pdf_file_name="http://yhocn.cn:9088/t763812834_java_sharepic/GXDD...", fzr="陶海鑫", dzzt=null}
2026-05-09 16:21:54 [http-nio-9095-exec-3] INFO  c.e.demo.controller.DzdjlController - 记录 8: {khmc="昆山顺之晟精密机械有限公司", yifu=0.00, lxr="肖总", dzscwj="http://yhocn.cn:9088/t763812834_java_sharepic/DZGX...", sfkp="已开票", duizhangdanhao="DZGXDD012026042408", kpsj="2026-04-24 11:13:44", wf=30188.00, duizhangriqi="2026-04-24", ddrq="2026/04/13", rn=28, yfsj=30188.00, pdf_file_name="http://yhocn.cn:9088/t763812834_java_sharepic/GXDD...", fzr="董伟辰", dzzt=null}
2026-05-09 16:21:54 [http-nio-9095-exec-3] INFO  c.e.demo.controller.DzdjlController - 记录 9: {khmc="昆山欣合通精密机械科技有限公司", yifu=0.00, lxr="朱燕", dzscwj="http://yhocn.cn:9088/t763812834_java_sharepic/DZGX...", sfkp="已开票", duizhangdanhao="DZGXDD012026042420", kpsj="2026-04-27 09:45:37", wf=63313.00, duizhangriqi="2026-04-24", ddrq="2026/04/22", rn=29, yfsj=63313.00, pdf_file_name="http://yhocn.cn:9088/t763812834_java_sharepic/WLCG...", fzr="雷媛", dzzt=null}
2026-05-09 16:21:54 [http-nio-9095-exec-3] INFO  c.e.demo.controller.DzdjlController - 记录 10: {khmc="昆山卓勇工业设备有限公司", yifu=0.00, lxr="胡乾", dzscwj="http://yhocn.cn:9088/t763812834_java_sharepic/DZGX...", sfkp="已开票", duizhangdanhao="DZGXDD012026042409", kpsj="2026-04-24 11:13:44", wf=189.00, duizhangriqi="2026-04-24", ddrq="2026/03/23", rn=30, yfsj=189.00, pdf_file_name="http://yhocn.cn:9088/t763812834_java_sharepic/PO26...", fzr="董伟辰", dzzt=null}
2026-05-09 16:21:54 [http-nio-9095-exec-3] INFO  c.e.demo.controller.DzdjlController - 记录 11: {khmc="南通市懋略科技有限公司", yifu=0.00, lxr="王天督", dzscwj="http://yhocn.cn:9088/t763812834_java_sharepic/DZGX...", sfkp="已开票", duizhangdanhao="DZGXDD012026042410", kpsj="2026-04-24 11:13:44", wf=640.00, duizhangriqi="2026-04-24", ddrq="2026/03/31", rn=31, yfsj=640.00, pdf_file_name="http://yhocn.cn:9088/t763812834_java_sharepic/ntml...", fzr="董伟辰", dzzt=null}
2026-05-09 16:21:54 [http-nio-9095-exec-3] INFO  c.e.demo.controller.DzdjlController - 记录 12: {khmc="青岛铭青机电有限公司", yifu=0.00, lxr="陶梦婷", dzscwj="", sfkp="已开票", duizhangdanhao="DZGXDD012026042431", kpsj="2026-04-24 15:04:07", wf=28228.00, duizhangriqi="2026-04-24", ddrq="2026/04/21", rn=32, yfsj=28228.00, pdf_file_name="http://yhocn.cn:9088/t763812834_java_sharepic/GXDD...", fzr="钱晓斌", dzzt=null}
2026-05-09 16:21:54 [http-nio-9095-exec-3] INFO  c.e.demo.controller.DzdjlController - 记录 13: {khmc="三协机床（昆山）有限公司", yifu=0.00, lxr="杭凌", dzscwj="http://yhocn.cn:9088/t763812834_java_sharepic/DZGX...", sfkp="已开票", duizhangdanhao="DZGXDD012026042411", kpsj="2026-04-24 11:13:44", wf=8960.00, duizhangriqi="2026-04-24", ddrq="2026/04/02", rn=33, yfsj=8960.00, pdf_file_name=null, fzr="董伟辰", dzzt=null}
2026-05-09 16:21:54 [http-nio-9095-exec-3] INFO  c.e.demo.controller.DzdjlController - 记录 14: {khmc="沈阳易联真空设备有限公司", yifu=251.00, lxr="李媛", dzscwj="http://yhocn.cn:9088/t763812834_java_sharepic/DZGX...", sfkp="已开票", duizhangdanhao="DZGXDD012026042428", kpsj="2026-04-24 14:55:19", wf=0.00, duizhangriqi="2026-04-24", ddrq="2026/03/26", rn=34, yfsj=251.00, pdf_file_name="http://yhocn.cn:9088/t763812834_java_sharepic/GXDD...", fzr="钱晓斌", dzzt=null}
2026-05-09 16:21:54 [http-nio-9095-exec-3] INFO  c.e.demo.controller.DzdjlController - 记录 15: {khmc="四川长征机床集团有限公司", yifu=1350.00, lxr="周思慧", dzscwj="http://yhocn.cn:9088/t763812834_java_sharepic/DZGX...", sfkp="已开票", duizhangdanhao="DZGXDD012026042417", kpsj="2026-04-24 11:13:44", wf=0.00, duizhangriqi="2026-04-24", ddrq="2026/03/20", rn=35, yfsj=1350.00, pdf_file_name=null, fzr="陶海鑫", dzzt=null}
2026-05-09 16:21:54 [http-nio-9095-exec-3] INFO  c.e.demo.controller.DzdjlController - 记录 16: {khmc="苏州铭青机电有限公司", yifu=0.00, lxr="陶梦婷", dzscwj="http://yhocn.cn:9088/t763812834_java_sharepic/DZGX...", sfkp="已开票", duizhangdanhao="DZGXDD012026042432", kpsj="2026-04-24 15:04:07", wf=51.00, duizhangriqi="2026-04-24", ddrq="2026/03/24", rn=36, yfsj=51.00, pdf_file_name="http://yhocn.cn:9088/t763812834_java_sharepic/GXDD...", fzr="钱晓斌", dzzt=null}
2026-05-09 16:21:54 [http-nio-9095-exec-3] INFO  c.e.demo.controller.DzdjlController - 记录 17: {khmc="苏州铭腾精密科技有限公司", yifu=0.00, lxr="蔡春永", dzscwj="http://yhocn.cn:9088/t763812834_java_sharepic/DZGX...", sfkp="已开票", duizhangdanhao="DZGXDD012026042426", kpsj="2026-04-24 14:55:19", wf=9776.00, duizhangriqi="2026-04-24", ddrq="2026/04/09", rn=37, yfsj=9776.00, pdf_file_name=null, fzr="钱晓斌", dzzt=null}
2026-05-09 16:21:54 [http-nio-9095-exec-3] INFO  c.e.demo.controller.DzdjlController - 记录 18: {khmc="苏州乔沃自动化科技有限公司", yifu=0.00, lxr="张忠城", dzscwj="http://yhocn.cn:9088/t763812834_java_sharepic/DZGX...", sfkp="已开票", duizhangdanhao="DZGXDD012026042427", kpsj="2026-04-24 14:55:19", wf=2456.00, duizhangriqi="2026-04-24", ddrq="2026/04/10", rn=38, yfsj=2456.00, pdf_file_name="http://yhocn.cn:9088/t763812834_java_sharepic/GXDD...", fzr="钱晓斌", dzzt=null}
2026-05-09 16:21:54 [http-nio-9095-exec-3] INFO  c.e.demo.controller.DzdjlController - 记录 19: {khmc="苏州松本智能科技有限公司", yifu=0.00, lxr="王总", dzscwj="http://yhocn.cn:9088/t763812834_java_sharepic/DZGX...", sfkp="已开票", duizhangdanhao="DZGXDD012026042412", kpsj="2026-04-24 11:13:44", wf=913.00, duizhangriqi="2026-04-24", ddrq="2026/04/07", rn=39, yfsj=913.00, pdf_file_name="http://yhocn.cn:9088/t763812834_java_sharepic/GXDD...", fzr="董伟辰", dzzt=null}
2026-05-09 16:21:54 [http-nio-9095-exec-3] INFO  c.e.demo.controller.DzdjlController - 记录 20: {khmc="苏州旺源洪精密机械有限公司", yifu=414.00, lxr="顾洪杰", dzscwj="http://yhocn.cn:9088/t763812834_java_sharepic/DZGX...", sfkp="已开票", duizhangdanhao="DZGXDD012026042425", kpsj="2026-04-24 14:55:19", wf=0.00, duizhangriqi="2026-04-24", ddrq="2026/04/13", rn=40, yfsj=414.00, pdf_file_name=null, fzr="钱晓斌", dzzt=null}
2026-05-09 16:22:03 [http-nio-9095-exec-6] INFO  c.e.demo.controller.DzdjlController - 分页信息: 第1页/共14页, 每页20条/共279条
2026-05-09 16:22:03 [http-nio-9095-exec-6] INFO  c.e.demo.controller.DzdjlController - 查询到 20 条记录:
2026-05-09 16:22:03 [http-nio-9095-exec-6] INFO  c.e.demo.controller.DzdjlController - 记录 1: {khmc="湖南南方机床有限公司", yifu=0.00, lxr="裴孝顺", dzscwj="http://yhocn.cn:9088/t763812834_java_sharepic/DZGX...", sfkp="已开票", duizhangdanhao="DZGXDD012026050701", kpsj="2026-05-07 17:20:14", wf=142282.00, duizhangriqi="2026-05-07", ddrq="2026/04/16", rn=1, yfsj=142282.00, pdf_file_name="http://yhocn.cn:9088/t763812834_java_sharepic/SRMD...", fzr="钱晓斌", dzzt=null}
2026-05-09 16:22:03 [http-nio-9095-exec-6] INFO  c.e.demo.controller.DzdjlController - 记录 2: {khmc="昆山润志科自动化设备有限公司", yifu=0.00, lxr="沈总", dzscwj="http://yhocn.cn:9088/t763812834_java_sharepic/DZGX...", sfkp="已开票", duizhangdanhao="DZGXDD012026043001", kpsj="2026-04-30 08:57:56", wf=26169.00, duizhangriqi="2026-04-30", ddrq="2026/04/16", rn=2, yfsj=26169.00, pdf_file_name=null, fzr="崔玉泽", dzzt=null}
2026-05-09 16:22:03 [http-nio-9095-exec-6] INFO  c.e.demo.controller.DzdjlController - 记录 3: {khmc="昆山埃森自动化技术有限公司", yifu=362.00, lxr="王跃金", dzscwj="http://yhocn.cn:9088/t763812834_java_sharepic/DZGX...", sfkp="已开票", duizhangdanhao="DZGXDD012026042901", kpsj="2026-04-29 14:56:38", wf=0.00, duizhangriqi="2026-04-29", ddrq="2026/04/22", rn=3, yfsj=362.00, pdf_file_name="http://yhocn.cn:9088/t763812834_java_sharepic/GXDD...", fzr="崔玉泽", dzzt=null}
2026-05-09 16:22:03 [http-nio-9095-exec-6] INFO  c.e.demo.controller.DzdjlController - 记录 4: {khmc="奥茵绅智能装备（苏州）有限公司", yifu=0.00, lxr="吕汉东", dzscwj="http://yhocn.cn:9088/t763812834_java_sharepic/DZGX...", sfkp="已开票", duizhangdanhao="DZGXDD012026042807", kpsj="2026-04-28 10:08:50", wf=4004.00, duizhangriqi="2026-04-28", ddrq="2026/04/09", rn=4, yfsj=4004.00, pdf_file_name="http://yhocn.cn:9088/t763812834_java_sharepic/GXDD...", fzr="陶海鑫", dzzt=null}
2026-05-09 16:22:03 [http-nio-9095-exec-6] INFO  c.e.demo.controller.DzdjlController - 记录 5: {khmc="江苏港星方能超声洗净科技有限公司", yifu=0.00, lxr="吴小姐", dzscwj="http://yhocn.cn:9088/t763812834_java_sharepic/DZGX...", sfkp="已开票", duizhangdanhao="DZGXDD012026042811", kpsj="2026-04-28 16:05:28", wf=10849.00, duizhangriqi="2026-04-28", ddrq="2026/04/07", rn=5, yfsj=10849.00, pdf_file_name="http://yhocn.cn:9088/t763812834_java_sharepic/GXDD...", fzr="董伟辰", dzzt=null}
2026-05-09 16:22:03 [http-nio-9095-exec-6] INFO  c.e.demo.controller.DzdjlController - 记录 6: {khmc="江苏洛银传动科技有限公司", yifu=1470.00, lxr="墨伟超", dzscwj="http://yhocn.cn:9088/t763812834_java_sharepic/DZGX...", sfkp="已开票", duizhangdanhao="DZGXDD012026042801", kpsj="2026-04-28 10:08:50", wf=0.00, duizhangriqi="2026-04-28", ddrq="2026/04/23", rn=6, yfsj=1470.00, pdf_file_name="http://yhocn.cn:9088/t763812834_java_sharepic/GXDD...", fzr="钱晓斌", dzzt=null}
2026-05-09 16:22:03 [http-nio-9095-exec-6] INFO  c.e.demo.controller.DzdjlController - 记录 7: {khmc="苏州博鲁克机器人系统工程有限公司", yifu=0.00, lxr="张兰", dzscwj="http://yhocn.cn:9088/t763812834_java_sharepic/DZGX...", sfkp="已开票", duizhangdanhao="DZGXDD012026042808", kpsj="2026-04-28 10:08:50", wf=10800.00, duizhangriqi="2026-04-28", ddrq="2026/03/19", rn=7, yfsj=10800.00, pdf_file_name="http://yhocn.cn:9088/t763812834_java_sharepic/BRC-...", fzr="陶海鑫", dzzt=null}
2026-05-09 16:22:03 [http-nio-9095-exec-6] INFO  c.e.demo.controller.DzdjlController - 记录 8: {khmc="维在德自动化科技（苏州）有限公司", yifu=10200.00, lxr="齐浩", dzscwj="http://yhocn.cn:9088/t763812834_java_sharepic/DZGX...", sfkp="已开票", duizhangdanhao="DZGXDD012026042810", kpsj="2026-04-28 15:37:29", wf=0.00, duizhangriqi="2026-04-28", ddrq="2026/04/18", rn=8, yfsj=10200.00, pdf_file_name=null, fzr="陶海鑫", dzzt=null}
2026-05-09 16:22:03 [http-nio-9095-exec-6] INFO  c.e.demo.controller.DzdjlController - 记录 9: {khmc="中设智能装备（苏州）有限公司", yifu=0.00, lxr="曹静", dzscwj="http://yhocn.cn:9088/t763812834_java_sharepic/DZGX...", sfkp="已开票", duizhangdanhao="DZGXDD012026042802", kpsj="2026-04-28 10:08:50", wf=50.00, duizhangriqi="2026-04-28", ddrq="2026/03/17", rn=9, yfsj=50.00, pdf_file_name="http://yhocn.cn:9088/t763812834_java_sharepic/GXDD...", fzr="陶海鑫", dzzt=null}
2026-05-09 16:22:03 [http-nio-9095-exec-6] INFO  c.e.demo.controller.DzdjlController - 记录 10: {khmc="中设智能装备（苏州）有限公司", yifu=0.00, lxr="曹静", dzscwj="http://yhocn.cn:9088/t763812834_java_sharepic/DZGX...", sfkp="已开票", duizhangdanhao="DZGXDD012026042803", kpsj="2026-04-28 10:08:50", wf=944.00, duizhangriqi="2026-04-28", ddrq="2026/03/19", rn=10, yfsj=944.00, pdf_file_name="http://yhocn.cn:9088/t763812834_java_sharepic/ZS20...", fzr="陶海鑫", dzzt=null}
2026-05-09 16:22:03 [http-nio-9095-exec-6] INFO  c.e.demo.controller.DzdjlController - 记录 11: {khmc="中设智能装备（苏州）有限公司", yifu=0.00, lxr="曹静", dzscwj="http://yhocn.cn:9088/t763812834_java_sharepic/DZGX...", sfkp="已开票", duizhangdanhao="DZGXDD012026042804", kpsj="2026-04-28 10:08:50", wf=317.00, duizhangriqi="2026-04-28", ddrq="2026/04/07", rn=11, yfsj=317.00, pdf_file_name="http://yhocn.cn:9088/t763812834_java_sharepic/GXDD...", fzr="陶海鑫", dzzt=null}
2026-05-09 16:22:03 [http-nio-9095-exec-6] INFO  c.e.demo.controller.DzdjlController - 记录 12: {khmc="中设智能装备（苏州）有限公司", yifu=0.00, lxr="曹静", dzscwj="http://yhocn.cn:9088/t763812834_java_sharepic/DZGX...", sfkp="已开票", duizhangdanhao="DZGXDD012026042805", kpsj="2026-04-28 10:08:50", wf=15978.00, duizhangriqi="2026-04-28", ddrq="2026/04/09", rn=12, yfsj=15978.00, pdf_file_name="http://yhocn.cn:9088/t763812834_java_sharepic/GXDD...", fzr="陶海鑫", dzzt=null}
2026-05-09 16:22:03 [http-nio-9095-exec-6] INFO  c.e.demo.controller.DzdjlController - 记录 13: {khmc="中设智能装备（苏州）有限公司", yifu=0.00, lxr="曹静", dzscwj="http://yhocn.cn:9088/t763812834_java_sharepic/DZGX...", sfkp="已开票", duizhangdanhao="DZGXDD012026042806", kpsj="2026-04-28 10:08:50", wf=3090.00, duizhangriqi="2026-04-28", ddrq="2026/04/13", rn=13, yfsj=3090.00, pdf_file_name="http://yhocn.cn:9088/t763812834_java_sharepic/GXDD...", fzr="陶海鑫", dzzt=null}
2026-05-09 16:22:03 [http-nio-9095-exec-6] INFO  c.e.demo.controller.DzdjlController - 记录 14: {khmc="江苏泰莱传动技术有限公司", yifu=0.00, lxr="周云", dzscwj="http://yhocn.cn:9088/t763812834_java_sharepic/DZGX...", sfkp="已开票", duizhangdanhao="DZGXDD012026042703", kpsj="2026-04-27 10:00:14", wf=38183.00, duizhangriqi="2026-04-27", ddrq="2026/04/20", rn=14, yfsj=38183.00, pdf_file_name="http://yhocn.cn:9088/t763812834_java_sharepic/P260...", fzr="陶海鑫", dzzt=null}
2026-05-09 16:22:03 [http-nio-9095-exec-6] INFO  c.e.demo.controller.DzdjlController - 记录 15: {khmc="江苏泰莱传动科技有限公司", yifu=0.00, lxr="周云", dzscwj="http://yhocn.cn:9088/t763812834_java_sharepic/DZGX...", sfkp="已开票", duizhangdanhao="DZGXDD012026042702", kpsj="2026-04-27 10:00:14", wf=5082.00, duizhangriqi="2026-04-27", ddrq="2026/03/20", rn=15, yfsj=5082.00, pdf_file_name="http://yhocn.cn:9088/t763812834_java_sharepic/P260...", fzr="陶海鑫", dzzt=null}
2026-05-09 16:22:03 [http-nio-9095-exec-6] INFO  c.e.demo.controller.DzdjlController - 记录 16: {khmc="苏州华恩远自动化设备有限公司", yifu=0.00, lxr="张苑", dzscwj="http://yhocn.cn:9088/t763812834_java_sharepic/DZGX...", sfkp="已开票", duizhangdanhao="DZGXDD012026042701", kpsj="2026-04-27 10:00:14", wf=40830.00, duizhangriqi="2026-04-27", ddrq="2026/04/17", rn=16, yfsj=40830.00, pdf_file_name="http://yhocn.cn:9088/t763812834_java_sharepic/GXDD...", fzr="钱晓斌", dzzt=null}
2026-05-09 16:22:03 [http-nio-9095-exec-6] INFO  c.e.demo.controller.DzdjlController - 记录 17: {khmc="霸导自动化设备（无锡）有限公司", yifu=54480.00, lxr="王俊", dzscwj="http://yhocn.cn:9088/t763812834_java_sharepic/DZGX...", sfkp="已开票", duizhangdanhao="DZGXDD012026042401", kpsj="2026-04-24 11:13:44", wf=0.00, duizhangriqi="2026-04-24", ddrq="2026/03/31", rn=17, yfsj=54480.00, pdf_file_name="http://yhocn.cn:9088/t763812834_java_sharepic/GXDD...", fzr="董伟辰", dzzt=null}
2026-05-09 16:22:03 [http-nio-9095-exec-6] INFO  c.e.demo.controller.DzdjlController - 记录 18: {khmc="德鑫隆（苏州）智能装备有限公司", yifu=0.00, lxr="王影", dzscwj="http://yhocn.cn:9088/t763812834_java_sharepic/DZGX...", sfkp="已开票", duizhangdanhao="DZGXDD012026042402", kpsj="2026-04-24 11:13:44", wf=11000.00, duizhangriqi="2026-04-24", ddrq="2026/04/09", rn=18, yfsj=11000.00, pdf_file_name="http://yhocn.cn:9088/t763812834_java_sharepic/GXDD...", fzr="董伟辰", dzzt=null}
2026-05-09 16:22:03 [http-nio-9095-exec-6] INFO  c.e.demo.controller.DzdjlController - 记录 19: {khmc="东佑达机器人（苏州）有限公司", yifu=0.00, lxr="", dzscwj="http://yhocn.cn:9088/t763812834_java_sharepic/DZGX...", sfkp="已开票", duizhangdanhao="DZGXDD012026042421", kpsj="2026-04-24 14:55:19", wf=16416.00, duizhangriqi="2026-04-24", ddrq="2026/04/21", rn=19, yfsj=16416.00, pdf_file_name="http://yhocn.cn:9088/t763812834_java_sharepic/S302...", fzr="钱晓斌", dzzt=null}
2026-05-09 16:22:03 [http-nio-9095-exec-6] INFO  c.e.demo.controller.DzdjlController - 记录 20: {khmc="丰铁机械（苏州）有限公司", yifu=0.00, lxr="徐小姐", dzscwj="http://yhocn.cn:9088/t763812834_java_sharepic/DZGX...", sfkp="已开票", duizhangdanhao="DZGXDD012026042422", kpsj="2026-04-24 14:55:19", wf=11600.00, duizhangriqi="2026-04-24", ddrq="2026/03/13", rn=20, yfsj=11600.00, pdf_file_name=null, fzr="钱晓斌", dzzt=null}
2026-05-09 16:22:21 [http-nio-9095-exec-4] INFO  c.example.demo.service.impl.KhxxImpl - SQL Server分页查询完成，页码: 1, 页大小: 20, 范围: 1-20, 总记录数: 271, 耗时: 420ms
2026-05-09 16:22:25 [http-nio-9095-exec-9] INFO  c.e.demo.controller.YjbbController - 分页查询业绩报表，页码: 1, 页大小: 20, 关键词: 
2026-05-09 16:22:25 [http-nio-9095-exec-9] INFO  c.example.demo.service.impl.YjbbImpl - SQL Server分页查询完成，页码: 1, 页大小: 20, 范围: 1-20, 总记录数: 271, 耗时: 342ms
2026-05-09 16:22:59 [http-nio-9095-exec-9] WARN  c.e.demo.service.FileCacheService - 删除PDF缓存失败: GXDD0120260509-ceshi
org.springframework.data.redis.RedisConnectionFailureException: Unable to connect to Redis; nested exception is io.lettuce.core.RedisConnectionException: Unable to connect to localhost:6379
	at org.springframework.data.redis.connection.lettuce.LettuceConnectionFactory$ExceptionTranslatingConnectionProvider.translateException(LettuceConnectionFactory.java:1689)
	at org.springframework.data.redis.connection.lettuce.LettuceConnectionFactory$ExceptionTranslatingConnectionProvider.getConnection(LettuceConnectionFactory.java:1597)
	at org.springframework.data.redis.connection.lettuce.LettuceConnectionFactory$SharedConnection.getNativeConnection(LettuceConnectionFactory.java:1383)
	at org.springframework.data.redis.connection.lettuce.LettuceConnectionFactory$SharedConnection.getConnection(LettuceConnectionFactory.java:1366)
	at org.springframework.data.redis.connection.lettuce.LettuceConnectionFactory.getSharedConnection(LettuceConnectionFactory.java:1093)
	at org.springframework.data.redis.connection.lettuce.LettuceConnectionFactory.getConnection(LettuceConnectionFactory.java:421)
	at org.springframework.data.redis.core.RedisConnectionUtils.fetchConnection(RedisConnectionUtils.java:193)
	at org.springframework.data.redis.core.RedisConnectionUtils.doGetConnection(RedisConnectionUtils.java:144)
	at org.springframework.data.redis.core.RedisConnectionUtils.getConnection(RedisConnectionUtils.java:105)
	at org.springframework.data.redis.core.RedisTemplate.execute(RedisTemplate.java:211)
	at org.springframework.data.redis.core.RedisTemplate.execute(RedisTemplate.java:191)
	at org.springframework.data.redis.core.RedisTemplate.delete(RedisTemplate.java:723)
	at com.example.demo.service.FileCacheService.deleteCache(FileCacheService.java:86)
	at com.example.demo.service.impl.DdmxImpl.withdrawOrder(DdmxImpl.java:329)
	at com.example.demo.service.impl.DdmxImpl$$FastClassBySpringCGLIB$$d6728066.invoke(<generated>)
	at org.springframework.cglib.proxy.MethodProxy.invoke(MethodProxy.java:218)
	at org.springframework.aop.framework.CglibAopProxy$CglibMethodInvocation.invokeJoinpoint(CglibAopProxy.java:793)
	at org.springframework.aop.framework.ReflectiveMethodInvocation.proceed(ReflectiveMethodInvocation.java:163)
	at org.springframework.aop.framework.CglibAopProxy$CglibMethodInvocation.proceed(CglibAopProxy.java:763)
	at org.springframework.transaction.interceptor.TransactionInterceptor$1.proceedWithInvocation(TransactionInterceptor.java:123)
	at org.springframework.transaction.interceptor.TransactionAspectSupport.invokeWithinTransaction(TransactionAspectSupport.java:388)
	at org.springframework.transaction.interceptor.TransactionInterceptor.invoke(TransactionInterceptor.java:119)
	at org.springframework.aop.framework.ReflectiveMethodInvocation.proceed(ReflectiveMethodInvocation.java:186)
	at org.springframework.aop.framework.CglibAopProxy$CglibMethodInvocation.proceed(CglibAopProxy.java:763)
	at org.springframework.aop.framework.CglibAopProxy$DynamicAdvisedInterceptor.intercept(CglibAopProxy.java:708)
	at com.example.demo.service.impl.DdmxImpl$$EnhancerBySpringCGLIB$$67df88c6.withdrawOrder(<generated>)
	at com.example.demo.controller.DdmxController.withdrawOrder(DdmxController.java:564)
	at sun.reflect.NativeMethodAccessorImpl.invoke0(Native Method)
	at sun.reflect.NativeMethodAccessorImpl.invoke(NativeMethodAccessorImpl.java:62)
	at sun.reflect.DelegatingMethodAccessorImpl.invoke(DelegatingMethodAccessorImpl.java:43)
	at java.lang.reflect.Method.invoke(Method.java:498)
	at org.springframework.web.method.support.InvocableHandlerMethod.doInvoke(InvocableHandlerMethod.java:205)
	at org.springframework.web.method.support.InvocableHandlerMethod.invokeForRequest(InvocableHandlerMethod.java:150)
	at org.springframework.web.servlet.mvc.method.annotation.ServletInvocableHandlerMethod.invokeAndHandle(ServletInvocableHandlerMethod.java:117)
	at org.springframework.web.servlet.mvc.method.annotation.RequestMappingHandlerAdapter.invokeHandlerMethod(RequestMappingHandlerAdapter.java:895)
	at org.springframework.web.servlet.mvc.method.annotation.RequestMappingHandlerAdapter.handleInternal(RequestMappingHandlerAdapter.java:808)
	at org.springframework.web.servlet.mvc.method.AbstractHandlerMethodAdapter.handle(AbstractHandlerMethodAdapter.java:87)
	at org.springframework.web.servlet.DispatcherServlet.doDispatch(DispatcherServlet.java:1070)
	at org.springframework.web.servlet.DispatcherServlet.doService(DispatcherServlet.java:963)
	at org.springframework.web.servlet.FrameworkServlet.processRequest(FrameworkServlet.java:1006)
	at org.springframework.web.servlet.FrameworkServlet.doPost(FrameworkServlet.java:909)
	at javax.servlet.http.HttpServlet.service(HttpServlet.java:681)
	at org.springframework.web.servlet.FrameworkServlet.service(FrameworkServlet.java:883)
	at javax.servlet.http.HttpServlet.service(HttpServlet.java:764)
	at org.apache.catalina.core.ApplicationFilterChain.internalDoFilter(ApplicationFilterChain.java:227)
	at org.apache.catalina.core.ApplicationFilterChain.doFilter(ApplicationFilterChain.java:162)
	at org.apache.tomcat.websocket.server.WsFilter.doFilter(WsFilter.java:53)
	at org.apache.catalina.core.ApplicationFilterChain.internalDoFilter(ApplicationFilterChain.java:189)
	at org.apache.catalina.core.ApplicationFilterChain.doFilter(ApplicationFilterChain.java:162)
	at org.springframework.web.filter.RequestContextFilter.doFilterInternal(RequestContextFilter.java:100)
	at org.springframework.web.filter.OncePerRequestFilter.doFilter(OncePerRequestFilter.java:117)
	at org.apache.catalina.core.ApplicationFilterChain.internalDoFilter(ApplicationFilterChain.java:189)
	at org.apache.catalina.core.ApplicationFilterChain.doFilter(ApplicationFilterChain.java:162)
	at org.springframework.web.filter.FormContentFilter.doFilterInternal(FormContentFilter.java:93)
	at org.springframework.web.filter.OncePerRequestFilter.doFilter(OncePerRequestFilter.java:117)
	at org.apache.catalina.core.ApplicationFilterChain.internalDoFilter(ApplicationFilterChain.java:189)
	at org.apache.catalina.core.ApplicationFilterChain.doFilter(ApplicationFilterChain.java:162)
	at org.springframework.web.filter.CharacterEncodingFilter.doFilterInternal(CharacterEncodingFilter.java:201)
	at org.springframework.web.filter.OncePerRequestFilter.doFilter(OncePerRequestFilter.java:117)
	at org.apache.catalina.core.ApplicationFilterChain.internalDoFilter(ApplicationFilterChain.java:189)
	at org.apache.catalina.core.ApplicationFilterChain.doFilter(ApplicationFilterChain.java:162)
	at org.apache.catalina.core.StandardWrapperValve.invoke(StandardWrapperValve.java:197)
	at org.apache.catalina.core.StandardContextValve.invoke(StandardContextValve.java:97)
	at org.apache.catalina.authenticator.AuthenticatorBase.invoke(AuthenticatorBase.java:541)
	at org.apache.catalina.core.StandardHostValve.invoke(StandardHostValve.java:135)
	at org.apache.catalina.valves.ErrorReportValve.invoke(ErrorReportValve.java:92)
	at org.apache.catalina.core.StandardEngineValve.invoke(StandardEngineValve.java:78)
	at org.apache.catalina.connector.CoyoteAdapter.service(CoyoteAdapter.java:360)
	at org.apache.coyote.http11.Http11Processor.service(Http11Processor.java:399)
	at org.apache.coyote.AbstractProcessorLight.process(AbstractProcessorLight.java:65)
	at org.apache.coyote.AbstractProtocol$ConnectionHandler.process(AbstractProtocol.java:890)
	at org.apache.tomcat.util.net.NioEndpoint$SocketProcessor.doRun(NioEndpoint.java:1789)
	at org.apache.tomcat.util.net.SocketProcessorBase.run(SocketProcessorBase.java:49)
	at org.apache.tomcat.util.threads.ThreadPoolExecutor.runWorker(ThreadPoolExecutor.java:1191)
	at org.apache.tomcat.util.threads.ThreadPoolExecutor$Worker.run(ThreadPoolExecutor.java:659)
	at org.apache.tomcat.util.threads.TaskThread$WrappingRunnable.run(TaskThread.java:61)
	at java.lang.Thread.run(Thread.java:748)
Caused by: io.lettuce.core.RedisConnectionException: Unable to connect to localhost:6379
	at io.lettuce.core.RedisConnectionException.create(RedisConnectionException.java:78)
	at io.lettuce.core.RedisConnectionException.create(RedisConnectionException.java:56)
	at io.lettuce.core.AbstractRedisClient.getConnection(AbstractRedisClient.java:330)
	at io.lettuce.core.RedisClient.connect(RedisClient.java:216)
	at org.springframework.data.redis.connection.lettuce.StandaloneConnectionProvider.lambda$getConnection$1(StandaloneConnectionProvider.java:115)
	at java.util.Optional.orElseGet(Optional.java:267)
	at org.springframework.data.redis.connection.lettuce.StandaloneConnectionProvider.getConnection(StandaloneConnectionProvider.java:115)
	at org.springframework.data.redis.connection.lettuce.LettuceConnectionFactory$ExceptionTranslatingConnectionProvider.getConnection(LettuceConnectionFactory.java:1595)
	... 75 common frames omitted
Caused by: java.nio.channels.ClosedChannelException: null
	at io.netty.channel.nio.AbstractNioChannel.doClose(AbstractNioChannel.java:502)
	at io.netty.channel.socket.nio.NioSocketChannel.doClose(NioSocketChannel.java:349)
	at io.netty.channel.AbstractChannel$AbstractUnsafe.doClose0(AbstractChannel.java:754)
	at io.netty.channel.AbstractChannel$AbstractUnsafe.close(AbstractChannel.java:731)
	at io.netty.channel.AbstractChannel$AbstractUnsafe.close(AbstractChannel.java:620)
	at io.netty.channel.DefaultChannelPipeline$HeadContext.close(DefaultChannelPipeline.java:1352)
	at io.netty.channel.AbstractChannelHandlerContext.invokeClose(AbstractChannelHandlerContext.java:622)
	at io.netty.channel.AbstractChannelHandlerContext.access$1200(AbstractChannelHandlerContext.java:61)
	at io.netty.channel.AbstractChannelHandlerContext$11.run(AbstractChannelHandlerContext.java:611)
	at io.netty.util.concurrent.AbstractEventExecutor.runTask(AbstractEventExecutor.java:174)
	at io.netty.util.concurrent.AbstractEventExecutor.safeExecute(AbstractEventExecutor.java:167)
	at io.netty.util.concurrent.SingleThreadEventExecutor.runAllTasks(SingleThreadEventExecutor.java:470)
	at io.netty.channel.nio.NioEventLoop.run(NioEventLoop.java:503)
	at io.netty.util.concurrent.SingleThreadEventExecutor$4.run(SingleThreadEventExecutor.java:997)
	at io.netty.util.internal.ThreadExecutorMap$2.run(ThreadExecutorMap.java:74)
	at io.netty.util.concurrent.FastThreadLocalRunnable.run(FastThreadLocalRunnable.java:30)
	... 1 common frames omitted
2026-05-09 16:23:19 [http-nio-9095-exec-10] INFO  c.e.demo.controller.XdmxController - 订单驳回成功，ID: 6431
2026-05-09 16:23:57 [http-nio-9095-exec-6] ERROR druid.sql.Statement - {conn-10003, stmt-20433} execute error. SELECT 1
com.microsoft.sqlserver.jdbc.SQLServerException: Read timed out
	at com.microsoft.sqlserver.jdbc.SQLServerConnection.terminate(SQLServerConnection.java:2670)
	at com.microsoft.sqlserver.jdbc.TDSChannel.read(IOBuffer.java:1990)
	at com.microsoft.sqlserver.jdbc.TDSReader.readPacket(IOBuffer.java:6494)
	at com.microsoft.sqlserver.jdbc.TDSCommand.startResponse(IOBuffer.java:7738)
	at com.microsoft.sqlserver.jdbc.SQLServerStatement.doExecuteStatement(SQLServerStatement.java:855)
	at com.microsoft.sqlserver.jdbc.SQLServerStatement$StmtExecCmd.doExecute(SQLServerStatement.java:757)
	at com.microsoft.sqlserver.jdbc.TDSCommand.execute(IOBuffer.java:7344)
	at com.microsoft.sqlserver.jdbc.SQLServerConnection.executeCommand(SQLServerConnection.java:2713)
	at com.microsoft.sqlserver.jdbc.SQLServerStatement.executeCommand(SQLServerStatement.java:224)
	at com.microsoft.sqlserver.jdbc.SQLServerStatement.executeStatement(SQLServerStatement.java:204)
	at com.microsoft.sqlserver.jdbc.SQLServerStatement.execute(SQLServerStatement.java:734)
	at com.alibaba.druid.filter.FilterChainImpl.statement_execute(FilterChainImpl.java:2958)
	at com.alibaba.druid.filter.FilterAdapter.statement_execute(FilterAdapter.java:2474)
	at com.alibaba.druid.filter.FilterEventAdapter.statement_execute(FilterEventAdapter.java:188)
	at com.alibaba.druid.filter.FilterChainImpl.statement_execute(FilterChainImpl.java:2956)
	at com.alibaba.druid.wall.WallFilter.statement_execute(WallFilter.java:422)
	at com.alibaba.druid.filter.FilterChainImpl.statement_execute(FilterChainImpl.java:2956)
	at com.alibaba.druid.filter.FilterAdapter.statement_execute(FilterAdapter.java:2474)
	at com.alibaba.druid.filter.FilterEventAdapter.statement_execute(FilterEventAdapter.java:188)
	at com.alibaba.druid.filter.FilterChainImpl.statement_execute(FilterChainImpl.java:2956)
	at com.alibaba.druid.proxy.jdbc.StatementProxyImpl.execute(StatementProxyImpl.java:147)
	at com.alibaba.druid.pool.vendor.MSSQLValidConnectionChecker.isValidConnection(MSSQLValidConnectionChecker.java:50)
	at com.alibaba.druid.pool.DruidAbstractDataSource.testConnectionInternal(DruidAbstractDataSource.java:1438)
	at com.alibaba.druid.pool.DruidDataSource.getConnectionDirect(DruidDataSource.java:1408)
	at com.alibaba.druid.filter.FilterChainImpl.dataSource_connect(FilterChainImpl.java:5007)
	at com.alibaba.druid.filter.logging.LogFilter.dataSource_getConnection(LogFilter.java:886)
	at com.alibaba.druid.filter.FilterChainImpl.dataSource_connect(FilterChainImpl.java:5003)
	at com.alibaba.druid.filter.FilterAdapter.dataSource_getConnection(FilterAdapter.java:2746)
	at com.alibaba.druid.filter.FilterChainImpl.dataSource_connect(FilterChainImpl.java:5003)
	at com.alibaba.druid.filter.stat.StatFilter.dataSource_getConnection(StatFilter.java:680)
	at com.alibaba.druid.filter.FilterChainImpl.dataSource_connect(FilterChainImpl.java:5003)
	at com.alibaba.druid.pool.DruidDataSource.getConnection(DruidDataSource.java:1373)
	at com.alibaba.druid.pool.DruidDataSource.getConnection(DruidDataSource.java:1365)
	at com.alibaba.druid.pool.DruidDataSource.getConnection(DruidDataSource.java:109)
	at com.baomidou.dynamic.datasource.ds.ItemDataSource.getConnection(ItemDataSource.java:56)
	at com.baomidou.dynamic.datasource.ds.AbstractRoutingDataSource.getConnection(AbstractRoutingDataSource.java:55)
	at org.springframework.jdbc.datasource.DataSourceUtils.fetchConnection(DataSourceUtils.java:159)
	at org.springframework.jdbc.datasource.DataSourceUtils.doGetConnection(DataSourceUtils.java:117)
	at org.springframework.jdbc.datasource.DataSourceUtils.getConnection(DataSourceUtils.java:80)
	at org.mybatis.spring.transaction.SpringManagedTransaction.openConnection(SpringManagedTransaction.java:80)
	at org.mybatis.spring.transaction.SpringManagedTransaction.getConnection(SpringManagedTransaction.java:67)
	at org.apache.ibatis.executor.BaseExecutor.getConnection(BaseExecutor.java:336)
	at com.baomidou.mybatisplus.core.executor.MybatisReuseExecutor.prepareStatement(MybatisReuseExecutor.java:91)
	at com.baomidou.mybatisplus.core.executor.MybatisReuseExecutor.doQuery(MybatisReuseExecutor.java:62)
	at org.apache.ibatis.executor.BaseExecutor.queryFromDatabase(BaseExecutor.java:324)
	at org.apache.ibatis.executor.BaseExecutor.query(BaseExecutor.java:156)
	at org.apache.ibatis.executor.BaseExecutor.query(BaseExecutor.java:136)
	at sun.reflect.GeneratedMethodAccessor138.invoke(Unknown Source)
	at sun.reflect.DelegatingMethodAccessorImpl.invoke(DelegatingMethodAccessorImpl.java:43)
	at java.lang.reflect.Method.invoke(Method.java:498)
	at org.apache.ibatis.plugin.Plugin.invoke(Plugin.java:63)
	at com.sun.proxy.$Proxy113.query(Unknown Source)
	at org.apache.ibatis.session.defaults.DefaultSqlSession.selectList(DefaultSqlSession.java:147)
	at org.apache.ibatis.session.defaults.DefaultSqlSession.selectList(DefaultSqlSession.java:140)
	at sun.reflect.GeneratedMethodAccessor141.invoke(Unknown Source)
	at sun.reflect.DelegatingMethodAccessorImpl.invoke(DelegatingMethodAccessorImpl.java:43)
	at java.lang.reflect.Method.invoke(Method.java:498)
	at org.mybatis.spring.SqlSessionTemplate$SqlSessionInterceptor.invoke(SqlSessionTemplate.java:426)
	at com.sun.proxy.$Proxy67.selectList(Unknown Source)
	at org.mybatis.spring.SqlSessionTemplate.selectList(SqlSessionTemplate.java:223)
	at com.baomidou.mybatisplus.core.override.MybatisMapperMethod.executeForMany(MybatisMapperMethod.java:177)
	at com.baomidou.mybatisplus.core.override.MybatisMapperMethod.execute(MybatisMapperMethod.java:78)
	at com.baomidou.mybatisplus.core.override.MybatisMapperProxy.invoke(MybatisMapperProxy.java:96)
	at com.sun.proxy.$Proxy87.getXL(Unknown Source)
	at com.example.demo.service.impl.PzbImpl.getXL(PzbImpl.java:30)
	at com.example.demo.service.impl.PzbImpl$$FastClassBySpringCGLIB$$7d4624fd.invoke(<generated>)
	at org.springframework.cglib.proxy.MethodProxy.invoke(MethodProxy.java:218)
	at org.springframework.aop.framework.CglibAopProxy.invokeMethod(CglibAopProxy.java:386)
	at org.springframework.aop.framework.CglibAopProxy.access$000(CglibAopProxy.java:85)
	at org.springframework.aop.framework.CglibAopProxy$DynamicAdvisedInterceptor.intercept(CglibAopProxy.java:704)
	at com.example.demo.service.impl.PzbImpl$$EnhancerBySpringCGLIB$$ec7e8ceb.getXL(<generated>)
	at com.example.demo.controller.XshtController.getXL(XshtController.java:110)
	at sun.reflect.NativeMethodAccessorImpl.invoke0(Native Method)
	at sun.reflect.NativeMethodAccessorImpl.invoke(NativeMethodAccessorImpl.java:62)
	at sun.reflect.DelegatingMethodAccessorImpl.invoke(DelegatingMethodAccessorImpl.java:43)
	at java.lang.reflect.Method.invoke(Method.java:498)
	at org.springframework.web.method.support.InvocableHandlerMethod.doInvoke(InvocableHandlerMethod.java:205)
	at org.springframework.web.method.support.InvocableHandlerMethod.invokeForRequest(InvocableHandlerMethod.java:150)
	at org.springframework.web.servlet.mvc.method.annotation.ServletInvocableHandlerMethod.invokeAndHandle(ServletInvocableHandlerMethod.java:117)
	at org.springframework.web.servlet.mvc.method.annotation.RequestMappingHandlerAdapter.invokeHandlerMethod(RequestMappingHandlerAdapter.java:895)
	at org.springframework.web.servlet.mvc.method.annotation.RequestMappingHandlerAdapter.handleInternal(RequestMappingHandlerAdapter.java:808)
	at org.springframework.web.servlet.mvc.method.AbstractHandlerMethodAdapter.handle(AbstractHandlerMethodAdapter.java:87)
	at org.springframework.web.servlet.DispatcherServlet.doDispatch(DispatcherServlet.java:1070)
	at org.springframework.web.servlet.DispatcherServlet.doService(DispatcherServlet.java:963)
	at org.springframework.web.servlet.FrameworkServlet.processRequest(FrameworkServlet.java:1006)
	at org.springframework.web.servlet.FrameworkServlet.doPost(FrameworkServlet.java:909)
	at javax.servlet.http.HttpServlet.service(HttpServlet.java:681)
	at org.springframework.web.servlet.FrameworkServlet.service(FrameworkServlet.java:883)
	at javax.servlet.http.HttpServlet.service(HttpServlet.java:764)
	at org.apache.catalina.core.ApplicationFilterChain.internalDoFilter(ApplicationFilterChain.java:227)
	at org.apache.catalina.core.ApplicationFilterChain.doFilter(ApplicationFilterChain.java:162)
	at org.apache.tomcat.websocket.server.WsFilter.doFilter(WsFilter.java:53)
	at org.apache.catalina.core.ApplicationFilterChain.internalDoFilter(ApplicationFilterChain.java:189)
	at org.apache.catalina.core.ApplicationFilterChain.doFilter(ApplicationFilterChain.java:162)
	at org.springframework.web.filter.RequestContextFilter.doFilterInternal(RequestContextFilter.java:100)
	at org.springframework.web.filter.OncePerRequestFilter.doFilter(OncePerRequestFilter.java:117)
	at org.apache.catalina.core.ApplicationFilterChain.internalDoFilter(ApplicationFilterChain.java:189)
	at org.apache.catalina.core.ApplicationFilterChain.doFilter(ApplicationFilterChain.java:162)
	at org.springframework.web.filter.FormContentFilter.doFilterInternal(FormContentFilter.java:93)
	at org.springframework.web.filter.OncePerRequestFilter.doFilter(OncePerRequestFilter.java:117)
	at org.apache.catalina.core.ApplicationFilterChain.internalDoFilter(ApplicationFilterChain.java:189)
	at org.apache.catalina.core.ApplicationFilterChain.doFilter(ApplicationFilterChain.java:162)
	at org.springframework.web.filter.CharacterEncodingFilter.doFilterInternal(CharacterEncodingFilter.java:201)
	at org.springframework.web.filter.OncePerRequestFilter.doFilter(OncePerRequestFilter.java:117)
	at org.apache.catalina.core.ApplicationFilterChain.internalDoFilter(ApplicationFilterChain.java:189)
	at org.apache.catalina.core.ApplicationFilterChain.doFilter(ApplicationFilterChain.java:162)
	at org.apache.catalina.core.StandardWrapperValve.invoke(StandardWrapperValve.java:197)
	at org.apache.catalina.core.StandardContextValve.invoke(StandardContextValve.java:97)
	at org.apache.catalina.authenticator.AuthenticatorBase.invoke(AuthenticatorBase.java:541)
	at org.apache.catalina.core.StandardHostValve.invoke(StandardHostValve.java:135)
	at org.apache.catalina.valves.ErrorReportValve.invoke(ErrorReportValve.java:92)
	at org.apache.catalina.core.StandardEngineValve.invoke(StandardEngineValve.java:78)
	at org.apache.catalina.connector.CoyoteAdapter.service(CoyoteAdapter.java:360)
	at org.apache.coyote.http11.Http11Processor.service(Http11Processor.java:399)
	at org.apache.coyote.AbstractProcessorLight.process(AbstractProcessorLight.java:65)
	at org.apache.coyote.AbstractProtocol$ConnectionHandler.process(AbstractProtocol.java:890)
	at org.apache.tomcat.util.net.NioEndpoint$SocketProcessor.doRun(NioEndpoint.java:1789)
	at org.apache.tomcat.util.net.SocketProcessorBase.run(SocketProcessorBase.java:49)
	at org.apache.tomcat.util.threads.ThreadPoolExecutor.runWorker(ThreadPoolExecutor.java:1191)
	at org.apache.tomcat.util.threads.ThreadPoolExecutor$Worker.run(ThreadPoolExecutor.java:659)
	at org.apache.tomcat.util.threads.TaskThread$WrappingRunnable.run(TaskThread.java:61)
	at java.lang.Thread.run(Thread.java:748)
Caused by: java.net.SocketTimeoutException: Read timed out
	at java.net.SocketInputStream.socketRead0(Native Method)
	at java.net.SocketInputStream.socketRead(SocketInputStream.java:116)
	at java.net.SocketInputStream.read(SocketInputStream.java:171)
	at java.net.SocketInputStream.read(SocketInputStream.java:141)
	at com.microsoft.sqlserver.jdbc.TDSChannel.read(IOBuffer.java:1983)
	... 120 common frames omitted
2026-05-09 16:24:55 [http-nio-9095-exec-3] INFO  c.e.demo.controller.DyshdController - 返回结果: data大小=15
2026-05-09 16:26:04 [restartedMain] INFO  com.example.demo.DemoApplication - Starting DemoApplication using Java 1.8.0_281 on WIN-20260505BQO with PID 6504 (D:\yh_soft\t763812834_java\code\target\classes started by Administrator in D:\yh_soft\t763812834_java\code)
2026-05-09 16:26:04 [restartedMain] INFO  com.example.demo.DemoApplication - The following 1 profile is active: "dev"
2026-05-09 16:26:05 [restartedMain] INFO  o.s.b.d.e.DevToolsPropertyDefaultsPostProcessor - Devtools property defaults active! Set 'spring.devtools.add-properties' to 'false' to disable
2026-05-09 16:26:05 [restartedMain] INFO  o.s.b.d.e.DevToolsPropertyDefaultsPostProcessor - For additional web related logging consider setting the 'logging.level.web' property to 'DEBUG'
2026-05-09 16:26:07 [restartedMain] INFO  o.s.d.r.c.RepositoryConfigurationDelegate - Multiple Spring Data modules found, entering strict repository configuration mode
2026-05-09 16:26:07 [restartedMain] INFO  o.s.d.r.c.RepositoryConfigurationDelegate - Bootstrapping Spring Data Redis repositories in DEFAULT mode.
2026-05-09 16:26:07 [restartedMain] INFO  o.s.d.r.c.RepositoryConfigurationDelegate - Finished Spring Data repository scanning in 35 ms. Found 0 Redis repository interfaces.
2026-05-09 16:26:07 [restartedMain] INFO  o.s.c.s.PostProcessorRegistrationDelegate$BeanPostProcessorChecker - Bean 'spring.datasource.dynamic-com.baomidou.dynamic.datasource.spring.boot.autoconfigure.DynamicDataSourceProperties' of type [com.baomidou.dynamic.datasource.spring.boot.autoconfigure.DynamicDataSourceProperties] is not eligible for getting processed by all BeanPostProcessors (for example: not eligible for auto-proxying)
2026-05-09 16:26:07 [restartedMain] INFO  o.s.c.s.PostProcessorRegistrationDelegate$BeanPostProcessorChecker - Bean 'com.baomidou.dynamic.datasource.spring.boot.autoconfigure.DynamicDataSourceAutoConfiguration' of type [com.baomidou.dynamic.datasource.spring.boot.autoconfigure.DynamicDataSourceAutoConfiguration$$EnhancerBySpringCGLIB$$6eb14bac] is not eligible for getting processed by all BeanPostProcessors (for example: not eligible for auto-proxying)
2026-05-09 16:26:07 [restartedMain] INFO  o.s.c.s.PostProcessorRegistrationDelegate$BeanPostProcessorChecker - Bean 'dsProcessor' of type [com.baomidou.dynamic.datasource.processor.DsHeaderProcessor] is not eligible for getting processed by all BeanPostProcessors (for example: not eligible for auto-proxying)
2026-05-09 16:26:08 [restartedMain] INFO  o.s.b.w.e.tomcat.TomcatWebServer - Tomcat initialized with port(s): 9095 (http)
2026-05-09 16:26:08 [restartedMain] INFO  o.a.catalina.core.StandardService - Starting service [Tomcat]
2026-05-09 16:26:08 [restartedMain] INFO  o.a.catalina.core.StandardEngine - Starting Servlet engine: [Apache Tomcat/9.0.65]
2026-05-09 16:26:08 [restartedMain] INFO  o.a.c.c.C.[Tomcat].[localhost].[/] - Initializing Spring embedded WebApplicationContext
2026-05-09 16:26:08 [restartedMain] INFO  o.s.b.w.s.c.ServletWebServerApplicationContext - Root WebApplicationContext: initialization completed in 3704 ms
2026-05-09 16:26:32 [restartedMain] ERROR c.alibaba.druid.pool.DruidDataSource - init datasource error, url: jdbc:sqlserver://bds28428944.my3w.com;DatabaseName=bds28428944_db
com.microsoft.sqlserver.jdbc.SQLServerException: Connection reset ClientConnectionId:e9c2df1b-8bdf-4855-9803-c8481168b9c0
	at com.microsoft.sqlserver.jdbc.SQLServerConnection.terminate(SQLServerConnection.java:2670)
	at com.microsoft.sqlserver.jdbc.TDSChannel.read(IOBuffer.java:1993)
	at com.microsoft.sqlserver.jdbc.TDSReader.readPacket(IOBuffer.java:6494)
	at com.microsoft.sqlserver.jdbc.TDSCommand.startResponse(IOBuffer.java:7741)
	at com.microsoft.sqlserver.jdbc.TDSCommand.startResponse(IOBuffer.java:7700)
	at com.microsoft.sqlserver.jdbc.SQLServerConnection.sendLogon(SQLServerConnection.java:4547)
	at com.microsoft.sqlserver.jdbc.SQLServerConnection.logon(SQLServerConnection.java:3409)
	at com.microsoft.sqlserver.jdbc.SQLServerConnection.access$100(SQLServerConnection.java:85)
	at com.microsoft.sqlserver.jdbc.SQLServerConnection$LogonCommand.doExecute(SQLServerConnection.java:3373)
	at com.microsoft.sqlserver.jdbc.TDSCommand.execute(IOBuffer.java:7344)
	at com.microsoft.sqlserver.jdbc.SQLServerConnection.executeCommand(SQLServerConnection.java:2713)
	at com.microsoft.sqlserver.jdbc.SQLServerConnection.connectHelper(SQLServerConnection.java:2261)
	at com.microsoft.sqlserver.jdbc.SQLServerConnection.login(SQLServerConnection.java:1921)
	at com.microsoft.sqlserver.jdbc.SQLServerConnection.connectInternal(SQLServerConnection.java:1762)
	at com.microsoft.sqlserver.jdbc.SQLServerConnection.connect(SQLServerConnection.java:1077)
	at com.microsoft.sqlserver.jdbc.SQLServerDriver.connect(SQLServerDriver.java:623)
	at com.alibaba.druid.filter.FilterChainImpl.connection_connect(FilterChainImpl.java:156)
	at com.alibaba.druid.filter.stat.StatFilter.connection_connect(StatFilter.java:218)
	at com.alibaba.druid.filter.FilterChainImpl.connection_connect(FilterChainImpl.java:150)
	at com.alibaba.druid.pool.DruidAbstractDataSource.createPhysicalConnection(DruidAbstractDataSource.java:1598)
	at com.alibaba.druid.pool.DruidAbstractDataSource.createPhysicalConnection(DruidAbstractDataSource.java:1662)
	at com.alibaba.druid.pool.DruidDataSource.init(DruidDataSource.java:932)
	at com.baomidou.dynamic.datasource.creator.DruidDataSourceCreator.doCreateDataSource(DruidDataSourceCreator.java:85)
	at com.baomidou.dynamic.datasource.creator.AbstractDataSourceCreator.createDataSource(AbstractDataSourceCreator.java:70)
	at com.baomidou.dynamic.datasource.creator.DefaultDataSourceCreator.createDataSource(DefaultDataSourceCreator.java:48)
	at com.baomidou.dynamic.datasource.provider.AbstractDataSourceProvider.createDataSourceMap(AbstractDataSourceProvider.java:47)
	at com.baomidou.dynamic.datasource.provider.YmlDynamicDataSourceProvider.loadDataSources(YmlDynamicDataSourceProvider.java:42)
	at com.baomidou.dynamic.datasource.DynamicRoutingDataSource.afterPropertiesSet(DynamicRoutingDataSource.java:225)
	at org.springframework.beans.factory.support.AbstractAutowireCapableBeanFactory.invokeInitMethods(AbstractAutowireCapableBeanFactory.java:1863)
	at org.springframework.beans.factory.support.AbstractAutowireCapableBeanFactory.initializeBean(AbstractAutowireCapableBeanFactory.java:1800)
	at org.springframework.beans.factory.support.AbstractAutowireCapableBeanFactory.doCreateBean(AbstractAutowireCapableBeanFactory.java:620)
	at org.springframework.beans.factory.support.AbstractAutowireCapableBeanFactory.createBean(AbstractAutowireCapableBeanFactory.java:542)
	at org.springframework.beans.factory.support.AbstractBeanFactory.lambda$doGetBean$0(AbstractBeanFactory.java:335)
	at org.springframework.beans.factory.support.DefaultSingletonBeanRegistry.getSingleton(DefaultSingletonBeanRegistry.java:234)
	at org.springframework.beans.factory.support.AbstractBeanFactory.doGetBean(AbstractBeanFactory.java:333)
	at org.springframework.beans.factory.support.AbstractBeanFactory.getBean(AbstractBeanFactory.java:208)
	at org.springframework.beans.factory.config.DependencyDescriptor.resolveCandidate(DependencyDescriptor.java:276)
	at org.springframework.beans.factory.support.DefaultListableBeanFactory.doResolveDependency(DefaultListableBeanFactory.java:1391)
	at org.springframework.beans.factory.support.DefaultListableBeanFactory.resolveDependency(DefaultListableBeanFactory.java:1311)
	at org.springframework.beans.factory.support.ConstructorResolver.resolveAutowiredArgument(ConstructorResolver.java:887)
	at org.springframework.beans.factory.support.ConstructorResolver.createArgumentArray(ConstructorResolver.java:791)
	at org.springframework.beans.factory.support.ConstructorResolver.instantiateUsingFactoryMethod(ConstructorResolver.java:541)
	at org.springframework.beans.factory.support.AbstractAutowireCapableBeanFactory.instantiateUsingFactoryMethod(AbstractAutowireCapableBeanFactory.java:1352)
	at org.springframework.beans.factory.support.AbstractAutowireCapableBeanFactory.createBeanInstance(AbstractAutowireCapableBeanFactory.java:1195)
	at org.springframework.beans.factory.support.AbstractAutowireCapableBeanFactory.doCreateBean(AbstractAutowireCapableBeanFactory.java:582)
	at org.springframework.beans.factory.support.AbstractAutowireCapableBeanFactory.createBean(AbstractAutowireCapableBeanFactory.java:542)
	at org.springframework.beans.factory.support.AbstractBeanFactory.lambda$doGetBean$0(AbstractBeanFactory.java:335)
	at org.springframework.beans.factory.support.DefaultSingletonBeanRegistry.getSingleton(DefaultSingletonBeanRegistry.java:234)
	at org.springframework.beans.factory.support.AbstractBeanFactory.doGetBean(AbstractBeanFactory.java:333)
	at org.springframework.beans.factory.support.AbstractBeanFactory.getBean(AbstractBeanFactory.java:208)
	at org.springframework.beans.factory.config.DependencyDescriptor.resolveCandidate(DependencyDescriptor.java:276)
	at org.springframework.beans.factory.support.DefaultListableBeanFactory.doResolveDependency(DefaultListableBeanFactory.java:1391)
	at org.springframework.beans.factory.support.DefaultListableBeanFactory.resolveDependency(DefaultListableBeanFactory.java:1311)
	at org.springframework.beans.factory.support.AbstractAutowireCapableBeanFactory.autowireByType(AbstractAutowireCapableBeanFactory.java:1519)
	at org.springframework.beans.factory.support.AbstractAutowireCapableBeanFactory.populateBean(AbstractAutowireCapableBeanFactory.java:1417)
	at org.springframework.beans.factory.support.AbstractAutowireCapableBeanFactory.doCreateBean(AbstractAutowireCapableBeanFactory.java:619)
	at org.springframework.beans.factory.support.AbstractAutowireCapableBeanFactory.createBean(AbstractAutowireCapableBeanFactory.java:542)
	at org.springframework.beans.factory.support.AbstractBeanFactory.lambda$doGetBean$0(AbstractBeanFactory.java:335)
	at org.springframework.beans.factory.support.DefaultSingletonBeanRegistry.getSingleton(DefaultSingletonBeanRegistry.java:234)
	at org.springframework.beans.factory.support.AbstractBeanFactory.doGetBean(AbstractBeanFactory.java:333)
	at org.springframework.beans.factory.support.AbstractBeanFactory.getBean(AbstractBeanFactory.java:208)
	at org.springframework.beans.factory.config.DependencyDescriptor.resolveCandidate(DependencyDescriptor.java:276)
	at org.springframework.beans.factory.support.DefaultListableBeanFactory.doResolveDependency(DefaultListableBeanFactory.java:1391)
	at org.springframework.beans.factory.support.DefaultListableBeanFactory.resolveDependency(DefaultListableBeanFactory.java:1311)
	at org.springframework.beans.factory.annotation.AutowiredAnnotationBeanPostProcessor$AutowiredFieldElement.resolveFieldValue(AutowiredAnnotationBeanPostProcessor.java:656)
	at org.springframework.beans.factory.annotation.AutowiredAnnotationBeanPostProcessor$AutowiredFieldElement.inject(AutowiredAnnotationBeanPostProcessor.java:639)
	at org.springframework.beans.factory.annotation.InjectionMetadata.inject(InjectionMetadata.java:119)
	at org.springframework.beans.factory.annotation.AutowiredAnnotationBeanPostProcessor.postProcessProperties(AutowiredAnnotationBeanPostProcessor.java:399)
	at org.springframework.beans.factory.support.AbstractAutowireCapableBeanFactory.populateBean(AbstractAutowireCapableBeanFactory.java:1431)
	at org.springframework.beans.factory.support.AbstractAutowireCapableBeanFactory.doCreateBean(AbstractAutowireCapableBeanFactory.java:619)
	at org.springframework.beans.factory.support.AbstractAutowireCapableBeanFactory.createBean(AbstractAutowireCapableBeanFactory.java:542)
	at org.springframework.beans.factory.support.AbstractBeanFactory.lambda$doGetBean$0(AbstractBeanFactory.java:335)
	at org.springframework.beans.factory.support.DefaultSingletonBeanRegistry.getSingleton(DefaultSingletonBeanRegistry.java:234)
	at org.springframework.beans.factory.support.AbstractBeanFactory.doGetBean(AbstractBeanFactory.java:333)
	at org.springframework.beans.factory.support.AbstractBeanFactory.getBean(AbstractBeanFactory.java:208)
	at org.springframework.beans.factory.config.DependencyDescriptor.resolveCandidate(DependencyDescriptor.java:276)
	at org.springframework.beans.factory.support.DefaultListableBeanFactory.doResolveDependency(DefaultListableBeanFactory.java:1391)
	at org.springframework.beans.factory.support.DefaultListableBeanFactory.resolveDependency(DefaultListableBeanFactory.java:1311)
	at org.springframework.beans.factory.annotation.AutowiredAnnotationBeanPostProcessor$AutowiredFieldElement.resolveFieldValue(AutowiredAnnotationBeanPostProcessor.java:656)
	at org.springframework.beans.factory.annotation.AutowiredAnnotationBeanPostProcessor$AutowiredFieldElement.inject(AutowiredAnnotationBeanPostProcessor.java:639)
	at org.springframework.beans.factory.annotation.InjectionMetadata.inject(InjectionMetadata.java:119)
	at org.springframework.beans.factory.annotation.AutowiredAnnotationBeanPostProcessor.postProcessProperties(AutowiredAnnotationBeanPostProcessor.java:399)
	at org.springframework.beans.factory.support.AbstractAutowireCapableBeanFactory.populateBean(AbstractAutowireCapableBeanFactory.java:1431)
	at org.springframework.beans.factory.support.AbstractAutowireCapableBeanFactory.doCreateBean(AbstractAutowireCapableBeanFactory.java:619)
	at org.springframework.beans.factory.support.AbstractAutowireCapableBeanFactory.createBean(AbstractAutowireCapableBeanFactory.java:542)
	at org.springframework.beans.factory.support.AbstractBeanFactory.lambda$doGetBean$0(AbstractBeanFactory.java:335)
	at org.springframework.beans.factory.support.DefaultSingletonBeanRegistry.getSingleton(DefaultSingletonBeanRegistry.java:234)
	at org.springframework.beans.factory.support.AbstractBeanFactory.doGetBean(AbstractBeanFactory.java:333)
	at org.springframework.beans.factory.support.AbstractBeanFactory.getBean(AbstractBeanFactory.java:208)
	at org.springframework.beans.factory.support.DefaultListableBeanFactory.preInstantiateSingletons(DefaultListableBeanFactory.java:955)
	at org.springframework.context.support.AbstractApplicationContext.finishBeanFactoryInitialization(AbstractApplicationContext.java:918)
	at org.springframework.context.support.AbstractApplicationContext.refresh(AbstractApplicationContext.java:583)
	at org.springframework.boot.web.servlet.context.ServletWebServerApplicationContext.refresh(ServletWebServerApplicationContext.java:147)
	at org.springframework.boot.SpringApplication.refresh(SpringApplication.java:734)
	at org.springframework.boot.SpringApplication.refreshContext(SpringApplication.java:408)
	at org.springframework.boot.SpringApplication.run(SpringApplication.java:308)
	at org.springframework.boot.SpringApplication.run(SpringApplication.java:1306)
	at org.springframework.boot.SpringApplication.run(SpringApplication.java:1295)
	at com.example.demo.DemoApplication.main(DemoApplication.java:9)
	at sun.reflect.NativeMethodAccessorImpl.invoke0(Native Method)
	at sun.reflect.NativeMethodAccessorImpl.invoke(NativeMethodAccessorImpl.java:62)
	at sun.reflect.DelegatingMethodAccessorImpl.invoke(DelegatingMethodAccessorImpl.java:43)
	at java.lang.reflect.Method.invoke(Method.java:498)
	at org.springframework.boot.devtools.restart.RestartLauncher.run(RestartLauncher.java:49)
Caused by: java.net.SocketException: Connection reset
	at java.net.SocketInputStream.read(SocketInputStream.java:210)
	at java.net.SocketInputStream.read(SocketInputStream.java:141)
	at com.microsoft.sqlserver.jdbc.TDSChannel.read(IOBuffer.java:1983)
	... 102 common frames omitted
2026-05-09 16:26:32 [restartedMain] INFO  c.b.d.d.DynamicRoutingDataSource - dynamic-datasource - add a datasource named [druid] success
2026-05-09 16:26:32 [restartedMain] INFO  c.b.d.d.DynamicRoutingDataSource - dynamic-datasource - add a datasource named [softtime] success
2026-05-09 16:26:32 [restartedMain] INFO  c.b.d.d.DynamicRoutingDataSource - dynamic-datasource initial loaded [2] datasource,primary datasource named [druid]
2026-05-09 16:26:35 [restartedMain] WARN  c.b.m.core.injector.AbstractMethod - [com.example.demo.mapper.CgmxMapper.insert] Has been loaded by XML or SqlProvider or Mybatis's Annotation, so ignoring this injection for [class com.baomidou.mybatisplus.core.injector.methods.Insert]
2026-05-09 16:26:35 [restartedMain] WARN  c.b.m.core.injector.AbstractMethod - [com.example.demo.mapper.CgmxMapper.deleteById] Has been loaded by XML or SqlProvider or Mybatis's Annotation, so ignoring this injection for [class com.baomidou.mybatisplus.core.injector.methods.DeleteById]
2026-05-09 16:26:35 [restartedMain] WARN  c.b.m.core.injector.AbstractMethod - [com.example.demo.mapper.CgmxMapper.update] Has been loaded by XML or SqlProvider or Mybatis's Annotation, so ignoring this injection for [class com.baomidou.mybatisplus.core.injector.methods.Update]
2026-05-09 16:26:35 [restartedMain] WARN  c.b.m.core.injector.AbstractMethod - [com.example.demo.mapper.XdmxMapper.insert] Has been loaded by XML or SqlProvider or Mybatis's Annotation, so ignoring this injection for [class com.baomidou.mybatisplus.core.injector.methods.Insert]
2026-05-09 16:26:35 [restartedMain] WARN  c.b.m.core.injector.AbstractMethod - [com.example.demo.mapper.XdmxMapper.deleteById] Has been loaded by XML or SqlProvider or Mybatis's Annotation, so ignoring this injection for [class com.baomidou.mybatisplus.core.injector.methods.DeleteById]
2026-05-09 16:26:35 [restartedMain] WARN  c.b.m.core.injector.AbstractMethod - [com.example.demo.mapper.XdmxMapper.update] Has been loaded by XML or SqlProvider or Mybatis's Annotation, so ignoring this injection for [class com.baomidou.mybatisplus.core.injector.methods.Update]
2026-05-09 16:26:35 [restartedMain] WARN  c.b.m.core.injector.AbstractMethod - [com.example.demo.mapper.PzbMapper.update] Has been loaded by XML or SqlProvider or Mybatis's Annotation, so ignoring this injection for [class com.baomidou.mybatisplus.core.injector.methods.Update]
2026-05-09 16:26:36 [restartedMain] WARN  c.b.m.core.metadata.TableInfoHelper - Can not find table primary key in Class: "com.example.demo.entity.Power".
2026-05-09 16:26:36 [restartedMain] WARN  c.b.m.core.injector.AbstractMethod - [com.example.demo.mapper.ScgdMapper.insert] Has been loaded by XML or SqlProvider or Mybatis's Annotation, so ignoring this injection for [class com.baomidou.mybatisplus.core.injector.methods.Insert]
2026-05-09 16:26:36 [restartedMain] WARN  c.b.m.core.injector.AbstractMethod - [com.example.demo.mapper.ScgdMapper.deleteById] Has been loaded by XML or SqlProvider or Mybatis's Annotation, so ignoring this injection for [class com.baomidou.mybatisplus.core.injector.methods.DeleteById]
2026-05-09 16:26:36 [restartedMain] WARN  c.b.m.core.injector.AbstractMethod - [com.example.demo.mapper.ScgdMapper.update] Has been loaded by XML or SqlProvider or Mybatis's Annotation, so ignoring this injection for [class com.baomidou.mybatisplus.core.injector.methods.Update]
2026-05-09 16:26:37 [restartedMain] INFO  o.s.b.a.w.s.WelcomePageHandlerMapping - Adding welcome page: class path resource [templates/index.html]
2026-05-09 16:26:38 [restartedMain] INFO  o.s.b.d.a.OptionalLiveReloadServer - LiveReload server is running on port 35729
2026-05-09 16:26:38 [restartedMain] INFO  o.s.b.w.e.tomcat.TomcatWebServer - Tomcat started on port(s): 9095 (http) with context path ''
2026-05-09 16:26:38 [restartedMain] INFO  com.example.demo.DemoApplication - Started DemoApplication in 35.109 seconds (JVM running for 38.643)
2026-05-09 16:29:05 [main] INFO  c.example.demo.DemoApplicationTests - Starting DemoApplicationTests using Java 1.8.0_281 on WIN-20260505BQO with PID 5232 (started by Administrator in D:\yh_soft\t763812834_java\code)
2026-05-09 16:29:05 [main] INFO  c.example.demo.DemoApplicationTests - The following 1 profile is active: "dev"
2026-05-09 16:29:08 [main] INFO  o.s.d.r.c.RepositoryConfigurationDelegate - Multiple Spring Data modules found, entering strict repository configuration mode
2026-05-09 16:29:08 [main] INFO  o.s.d.r.c.RepositoryConfigurationDelegate - Bootstrapping Spring Data Redis repositories in DEFAULT mode.
2026-05-09 16:29:08 [main] INFO  o.s.d.r.c.RepositoryConfigurationDelegate - Finished Spring Data repository scanning in 69 ms. Found 0 Redis repository interfaces.
2026-05-09 16:29:10 [main] INFO  o.s.c.s.PostProcessorRegistrationDelegate$BeanPostProcessorChecker - Bean 'spring.datasource.dynamic-com.baomidou.dynamic.datasource.spring.boot.autoconfigure.DynamicDataSourceProperties' of type [com.baomidou.dynamic.datasource.spring.boot.autoconfigure.DynamicDataSourceProperties] is not eligible for getting processed by all BeanPostProcessors (for example: not eligible for auto-proxying)
2026-05-09 16:29:10 [main] INFO  o.s.c.s.PostProcessorRegistrationDelegate$BeanPostProcessorChecker - Bean 'com.baomidou.dynamic.datasource.spring.boot.autoconfigure.DynamicDataSourceAutoConfiguration' of type [com.baomidou.dynamic.datasource.spring.boot.autoconfigure.DynamicDataSourceAutoConfiguration$$EnhancerBySpringCGLIB$$ed516252] is not eligible for getting processed by all BeanPostProcessors (for example: not eligible for auto-proxying)
2026-05-09 16:29:10 [main] INFO  o.s.c.s.PostProcessorRegistrationDelegate$BeanPostProcessorChecker - Bean 'dsProcessor' of type [com.baomidou.dynamic.datasource.processor.DsHeaderProcessor] is not eligible for getting processed by all BeanPostProcessors (for example: not eligible for auto-proxying)
2026-05-09 16:29:17 [main] INFO  c.b.d.d.DynamicRoutingDataSource - dynamic-datasource - add a datasource named [druid] success
2026-05-09 16:29:17 [main] INFO  c.b.d.d.DynamicRoutingDataSource - dynamic-datasource - add a datasource named [softtime] success
2026-05-09 16:29:17 [main] INFO  c.b.d.d.DynamicRoutingDataSource - dynamic-datasource initial loaded [2] datasource,primary datasource named [druid]
2026-05-09 16:29:19 [main] WARN  c.b.m.core.injector.AbstractMethod - [com.example.demo.mapper.CgmxMapper.insert] Has been loaded by XML or SqlProvider or Mybatis's Annotation, so ignoring this injection for [class com.baomidou.mybatisplus.core.injector.methods.Insert]
2026-05-09 16:29:19 [main] WARN  c.b.m.core.injector.AbstractMethod - [com.example.demo.mapper.CgmxMapper.deleteById] Has been loaded by XML or SqlProvider or Mybatis's Annotation, so ignoring this injection for [class com.baomidou.mybatisplus.core.injector.methods.DeleteById]
2026-05-09 16:29:19 [main] WARN  c.b.m.core.injector.AbstractMethod - [com.example.demo.mapper.CgmxMapper.update] Has been loaded by XML or SqlProvider or Mybatis's Annotation, so ignoring this injection for [class com.baomidou.mybatisplus.core.injector.methods.Update]
2026-05-09 16:29:20 [main] WARN  c.b.m.core.injector.AbstractMethod - [com.example.demo.mapper.XdmxMapper.insert] Has been loaded by XML or SqlProvider or Mybatis's Annotation, so ignoring this injection for [class com.baomidou.mybatisplus.core.injector.methods.Insert]
2026-05-09 16:29:20 [main] WARN  c.b.m.core.injector.AbstractMethod - [com.example.demo.mapper.XdmxMapper.deleteById] Has been loaded by XML or SqlProvider or Mybatis's Annotation, so ignoring this injection for [class com.baomidou.mybatisplus.core.injector.methods.DeleteById]
2026-05-09 16:29:20 [main] WARN  c.b.m.core.injector.AbstractMethod - [com.example.demo.mapper.XdmxMapper.update] Has been loaded by XML or SqlProvider or Mybatis's Annotation, so ignoring this injection for [class com.baomidou.mybatisplus.core.injector.methods.Update]
2026-05-09 16:29:20 [main] WARN  c.b.m.core.injector.AbstractMethod - [com.example.demo.mapper.PzbMapper.update] Has been loaded by XML or SqlProvider or Mybatis's Annotation, so ignoring this injection for [class com.baomidou.mybatisplus.core.injector.methods.Update]
2026-05-09 16:29:23 [main] WARN  c.b.m.core.metadata.TableInfoHelper - Can not find table primary key in Class: "com.example.demo.entity.Power".
2026-05-09 16:29:23 [main] WARN  c.b.m.core.injector.AbstractMethod - [com.example.demo.mapper.ScgdMapper.insert] Has been loaded by XML or SqlProvider or Mybatis's Annotation, so ignoring this injection for [class com.baomidou.mybatisplus.core.injector.methods.Insert]
2026-05-09 16:29:23 [main] WARN  c.b.m.core.injector.AbstractMethod - [com.example.demo.mapper.ScgdMapper.deleteById] Has been loaded by XML or SqlProvider or Mybatis's Annotation, so ignoring this injection for [class com.baomidou.mybatisplus.core.injector.methods.DeleteById]
2026-05-09 16:29:23 [main] WARN  c.b.m.core.injector.AbstractMethod - [com.example.demo.mapper.ScgdMapper.update] Has been loaded by XML or SqlProvider or Mybatis's Annotation, so ignoring this injection for [class com.baomidou.mybatisplus.core.injector.methods.Update]
2026-05-09 16:29:25 [main] INFO  o.s.b.a.w.s.WelcomePageHandlerMapping - Adding welcome page: class path resource [templates/index.html]
2026-05-09 16:29:27 [main] INFO  c.example.demo.DemoApplicationTests - Started DemoApplicationTests in 23.971 seconds (JVM running for 26.492)
2026-05-09 16:29:28 [SpringApplicationShutdownHook] INFO  c.b.d.d.DynamicRoutingDataSource - dynamic-datasource start closing ....
2026-05-09 16:29:28 [SpringApplicationShutdownHook] INFO  c.b.d.d.DynamicRoutingDataSource - dynamic-datasource all closed success,bye
2026-05-09 19:04:51 [restartedMain] INFO  com.example.demo.DemoApplication - Starting DemoApplication using Java 1.8.0_281 on WIN-20260505BQO with PID 4600 (D:\yh_soft\t763812834_java\code\target\classes started by Administrator in D:\yh_soft\t763812834_java\code)
2026-05-09 19:04:51 [restartedMain] INFO  com.example.demo.DemoApplication - The following 1 profile is active: "dev"
2026-05-09 19:04:52 [restartedMain] INFO  o.s.b.d.e.DevToolsPropertyDefaultsPostProcessor - Devtools property defaults active! Set 'spring.devtools.add-properties' to 'false' to disable
2026-05-09 19:04:52 [restartedMain] INFO  o.s.b.d.e.DevToolsPropertyDefaultsPostProcessor - For additional web related logging consider setting the 'logging.level.web' property to 'DEBUG'
2026-05-09 19:04:53 [restartedMain] INFO  o.s.d.r.c.RepositoryConfigurationDelegate - Multiple Spring Data modules found, entering strict repository configuration mode
2026-05-09 19:04:53 [restartedMain] INFO  o.s.d.r.c.RepositoryConfigurationDelegate - Bootstrapping Spring Data Redis repositories in DEFAULT mode.
2026-05-09 19:04:53 [restartedMain] INFO  o.s.d.r.c.RepositoryConfigurationDelegate - Finished Spring Data repository scanning in 38 ms. Found 0 Redis repository interfaces.
2026-05-09 19:04:54 [restartedMain] INFO  o.s.c.s.PostProcessorRegistrationDelegate$BeanPostProcessorChecker - Bean 'spring.datasource.dynamic-com.baomidou.dynamic.datasource.spring.boot.autoconfigure.DynamicDataSourceProperties' of type [com.baomidou.dynamic.datasource.spring.boot.autoconfigure.DynamicDataSourceProperties] is not eligible for getting processed by all BeanPostProcessors (for example: not eligible for auto-proxying)
2026-05-09 19:04:54 [restartedMain] INFO  o.s.c.s.PostProcessorRegistrationDelegate$BeanPostProcessorChecker - Bean 'com.baomidou.dynamic.datasource.spring.boot.autoconfigure.DynamicDataSourceAutoConfiguration' of type [com.baomidou.dynamic.datasource.spring.boot.autoconfigure.DynamicDataSourceAutoConfiguration$$EnhancerBySpringCGLIB$$53a73628] is not eligible for getting processed by all BeanPostProcessors (for example: not eligible for auto-proxying)
2026-05-09 19:04:54 [restartedMain] INFO  o.s.c.s.PostProcessorRegistrationDelegate$BeanPostProcessorChecker - Bean 'dsProcessor' of type [com.baomidou.dynamic.datasource.processor.DsHeaderProcessor] is not eligible for getting processed by all BeanPostProcessors (for example: not eligible for auto-proxying)
2026-05-09 19:04:55 [restartedMain] INFO  o.s.b.w.e.tomcat.TomcatWebServer - Tomcat initialized with port(s): 9095 (http)
2026-05-09 19:04:55 [restartedMain] INFO  o.a.catalina.core.StandardService - Starting service [Tomcat]
2026-05-09 19:04:55 [restartedMain] INFO  o.a.catalina.core.StandardEngine - Starting Servlet engine: [Apache Tomcat/9.0.65]
2026-05-09 19:04:55 [restartedMain] INFO  o.a.c.c.C.[Tomcat].[localhost].[/] - Initializing Spring embedded WebApplicationContext
2026-05-09 19:04:55 [restartedMain] INFO  o.s.b.w.s.c.ServletWebServerApplicationContext - Root WebApplicationContext: initialization completed in 3589 ms
2026-05-09 19:05:02 [restartedMain] INFO  c.b.d.d.DynamicRoutingDataSource - dynamic-datasource - add a datasource named [druid] success
2026-05-09 19:05:02 [restartedMain] INFO  c.b.d.d.DynamicRoutingDataSource - dynamic-datasource - add a datasource named [softtime] success
2026-05-09 19:05:02 [restartedMain] INFO  c.b.d.d.DynamicRoutingDataSource - dynamic-datasource initial loaded [2] datasource,primary datasource named [druid]
2026-05-09 19:05:03 [restartedMain] WARN  c.b.m.core.injector.AbstractMethod - [com.example.demo.mapper.CgmxMapper.insert] Has been loaded by XML or SqlProvider or Mybatis's Annotation, so ignoring this injection for [class com.baomidou.mybatisplus.core.injector.methods.Insert]
2026-05-09 19:05:03 [restartedMain] WARN  c.b.m.core.injector.AbstractMethod - [com.example.demo.mapper.CgmxMapper.deleteById] Has been loaded by XML or SqlProvider or Mybatis's Annotation, so ignoring this injection for [class com.baomidou.mybatisplus.core.injector.methods.DeleteById]
2026-05-09 19:05:03 [restartedMain] WARN  c.b.m.core.injector.AbstractMethod - [com.example.demo.mapper.CgmxMapper.update] Has been loaded by XML or SqlProvider or Mybatis's Annotation, so ignoring this injection for [class com.baomidou.mybatisplus.core.injector.methods.Update]
2026-05-09 19:05:04 [restartedMain] WARN  c.b.m.core.injector.AbstractMethod - [com.example.demo.mapper.XdmxMapper.insert] Has been loaded by XML or SqlProvider or Mybatis's Annotation, so ignoring this injection for [class com.baomidou.mybatisplus.core.injector.methods.Insert]
2026-05-09 19:05:04 [restartedMain] WARN  c.b.m.core.injector.AbstractMethod - [com.example.demo.mapper.XdmxMapper.deleteById] Has been loaded by XML or SqlProvider or Mybatis's Annotation, so ignoring this injection for [class com.baomidou.mybatisplus.core.injector.methods.DeleteById]
2026-05-09 19:05:04 [restartedMain] WARN  c.b.m.core.injector.AbstractMethod - [com.example.demo.mapper.XdmxMapper.update] Has been loaded by XML or SqlProvider or Mybatis's Annotation, so ignoring this injection for [class com.baomidou.mybatisplus.core.injector.methods.Update]
2026-05-09 19:05:04 [restartedMain] WARN  c.b.m.core.injector.AbstractMethod - [com.example.demo.mapper.PzbMapper.update] Has been loaded by XML or SqlProvider or Mybatis's Annotation, so ignoring this injection for [class com.baomidou.mybatisplus.core.injector.methods.Update]
2026-05-09 19:05:05 [restartedMain] WARN  c.b.m.core.metadata.TableInfoHelper - Can not find table primary key in Class: "com.example.demo.entity.Power".
2026-05-09 19:05:05 [restartedMain] WARN  c.b.m.core.injector.AbstractMethod - [com.example.demo.mapper.ScgdMapper.insert] Has been loaded by XML or SqlProvider or Mybatis's Annotation, so ignoring this injection for [class com.baomidou.mybatisplus.core.injector.methods.Insert]
2026-05-09 19:05:05 [restartedMain] WARN  c.b.m.core.injector.AbstractMethod - [com.example.demo.mapper.ScgdMapper.deleteById] Has been loaded by XML or SqlProvider or Mybatis's Annotation, so ignoring this injection for [class com.baomidou.mybatisplus.core.injector.methods.DeleteById]
2026-05-09 19:05:05 [restartedMain] WARN  c.b.m.core.injector.AbstractMethod - [com.example.demo.mapper.ScgdMapper.update] Has been loaded by XML or SqlProvider or Mybatis's Annotation, so ignoring this injection for [class com.baomidou.mybatisplus.core.injector.methods.Update]
2026-05-09 19:05:06 [restartedMain] INFO  o.s.b.a.w.s.WelcomePageHandlerMapping - Adding welcome page: class path resource [templates/index.html]
2026-05-09 19:05:06 [restartedMain] INFO  o.s.b.d.a.OptionalLiveReloadServer - LiveReload server is running on port 35729
2026-05-09 19:05:07 [restartedMain] INFO  o.s.b.w.e.tomcat.TomcatWebServer - Tomcat started on port(s): 9095 (http) with context path ''
2026-05-09 19:05:07 [restartedMain] INFO  com.example.demo.DemoApplication - Started DemoApplication in 16.884 seconds (JVM running for 20.506)
2026-05-09 19:07:21 [main] INFO  c.example.demo.DemoApplicationTests - Starting DemoApplicationTests using Java 1.8.0_281 on WIN-20260505BQO with PID 12096 (started by Administrator in D:\yh_soft\t763812834_java\code)
2026-05-09 19:07:21 [main] INFO  c.example.demo.DemoApplicationTests - The following 1 profile is active: "dev"
2026-05-09 19:07:26 [main] INFO  o.s.d.r.c.RepositoryConfigurationDelegate - Multiple Spring Data modules found, entering strict repository configuration mode
2026-05-09 19:07:26 [main] INFO  o.s.d.r.c.RepositoryConfigurationDelegate - Bootstrapping Spring Data Redis repositories in DEFAULT mode.
2026-05-09 19:07:26 [main] INFO  o.s.d.r.c.RepositoryConfigurationDelegate - Finished Spring Data repository scanning in 67 ms. Found 0 Redis repository interfaces.
2026-05-09 19:07:28 [main] INFO  o.s.c.s.PostProcessorRegistrationDelegate$BeanPostProcessorChecker - Bean 'spring.datasource.dynamic-com.baomidou.dynamic.datasource.spring.boot.autoconfigure.DynamicDataSourceProperties' of type [com.baomidou.dynamic.datasource.spring.boot.autoconfigure.DynamicDataSourceProperties] is not eligible for getting processed by all BeanPostProcessors (for example: not eligible for auto-proxying)
2026-05-09 19:07:28 [main] INFO  o.s.c.s.PostProcessorRegistrationDelegate$BeanPostProcessorChecker - Bean 'com.baomidou.dynamic.datasource.spring.boot.autoconfigure.DynamicDataSourceAutoConfiguration' of type [com.baomidou.dynamic.datasource.spring.boot.autoconfigure.DynamicDataSourceAutoConfiguration$$EnhancerBySpringCGLIB$$9308fd0] is not eligible for getting processed by all BeanPostProcessors (for example: not eligible for auto-proxying)
2026-05-09 19:07:29 [main] INFO  o.s.c.s.PostProcessorRegistrationDelegate$BeanPostProcessorChecker - Bean 'dsProcessor' of type [com.baomidou.dynamic.datasource.processor.DsHeaderProcessor] is not eligible for getting processed by all BeanPostProcessors (for example: not eligible for auto-proxying)
2026-05-09 19:07:38 [main] INFO  c.b.d.d.DynamicRoutingDataSource - dynamic-datasource - add a datasource named [druid] success
2026-05-09 19:07:38 [main] INFO  c.b.d.d.DynamicRoutingDataSource - dynamic-datasource - add a datasource named [softtime] success
2026-05-09 19:07:38 [main] INFO  c.b.d.d.DynamicRoutingDataSource - dynamic-datasource initial loaded [2] datasource,primary datasource named [druid]
2026-05-09 19:07:41 [main] WARN  c.b.m.core.injector.AbstractMethod - [com.example.demo.mapper.CgmxMapper.insert] Has been loaded by XML or SqlProvider or Mybatis's Annotation, so ignoring this injection for [class com.baomidou.mybatisplus.core.injector.methods.Insert]
2026-05-09 19:07:41 [main] WARN  c.b.m.core.injector.AbstractMethod - [com.example.demo.mapper.CgmxMapper.deleteById] Has been loaded by XML or SqlProvider or Mybatis's Annotation, so ignoring this injection for [class com.baomidou.mybatisplus.core.injector.methods.DeleteById]
2026-05-09 19:07:41 [main] WARN  c.b.m.core.injector.AbstractMethod - [com.example.demo.mapper.CgmxMapper.update] Has been loaded by XML or SqlProvider or Mybatis's Annotation, so ignoring this injection for [class com.baomidou.mybatisplus.core.injector.methods.Update]
2026-05-09 19:07:42 [main] WARN  c.b.m.core.injector.AbstractMethod - [com.example.demo.mapper.XdmxMapper.insert] Has been loaded by XML or SqlProvider or Mybatis's Annotation, so ignoring this injection for [class com.baomidou.mybatisplus.core.injector.methods.Insert]
2026-05-09 19:07:42 [main] WARN  c.b.m.core.injector.AbstractMethod - [com.example.demo.mapper.XdmxMapper.deleteById] Has been loaded by XML or SqlProvider or Mybatis's Annotation, so ignoring this injection for [class com.baomidou.mybatisplus.core.injector.methods.DeleteById]
2026-05-09 19:07:42 [main] WARN  c.b.m.core.injector.AbstractMethod - [com.example.demo.mapper.XdmxMapper.update] Has been loaded by XML or SqlProvider or Mybatis's Annotation, so ignoring this injection for [class com.baomidou.mybatisplus.core.injector.methods.Update]
2026-05-09 19:07:42 [main] WARN  c.b.m.core.injector.AbstractMethod - [com.example.demo.mapper.PzbMapper.update] Has been loaded by XML or SqlProvider or Mybatis's Annotation, so ignoring this injection for [class com.baomidou.mybatisplus.core.injector.methods.Update]
2026-05-09 19:07:45 [main] WARN  c.b.m.core.metadata.TableInfoHelper - Can not find table primary key in Class: "com.example.demo.entity.Power".
2026-05-09 19:07:45 [main] WARN  c.b.m.core.injector.AbstractMethod - [com.example.demo.mapper.ScgdMapper.insert] Has been loaded by XML or SqlProvider or Mybatis's Annotation, so ignoring this injection for [class com.baomidou.mybatisplus.core.injector.methods.Insert]
2026-05-09 19:07:45 [main] WARN  c.b.m.core.injector.AbstractMethod - [com.example.demo.mapper.ScgdMapper.deleteById] Has been loaded by XML or SqlProvider or Mybatis's Annotation, so ignoring this injection for [class com.baomidou.mybatisplus.core.injector.methods.DeleteById]
2026-05-09 19:07:45 [main] WARN  c.b.m.core.injector.AbstractMethod - [com.example.demo.mapper.ScgdMapper.update] Has been loaded by XML or SqlProvider or Mybatis's Annotation, so ignoring this injection for [class com.baomidou.mybatisplus.core.injector.methods.Update]
2026-05-09 19:07:49 [main] INFO  o.s.b.a.w.s.WelcomePageHandlerMapping - Adding welcome page: class path resource [templates/index.html]
2026-05-09 19:07:52 [main] INFO  c.example.demo.DemoApplicationTests - Started DemoApplicationTests in 32.504 seconds (JVM running for 36.058)
2026-05-09 19:07:54 [SpringApplicationShutdownHook] INFO  c.b.d.d.DynamicRoutingDataSource - dynamic-datasource start closing ....
2026-05-09 19:07:54 [SpringApplicationShutdownHook] INFO  c.b.d.d.DynamicRoutingDataSource - dynamic-datasource all closed success,bye
