2026-06-05 09:34:57 [restartedMain] INFO  com.example.demo.DemoApplication - Starting DemoApplication using Java 1.8.0_281 on WIN-20260505BQO with PID 3784 (D:\yh_soft\t763812834_java\code\target\classes started by Administrator in D:\yh_soft\t763812834_java\code)
2026-06-05 09:34:57 [restartedMain] INFO  com.example.demo.DemoApplication - The following 1 profile is active: "dev"
2026-06-05 09:34:57 [restartedMain] INFO  o.s.b.d.e.DevToolsPropertyDefaultsPostProcessor - Devtools property defaults active! Set 'spring.devtools.add-properties' to 'false' to disable
2026-06-05 09:34:57 [restartedMain] INFO  o.s.b.d.e.DevToolsPropertyDefaultsPostProcessor - For additional web related logging consider setting the 'logging.level.web' property to 'DEBUG'
2026-06-05 09:35:02 [restartedMain] INFO  o.s.d.r.c.RepositoryConfigurationDelegate - Multiple Spring Data modules found, entering strict repository configuration mode
2026-06-05 09:35:02 [restartedMain] INFO  o.s.d.r.c.RepositoryConfigurationDelegate - Bootstrapping Spring Data Redis repositories in DEFAULT mode.
2026-06-05 09:35:02 [restartedMain] INFO  o.s.d.r.c.RepositoryConfigurationDelegate - Finished Spring Data repository scanning in 46 ms. Found 0 Redis repository interfaces.
2026-06-05 09:35:05 [restartedMain] INFO  o.s.c.s.PostProcessorRegistrationDelegate$BeanPostProcessorChecker - Bean 'spring.datasource.dynamic-com.baomidou.dynamic.datasource.spring.boot.autoconfigure.DynamicDataSourceProperties' of type [com.baomidou.dynamic.datasource.spring.boot.autoconfigure.DynamicDataSourceProperties] is not eligible for getting processed by all BeanPostProcessors (for example: not eligible for auto-proxying)
2026-06-05 09:35:05 [restartedMain] INFO  o.s.c.s.PostProcessorRegistrationDelegate$BeanPostProcessorChecker - Bean 'com.baomidou.dynamic.datasource.spring.boot.autoconfigure.DynamicDataSourceAutoConfiguration' of type [com.baomidou.dynamic.datasource.spring.boot.autoconfigure.DynamicDataSourceAutoConfiguration$$EnhancerBySpringCGLIB$$3dd5e2f6] is not eligible for getting processed by all BeanPostProcessors (for example: not eligible for auto-proxying)
2026-06-05 09:35:05 [restartedMain] INFO  o.s.c.s.PostProcessorRegistrationDelegate$BeanPostProcessorChecker - Bean 'dsProcessor' of type [com.baomidou.dynamic.datasource.processor.DsHeaderProcessor] is not eligible for getting processed by all BeanPostProcessors (for example: not eligible for auto-proxying)
2026-06-05 09:35:07 [restartedMain] INFO  o.s.b.w.e.tomcat.TomcatWebServer - Tomcat initialized with port(s): 9095 (http)
2026-06-05 09:35:07 [restartedMain] INFO  o.a.catalina.core.StandardService - Starting service [Tomcat]
2026-06-05 09:35:07 [restartedMain] INFO  o.a.catalina.core.StandardEngine - Starting Servlet engine: [Apache Tomcat/9.0.65]
2026-06-05 09:35:08 [restartedMain] INFO  o.a.c.c.C.[Tomcat].[localhost].[/] - Initializing Spring embedded WebApplicationContext
2026-06-05 09:35:08 [restartedMain] INFO  o.s.b.w.s.c.ServletWebServerApplicationContext - Root WebApplicationContext: initialization completed in 10595 ms
2026-06-05 09:35:16 [restartedMain] INFO  c.b.d.d.DynamicRoutingDataSource - dynamic-datasource - add a datasource named [druid] success
2026-06-05 09:35:16 [restartedMain] INFO  c.b.d.d.DynamicRoutingDataSource - dynamic-datasource - add a datasource named [softtime] success
2026-06-05 09:35:16 [restartedMain] INFO  c.b.d.d.DynamicRoutingDataSource - dynamic-datasource initial loaded [2] datasource,primary datasource named [druid]
2026-06-05 09:35:19 [restartedMain] WARN  c.b.m.core.injector.AbstractMethod - [com.example.demo.mapper.CgmxMapper.insert] Has been loaded by XML or SqlProvider or Mybatis's Annotation, so ignoring this injection for [class com.baomidou.mybatisplus.core.injector.methods.Insert]
2026-06-05 09:35:19 [restartedMain] WARN  c.b.m.core.injector.AbstractMethod - [com.example.demo.mapper.CgmxMapper.deleteById] Has been loaded by XML or SqlProvider or Mybatis's Annotation, so ignoring this injection for [class com.baomidou.mybatisplus.core.injector.methods.DeleteById]
2026-06-05 09:35:19 [restartedMain] WARN  c.b.m.core.injector.AbstractMethod - [com.example.demo.mapper.CgmxMapper.update] Has been loaded by XML or SqlProvider or Mybatis's Annotation, so ignoring this injection for [class com.baomidou.mybatisplus.core.injector.methods.Update]
2026-06-05 09:35:19 [restartedMain] WARN  c.b.m.core.injector.AbstractMethod - [com.example.demo.mapper.XdmxMapper.insert] Has been loaded by XML or SqlProvider or Mybatis's Annotation, so ignoring this injection for [class com.baomidou.mybatisplus.core.injector.methods.Insert]
2026-06-05 09:35:19 [restartedMain] WARN  c.b.m.core.injector.AbstractMethod - [com.example.demo.mapper.XdmxMapper.deleteById] Has been loaded by XML or SqlProvider or Mybatis's Annotation, so ignoring this injection for [class com.baomidou.mybatisplus.core.injector.methods.DeleteById]
2026-06-05 09:35:19 [restartedMain] WARN  c.b.m.core.injector.AbstractMethod - [com.example.demo.mapper.XdmxMapper.update] Has been loaded by XML or SqlProvider or Mybatis's Annotation, so ignoring this injection for [class com.baomidou.mybatisplus.core.injector.methods.Update]
2026-06-05 09:35:19 [restartedMain] WARN  c.b.m.core.injector.AbstractMethod - [com.example.demo.mapper.PzbMapper.update] Has been loaded by XML or SqlProvider or Mybatis's Annotation, so ignoring this injection for [class com.baomidou.mybatisplus.core.injector.methods.Update]
2026-06-05 09:35:21 [restartedMain] WARN  c.b.m.core.metadata.TableInfoHelper - Can not find table primary key in Class: "com.example.demo.entity.Power".
2026-06-05 09:35:21 [restartedMain] WARN  c.b.m.core.injector.AbstractMethod - [com.example.demo.mapper.ScgdMapper.insert] Has been loaded by XML or SqlProvider or Mybatis's Annotation, so ignoring this injection for [class com.baomidou.mybatisplus.core.injector.methods.Insert]
2026-06-05 09:35:21 [restartedMain] WARN  c.b.m.core.injector.AbstractMethod - [com.example.demo.mapper.ScgdMapper.deleteById] Has been loaded by XML or SqlProvider or Mybatis's Annotation, so ignoring this injection for [class com.baomidou.mybatisplus.core.injector.methods.DeleteById]
2026-06-05 09:35:21 [restartedMain] WARN  c.b.m.core.injector.AbstractMethod - [com.example.demo.mapper.ScgdMapper.update] Has been loaded by XML or SqlProvider or Mybatis's Annotation, so ignoring this injection for [class com.baomidou.mybatisplus.core.injector.methods.Update]
2026-06-05 09:35:22 [restartedMain] INFO  o.s.b.a.w.s.WelcomePageHandlerMapping - Adding welcome page: class path resource [templates/index.html]
2026-06-05 09:35:24 [restartedMain] INFO  o.s.b.d.a.OptionalLiveReloadServer - LiveReload server is running on port 35729
2026-06-05 09:35:24 [restartedMain] INFO  o.s.b.w.e.tomcat.TomcatWebServer - Tomcat started on port(s): 9095 (http) with context path ''
2026-06-05 09:35:24 [restartedMain] INFO  com.example.demo.DemoApplication - Started DemoApplication in 30.352 seconds (JVM running for 37.999)
2026-06-05 09:37:00 [http-nio-9095-exec-2] INFO  o.a.c.c.C.[Tomcat].[localhost].[/] - Initializing Spring DispatcherServlet 'dispatcherServlet'
2026-06-05 09:37:00 [http-nio-9095-exec-2] INFO  o.s.web.servlet.DispatcherServlet - Initializing Servlet 'dispatcherServlet'
2026-06-05 09:37:00 [http-nio-9095-exec-2] INFO  o.s.web.servlet.DispatcherServlet - Completed initialization in 4 ms
2026-06-05 09:37:03 [http-nio-9095-exec-8] INFO  o.a.tomcat.util.http.parser.Cookie - A cookie header was received [__session:0.3648221206659642:=http:] that contained an invalid cookie. That cookie will be ignored.
 Note: further occurrences of this error will be logged at DEBUG level.
2026-06-05 09:38:29 [http-nio-9095-exec-6] INFO  c.e.demo.controller.DzdController - 分页信息: 第1页/共8页, 每页20条/共155条
2026-06-05 09:38:29 [http-nio-9095-exec-6] INFO  c.e.demo.controller.DzdController - 查询到 20 条记录:
2026-06-05 09:38:29 [http-nio-9095-exec-6] INFO  c.e.demo.controller.DzdController - 记录 1: {khmc="奥茵绅智能装备（苏州）有限公司", yifu="", lxr="吕汉东", ddh="GXDD092026042703", sfkp="未开票", kpsj="", wf="", ddrq="2026/04/27", rn=1, yfsj="1200.00", pdf_file_name="http://yhocn.cn:9088/t763812834_java_sharepic/GXDD...", fzr="崔玉泽", dzzt="2026-05-28"}
2026-06-05 09:38:29 [http-nio-9095-exec-6] INFO  c.e.demo.controller.DzdController - 记录 2: {khmc="奥茵绅智能装备（苏州）有限公司", yifu="", lxr="吕汉东", ddh="GXDD072026041701", sfkp="未开票", kpsj="", wf="", ddrq="2026/04/17", rn=2, yfsj="572.00", pdf_file_name="http://yhocn.cn:9088/t763812834_java_sharepic/GXDD...", fzr="陶海鑫", dzzt="2026-05-27"}
2026-06-05 09:38:29 [http-nio-9095-exec-6] INFO  c.e.demo.controller.DzdController - 记录 3: {khmc="碧绿威自动化（苏州）有限公司", yifu="", lxr="程周伟", ddh="SU-PO26040353", sfkp="未开票", kpsj="", wf="", ddrq="2026/04/30", rn=3, yfsj="660.00", pdf_file_name="http://yhocn.cn:9088/t763812834_java_sharepic/SU-P...", fzr="钱晓斌", dzzt="2026-05-27"}
2026-06-05 09:38:29 [http-nio-9095-exec-6] INFO  c.e.demo.controller.DzdController - 记录 4: {khmc="碧绿威自动化（苏州）有限公司", yifu="", lxr="程周伟", ddh="SU-PO26040325", sfkp="未开票", kpsj="", wf="", ddrq="2026/04/28", rn=4, yfsj="336.00", pdf_file_name="http://yhocn.cn:9088/t763812834_java_sharepic/SU-P...", fzr="钱晓斌", dzzt="2026-05-27"}
2026-06-05 09:38:29 [http-nio-9095-exec-6] INFO  c.e.demo.controller.DzdController - 记录 5: {khmc="驰威格自动化设备（苏州）有限公司", yifu="", lxr="杨重阳", ddh="CWG20260427008", sfkp="未开票", kpsj="", wf="", ddrq="2026/04/27", rn=5, yfsj="3660.00", pdf_file_name="http://yhocn.cn:9088/t763812834_java_sharepic/CWG2...", fzr="雷媛", dzzt=null}
2026-06-05 09:38:29 [http-nio-9095-exec-6] INFO  c.e.demo.controller.DzdController - 记录 6: {khmc="德鑫隆（苏州）智能装备有限公司", yifu="", lxr="王影", ddh="GXDD052026041601", sfkp="未开票", kpsj="", wf="", ddrq="2026/04/16", rn=6, yfsj="1950.00", pdf_file_name="http://yhocn.cn:9088/t763812834_java_sharepic/GXDD...", fzr="董伟辰", dzzt=null}
2026-06-05 09:38:29 [http-nio-9095-exec-6] INFO  c.e.demo.controller.DzdController - 记录 7: {khmc="东莞市伟亿鑫自动化科技有限公司", yifu="", lxr="吴有才", ddh="GXDD042026042901", sfkp="未开票", kpsj="", wf="", ddrq="2026/04/29", rn=7, yfsj="3210.00", pdf_file_name="http://yhocn.cn:9088/t763812834_java_sharepic/GXDD...", fzr="雷媛", dzzt=null}
2026-06-05 09:38:29 [http-nio-9095-exec-6] INFO  c.e.demo.controller.DzdController - 记录 8: {khmc="东莞市伟亿鑫自动化科技有限公司", yifu="", lxr="吴有才", ddh="GXDD042026042501", sfkp="未开票", kpsj="", wf="", ddrq="2026/04/25", rn=8, yfsj="74.00", pdf_file_name="http://yhocn.cn:9088/t763812834_java_sharepic/GXDD...", fzr="雷媛", dzzt=null}
2026-06-05 09:38:29 [http-nio-9095-exec-6] INFO  c.e.demo.controller.DzdController - 记录 9: {khmc="东莞市伟亿鑫自动化科技有限公司", yifu="", lxr="吴有才", ddh="GXDD042026042401", sfkp="未开票", kpsj="", wf="", ddrq="2026/04/24", rn=9, yfsj="1425.00", pdf_file_name="http://yhocn.cn:9088/t763812834_java_sharepic/GXDD...", fzr="雷媛", dzzt=null}
2026-06-05 09:38:29 [http-nio-9095-exec-6] INFO  c.e.demo.controller.DzdController - 记录 10: {khmc="丰铁机械（苏州）有限公司", yifu="", lxr="徐小姐", ddh="00KSHYX26004", sfkp="未开票", kpsj="", wf="", ddrq="2026/04/24", rn=10, yfsj="872.00", pdf_file_name="http://yhocn.cn:9088/t763812834_java_sharepic/00KS...", fzr="钱晓斌", dzzt=null}
2026-06-05 09:38:29 [http-nio-9095-exec-6] INFO  c.e.demo.controller.DzdController - 记录 11: {khmc="固德堡（昆山）精密机械有限公司", yifu="", lxr="成秀", ddh="JD-07-T-20260427-002", sfkp="未开票", kpsj="", wf="", ddrq="2026/04/27", rn=11, yfsj="920.00", pdf_file_name="http://yhocn.cn:9088/t763812834_java_sharepic/JD-0...", fzr="董伟辰", dzzt=null}
2026-06-05 09:38:29 [http-nio-9095-exec-6] INFO  c.e.demo.controller.DzdController - 记录 12: {khmc="海宁市华博机械有限公司", yifu="", lxr="马勤", ddh="GXDD092026042902", sfkp="未开票", kpsj="", wf="", ddrq="2026/04/29", rn=12, yfsj="1608.00", pdf_file_name=null, fzr="崔玉泽", dzzt=null}
2026-06-05 09:38:29 [http-nio-9095-exec-6] INFO  c.e.demo.controller.DzdController - 记录 13: {khmc="杭州锐毅科技有限公司", yifu="374.00", lxr="仓库", ddh="GXDD042026042804", sfkp="未开票", kpsj="", wf="", ddrq="2026/04/28", rn=13, yfsj="374.00", pdf_file_name="http://yhocn.cn:9088/t763812834_java_sharepic/GXDD...", fzr="雷媛", dzzt=null}
2026-06-05 09:38:29 [http-nio-9095-exec-6] INFO  c.e.demo.controller.DzdController - 记录 14: {khmc="湖南南方机床有限公司", yifu="", lxr="裴孝顺", ddh="SRMDD26041207", sfkp="未开票", kpsj="", wf="", ddrq="2026/04/28", rn=14, yfsj="5298.00", pdf_file_name=null, fzr="钱晓斌", dzzt="2026-05-27"}
2026-06-05 09:38:29 [http-nio-9095-exec-6] INFO  c.e.demo.controller.DzdController - 记录 15: {khmc="湖南南方机床有限公司", yifu="", lxr="裴孝顺", ddh="SRMDD26041026", sfkp="未开票", kpsj="", wf="", ddrq="2026/04/28", rn=15, yfsj="8290.00", pdf_file_name=null, fzr="钱晓斌", dzzt="2026-05-27"}
2026-06-05 09:38:29 [http-nio-9095-exec-6] INFO  c.e.demo.controller.DzdController - 记录 16: {khmc="湖南南方机床有限公司", yifu="", lxr="裴孝顺", ddh="GXDD012026042202", sfkp="未开票", kpsj="", wf="", ddrq="2026/04/22", rn=16, yfsj="2400.00", pdf_file_name=null, fzr="钱晓斌", dzzt="2026-05-27"}
2026-06-05 09:38:29 [http-nio-9095-exec-6] INFO  c.e.demo.controller.DzdController - 记录 17: {khmc="江苏创尚五金有限公司", yifu="600.00", lxr="李书萍", ddh="GXDD1020260424001", sfkp="未开票", kpsj="", wf="", ddrq="2026/04/24", rn=17, yfsj="600.00", pdf_file_name=null, fzr="李娇", dzzt=null}
2026-06-05 09:38:29 [http-nio-9095-exec-6] INFO  c.e.demo.controller.DzdController - 记录 18: {khmc="江苏港星方能超声洗净科技有限公司", yifu="", lxr="吴小姐", ddh="GXDD052026042202", sfkp="未开票", kpsj="", wf="", ddrq="2026/04/22", rn=18, yfsj="1884.00", pdf_file_name="http://yhocn.cn:9088/t763812834_java_sharepic/GXDD...", fzr="董伟辰", dzzt=null}
2026-06-05 09:38:29 [http-nio-9095-exec-6] INFO  c.e.demo.controller.DzdController - 记录 19: {khmc="江苏港星方能超声洗净科技有限公司", yifu="", lxr="吴小姐", ddh="GXDD052026041502", sfkp="未开票", kpsj="", wf="", ddrq="2026/04/15", rn=19, yfsj="21900.00", pdf_file_name="http://yhocn.cn:9088/t763812834_java_sharepic/GXDD...", fzr="董伟辰", dzzt=null}
2026-06-05 09:38:29 [http-nio-9095-exec-6] INFO  c.e.demo.controller.DzdController - 记录 20: {khmc="江苏金竑智能制造有限公司", yifu="", lxr="滕梦影", ddh="GXDD052026042201", sfkp="未开票", kpsj="", wf="", ddrq="2026/04/22", rn=20, yfsj="1400.00", pdf_file_name="http://yhocn.cn:9088/t763812834_java_sharepic/GXDD...", fzr="董伟辰", dzzt=null}
2026-06-05 09:42:34 [http-nio-9095-exec-9] INFO  c.e.demo.controller.XdmxController - 订单驳回成功，ID: 6365
2026-06-05 09:43:04 [http-nio-9095-exec-10] INFO  c.e.demo.controller.DyshdController - 返回结果: data大小=77
2026-06-05 09:43:11 [http-nio-9095-exec-4] INFO  c.e.demo.controller.DzdController - 分页信息: 第1页/共8页, 每页20条/共155条
2026-06-05 09:43:11 [http-nio-9095-exec-4] INFO  c.e.demo.controller.DzdController - 查询到 20 条记录:
2026-06-05 09:43:11 [http-nio-9095-exec-4] INFO  c.e.demo.controller.DzdController - 记录 1: {khmc="奥茵绅智能装备（苏州）有限公司", yifu="", lxr="吕汉东", ddh="GXDD092026042703", sfkp="未开票", kpsj="", wf="", ddrq="2026/04/27", rn=1, yfsj="1200.00", pdf_file_name="http://yhocn.cn:9088/t763812834_java_sharepic/GXDD...", fzr="崔玉泽", dzzt="2026-05-28"}
2026-06-05 09:43:11 [http-nio-9095-exec-4] INFO  c.e.demo.controller.DzdController - 记录 2: {khmc="奥茵绅智能装备（苏州）有限公司", yifu="", lxr="吕汉东", ddh="GXDD072026041701", sfkp="未开票", kpsj="", wf="", ddrq="2026/04/17", rn=2, yfsj="572.00", pdf_file_name="http://yhocn.cn:9088/t763812834_java_sharepic/GXDD...", fzr="陶海鑫", dzzt="2026-05-27"}
2026-06-05 09:43:11 [http-nio-9095-exec-4] INFO  c.e.demo.controller.DzdController - 记录 3: {khmc="碧绿威自动化（苏州）有限公司", yifu="", lxr="程周伟", ddh="SU-PO26040353", sfkp="未开票", kpsj="", wf="", ddrq="2026/04/30", rn=3, yfsj="660.00", pdf_file_name="http://yhocn.cn:9088/t763812834_java_sharepic/SU-P...", fzr="钱晓斌", dzzt="2026-05-27"}
2026-06-05 09:43:11 [http-nio-9095-exec-4] INFO  c.e.demo.controller.DzdController - 记录 4: {khmc="碧绿威自动化（苏州）有限公司", yifu="", lxr="程周伟", ddh="SU-PO26040325", sfkp="未开票", kpsj="", wf="", ddrq="2026/04/28", rn=4, yfsj="336.00", pdf_file_name="http://yhocn.cn:9088/t763812834_java_sharepic/SU-P...", fzr="钱晓斌", dzzt="2026-05-27"}
2026-06-05 09:43:11 [http-nio-9095-exec-4] INFO  c.e.demo.controller.DzdController - 记录 5: {khmc="驰威格自动化设备（苏州）有限公司", yifu="", lxr="杨重阳", ddh="CWG20260427008", sfkp="未开票", kpsj="", wf="", ddrq="2026/04/27", rn=5, yfsj="3660.00", pdf_file_name="http://yhocn.cn:9088/t763812834_java_sharepic/CWG2...", fzr="雷媛", dzzt=null}
2026-06-05 09:43:11 [http-nio-9095-exec-4] INFO  c.e.demo.controller.DzdController - 记录 6: {khmc="德鑫隆（苏州）智能装备有限公司", yifu="", lxr="王影", ddh="GXDD052026041601", sfkp="未开票", kpsj="", wf="", ddrq="2026/04/16", rn=6, yfsj="1950.00", pdf_file_name="http://yhocn.cn:9088/t763812834_java_sharepic/GXDD...", fzr="董伟辰", dzzt=null}
2026-06-05 09:43:11 [http-nio-9095-exec-4] INFO  c.e.demo.controller.DzdController - 记录 7: {khmc="东莞市伟亿鑫自动化科技有限公司", yifu="", lxr="吴有才", ddh="GXDD042026042901", sfkp="未开票", kpsj="", wf="", ddrq="2026/04/29", rn=7, yfsj="3210.00", pdf_file_name="http://yhocn.cn:9088/t763812834_java_sharepic/GXDD...", fzr="雷媛", dzzt=null}
2026-06-05 09:43:11 [http-nio-9095-exec-4] INFO  c.e.demo.controller.DzdController - 记录 8: {khmc="东莞市伟亿鑫自动化科技有限公司", yifu="", lxr="吴有才", ddh="GXDD042026042501", sfkp="未开票", kpsj="", wf="", ddrq="2026/04/25", rn=8, yfsj="74.00", pdf_file_name="http://yhocn.cn:9088/t763812834_java_sharepic/GXDD...", fzr="雷媛", dzzt=null}
2026-06-05 09:43:11 [http-nio-9095-exec-4] INFO  c.e.demo.controller.DzdController - 记录 9: {khmc="东莞市伟亿鑫自动化科技有限公司", yifu="", lxr="吴有才", ddh="GXDD042026042401", sfkp="未开票", kpsj="", wf="", ddrq="2026/04/24", rn=9, yfsj="1425.00", pdf_file_name="http://yhocn.cn:9088/t763812834_java_sharepic/GXDD...", fzr="雷媛", dzzt=null}
2026-06-05 09:43:11 [http-nio-9095-exec-4] INFO  c.e.demo.controller.DzdController - 记录 10: {khmc="丰铁机械（苏州）有限公司", yifu="", lxr="徐小姐", ddh="00KSHYX26004", sfkp="未开票", kpsj="", wf="", ddrq="2026/04/24", rn=10, yfsj="872.00", pdf_file_name="http://yhocn.cn:9088/t763812834_java_sharepic/00KS...", fzr="钱晓斌", dzzt=null}
2026-06-05 09:43:11 [http-nio-9095-exec-4] INFO  c.e.demo.controller.DzdController - 记录 11: {khmc="固德堡（昆山）精密机械有限公司", yifu="", lxr="成秀", ddh="JD-07-T-20260427-002", sfkp="未开票", kpsj="", wf="", ddrq="2026/04/27", rn=11, yfsj="920.00", pdf_file_name="http://yhocn.cn:9088/t763812834_java_sharepic/JD-0...", fzr="董伟辰", dzzt=null}
2026-06-05 09:43:11 [http-nio-9095-exec-4] INFO  c.e.demo.controller.DzdController - 记录 12: {khmc="海宁市华博机械有限公司", yifu="", lxr="马勤", ddh="GXDD092026042902", sfkp="未开票", kpsj="", wf="", ddrq="2026/04/29", rn=12, yfsj="1608.00", pdf_file_name=null, fzr="崔玉泽", dzzt=null}
2026-06-05 09:43:11 [http-nio-9095-exec-4] INFO  c.e.demo.controller.DzdController - 记录 13: {khmc="杭州锐毅科技有限公司", yifu="374.00", lxr="仓库", ddh="GXDD042026042804", sfkp="未开票", kpsj="", wf="", ddrq="2026/04/28", rn=13, yfsj="374.00", pdf_file_name="http://yhocn.cn:9088/t763812834_java_sharepic/GXDD...", fzr="雷媛", dzzt=null}
2026-06-05 09:43:11 [http-nio-9095-exec-4] INFO  c.e.demo.controller.DzdController - 记录 14: {khmc="湖南南方机床有限公司", yifu="", lxr="裴孝顺", ddh="SRMDD26041207", sfkp="未开票", kpsj="", wf="", ddrq="2026/04/28", rn=14, yfsj="5298.00", pdf_file_name=null, fzr="钱晓斌", dzzt="2026-05-27"}
2026-06-05 09:43:11 [http-nio-9095-exec-4] INFO  c.e.demo.controller.DzdController - 记录 15: {khmc="湖南南方机床有限公司", yifu="", lxr="裴孝顺", ddh="SRMDD26041026", sfkp="未开票", kpsj="", wf="", ddrq="2026/04/28", rn=15, yfsj="8290.00", pdf_file_name=null, fzr="钱晓斌", dzzt="2026-05-27"}
2026-06-05 09:43:11 [http-nio-9095-exec-4] INFO  c.e.demo.controller.DzdController - 记录 16: {khmc="湖南南方机床有限公司", yifu="", lxr="裴孝顺", ddh="GXDD012026042202", sfkp="未开票", kpsj="", wf="", ddrq="2026/04/22", rn=16, yfsj="2400.00", pdf_file_name=null, fzr="钱晓斌", dzzt="2026-05-27"}
2026-06-05 09:43:11 [http-nio-9095-exec-4] INFO  c.e.demo.controller.DzdController - 记录 17: {khmc="江苏创尚五金有限公司", yifu="600.00", lxr="李书萍", ddh="GXDD1020260424001", sfkp="未开票", kpsj="", wf="", ddrq="2026/04/24", rn=17, yfsj="600.00", pdf_file_name=null, fzr="李娇", dzzt=null}
2026-06-05 09:43:11 [http-nio-9095-exec-4] INFO  c.e.demo.controller.DzdController - 记录 18: {khmc="江苏港星方能超声洗净科技有限公司", yifu="", lxr="吴小姐", ddh="GXDD052026042202", sfkp="未开票", kpsj="", wf="", ddrq="2026/04/22", rn=18, yfsj="1884.00", pdf_file_name="http://yhocn.cn:9088/t763812834_java_sharepic/GXDD...", fzr="董伟辰", dzzt=null}
2026-06-05 09:43:11 [http-nio-9095-exec-4] INFO  c.e.demo.controller.DzdController - 记录 19: {khmc="江苏港星方能超声洗净科技有限公司", yifu="", lxr="吴小姐", ddh="GXDD052026041502", sfkp="未开票", kpsj="", wf="", ddrq="2026/04/15", rn=19, yfsj="21900.00", pdf_file_name="http://yhocn.cn:9088/t763812834_java_sharepic/GXDD...", fzr="董伟辰", dzzt=null}
2026-06-05 09:43:11 [http-nio-9095-exec-4] INFO  c.e.demo.controller.DzdController - 记录 20: {khmc="江苏金竑智能制造有限公司", yifu="", lxr="滕梦影", ddh="GXDD052026042201", sfkp="未开票", kpsj="", wf="", ddrq="2026/04/22", rn=20, yfsj="1400.00", pdf_file_name="http://yhocn.cn:9088/t763812834_java_sharepic/GXDD...", fzr="董伟辰", dzzt=null}
2026-06-05 09:43:31 [http-nio-9095-exec-5] INFO  c.e.demo.controller.DyshdController - 返回结果: data大小=77
2026-06-05 09:43:33 [http-nio-9095-exec-4] INFO  c.e.demo.controller.DzdController - 分页信息: 第1页/共8页, 每页20条/共155条
2026-06-05 09:43:33 [http-nio-9095-exec-4] INFO  c.e.demo.controller.DzdController - 查询到 20 条记录:
2026-06-05 09:43:33 [http-nio-9095-exec-4] INFO  c.e.demo.controller.DzdController - 记录 1: {khmc="奥茵绅智能装备（苏州）有限公司", yifu="", lxr="吕汉东", ddh="GXDD092026042703", sfkp="未开票", kpsj="", wf="", ddrq="2026/04/27", rn=1, yfsj="1200.00", pdf_file_name="http://yhocn.cn:9088/t763812834_java_sharepic/GXDD...", fzr="崔玉泽", dzzt="2026-05-28"}
2026-06-05 09:43:33 [http-nio-9095-exec-4] INFO  c.e.demo.controller.DzdController - 记录 2: {khmc="奥茵绅智能装备（苏州）有限公司", yifu="", lxr="吕汉东", ddh="GXDD072026041701", sfkp="未开票", kpsj="", wf="", ddrq="2026/04/17", rn=2, yfsj="572.00", pdf_file_name="http://yhocn.cn:9088/t763812834_java_sharepic/GXDD...", fzr="陶海鑫", dzzt="2026-05-27"}
2026-06-05 09:43:33 [http-nio-9095-exec-4] INFO  c.e.demo.controller.DzdController - 记录 3: {khmc="碧绿威自动化（苏州）有限公司", yifu="", lxr="程周伟", ddh="SU-PO26040353", sfkp="未开票", kpsj="", wf="", ddrq="2026/04/30", rn=3, yfsj="660.00", pdf_file_name="http://yhocn.cn:9088/t763812834_java_sharepic/SU-P...", fzr="钱晓斌", dzzt="2026-05-27"}
2026-06-05 09:43:33 [http-nio-9095-exec-4] INFO  c.e.demo.controller.DzdController - 记录 4: {khmc="碧绿威自动化（苏州）有限公司", yifu="", lxr="程周伟", ddh="SU-PO26040325", sfkp="未开票", kpsj="", wf="", ddrq="2026/04/28", rn=4, yfsj="336.00", pdf_file_name="http://yhocn.cn:9088/t763812834_java_sharepic/SU-P...", fzr="钱晓斌", dzzt="2026-05-27"}
2026-06-05 09:43:33 [http-nio-9095-exec-4] INFO  c.e.demo.controller.DzdController - 记录 5: {khmc="驰威格自动化设备（苏州）有限公司", yifu="", lxr="杨重阳", ddh="CWG20260427008", sfkp="未开票", kpsj="", wf="", ddrq="2026/04/27", rn=5, yfsj="3660.00", pdf_file_name="http://yhocn.cn:9088/t763812834_java_sharepic/CWG2...", fzr="雷媛", dzzt=null}
2026-06-05 09:43:33 [http-nio-9095-exec-4] INFO  c.e.demo.controller.DzdController - 记录 6: {khmc="德鑫隆（苏州）智能装备有限公司", yifu="", lxr="王影", ddh="GXDD052026041601", sfkp="未开票", kpsj="", wf="", ddrq="2026/04/16", rn=6, yfsj="1950.00", pdf_file_name="http://yhocn.cn:9088/t763812834_java_sharepic/GXDD...", fzr="董伟辰", dzzt=null}
2026-06-05 09:43:33 [http-nio-9095-exec-4] INFO  c.e.demo.controller.DzdController - 记录 7: {khmc="东莞市伟亿鑫自动化科技有限公司", yifu="", lxr="吴有才", ddh="GXDD042026042901", sfkp="未开票", kpsj="", wf="", ddrq="2026/04/29", rn=7, yfsj="3210.00", pdf_file_name="http://yhocn.cn:9088/t763812834_java_sharepic/GXDD...", fzr="雷媛", dzzt=null}
2026-06-05 09:43:33 [http-nio-9095-exec-4] INFO  c.e.demo.controller.DzdController - 记录 8: {khmc="东莞市伟亿鑫自动化科技有限公司", yifu="", lxr="吴有才", ddh="GXDD042026042501", sfkp="未开票", kpsj="", wf="", ddrq="2026/04/25", rn=8, yfsj="74.00", pdf_file_name="http://yhocn.cn:9088/t763812834_java_sharepic/GXDD...", fzr="雷媛", dzzt=null}
2026-06-05 09:43:33 [http-nio-9095-exec-4] INFO  c.e.demo.controller.DzdController - 记录 9: {khmc="东莞市伟亿鑫自动化科技有限公司", yifu="", lxr="吴有才", ddh="GXDD042026042401", sfkp="未开票", kpsj="", wf="", ddrq="2026/04/24", rn=9, yfsj="1425.00", pdf_file_name="http://yhocn.cn:9088/t763812834_java_sharepic/GXDD...", fzr="雷媛", dzzt=null}
2026-06-05 09:43:33 [http-nio-9095-exec-4] INFO  c.e.demo.controller.DzdController - 记录 10: {khmc="丰铁机械（苏州）有限公司", yifu="", lxr="徐小姐", ddh="00KSHYX26004", sfkp="未开票", kpsj="", wf="", ddrq="2026/04/24", rn=10, yfsj="872.00", pdf_file_name="http://yhocn.cn:9088/t763812834_java_sharepic/00KS...", fzr="钱晓斌", dzzt=null}
2026-06-05 09:43:33 [http-nio-9095-exec-4] INFO  c.e.demo.controller.DzdController - 记录 11: {khmc="固德堡（昆山）精密机械有限公司", yifu="", lxr="成秀", ddh="JD-07-T-20260427-002", sfkp="未开票", kpsj="", wf="", ddrq="2026/04/27", rn=11, yfsj="920.00", pdf_file_name="http://yhocn.cn:9088/t763812834_java_sharepic/JD-0...", fzr="董伟辰", dzzt=null}
2026-06-05 09:43:33 [http-nio-9095-exec-4] INFO  c.e.demo.controller.DzdController - 记录 12: {khmc="海宁市华博机械有限公司", yifu="", lxr="马勤", ddh="GXDD092026042902", sfkp="未开票", kpsj="", wf="", ddrq="2026/04/29", rn=12, yfsj="1608.00", pdf_file_name=null, fzr="崔玉泽", dzzt=null}
2026-06-05 09:43:33 [http-nio-9095-exec-4] INFO  c.e.demo.controller.DzdController - 记录 13: {khmc="杭州锐毅科技有限公司", yifu="374.00", lxr="仓库", ddh="GXDD042026042804", sfkp="未开票", kpsj="", wf="", ddrq="2026/04/28", rn=13, yfsj="374.00", pdf_file_name="http://yhocn.cn:9088/t763812834_java_sharepic/GXDD...", fzr="雷媛", dzzt=null}
2026-06-05 09:43:33 [http-nio-9095-exec-4] INFO  c.e.demo.controller.DzdController - 记录 14: {khmc="湖南南方机床有限公司", yifu="", lxr="裴孝顺", ddh="SRMDD26041207", sfkp="未开票", kpsj="", wf="", ddrq="2026/04/28", rn=14, yfsj="5298.00", pdf_file_name=null, fzr="钱晓斌", dzzt="2026-05-27"}
2026-06-05 09:43:33 [http-nio-9095-exec-4] INFO  c.e.demo.controller.DzdController - 记录 15: {khmc="湖南南方机床有限公司", yifu="", lxr="裴孝顺", ddh="SRMDD26041026", sfkp="未开票", kpsj="", wf="", ddrq="2026/04/28", rn=15, yfsj="8290.00", pdf_file_name=null, fzr="钱晓斌", dzzt="2026-05-27"}
2026-06-05 09:43:33 [http-nio-9095-exec-4] INFO  c.e.demo.controller.DzdController - 记录 16: {khmc="湖南南方机床有限公司", yifu="", lxr="裴孝顺", ddh="GXDD012026042202", sfkp="未开票", kpsj="", wf="", ddrq="2026/04/22", rn=16, yfsj="2400.00", pdf_file_name=null, fzr="钱晓斌", dzzt="2026-05-27"}
2026-06-05 09:43:33 [http-nio-9095-exec-4] INFO  c.e.demo.controller.DzdController - 记录 17: {khmc="江苏创尚五金有限公司", yifu="600.00", lxr="李书萍", ddh="GXDD1020260424001", sfkp="未开票", kpsj="", wf="", ddrq="2026/04/24", rn=17, yfsj="600.00", pdf_file_name=null, fzr="李娇", dzzt=null}
2026-06-05 09:43:33 [http-nio-9095-exec-4] INFO  c.e.demo.controller.DzdController - 记录 18: {khmc="江苏港星方能超声洗净科技有限公司", yifu="", lxr="吴小姐", ddh="GXDD052026042202", sfkp="未开票", kpsj="", wf="", ddrq="2026/04/22", rn=18, yfsj="1884.00", pdf_file_name="http://yhocn.cn:9088/t763812834_java_sharepic/GXDD...", fzr="董伟辰", dzzt=null}
2026-06-05 09:43:33 [http-nio-9095-exec-4] INFO  c.e.demo.controller.DzdController - 记录 19: {khmc="江苏港星方能超声洗净科技有限公司", yifu="", lxr="吴小姐", ddh="GXDD052026041502", sfkp="未开票", kpsj="", wf="", ddrq="2026/04/15", rn=19, yfsj="21900.00", pdf_file_name="http://yhocn.cn:9088/t763812834_java_sharepic/GXDD...", fzr="董伟辰", dzzt=null}
2026-06-05 09:43:33 [http-nio-9095-exec-4] INFO  c.e.demo.controller.DzdController - 记录 20: {khmc="江苏金竑智能制造有限公司", yifu="", lxr="滕梦影", ddh="GXDD052026042201", sfkp="未开票", kpsj="", wf="", ddrq="2026/04/22", rn=20, yfsj="1400.00", pdf_file_name="http://yhocn.cn:9088/t763812834_java_sharepic/GXDD...", fzr="董伟辰", dzzt=null}
2026-06-05 09:44:04 [http-nio-9095-exec-3] INFO  c.example.demo.service.impl.KhxxImpl - SQL Server分页查询完成，页码: 1, 页大小: 20, 范围: 1-20, 总记录数: 271, 耗时: 372ms
2026-06-05 09:44:16 [http-nio-9095-exec-2] INFO  c.example.demo.service.impl.KhxxImpl - SQL Server分页查询完成，页码: 1, 页大小: 20, 范围: 1-20, 总记录数: 271, 耗时: 164ms
2026-06-05 10:04:12 [restartedMain] INFO  com.example.demo.DemoApplication - Starting DemoApplication using Java 1.8.0_281 on WIN-20260505BQO with PID 2640 (D:\yh_soft\t763812834_java\code\target\classes started by Administrator in D:\yh_soft\t763812834_java\code)
2026-06-05 10:04:12 [restartedMain] INFO  com.example.demo.DemoApplication - The following 1 profile is active: "dev"
2026-06-05 10:04:12 [restartedMain] INFO  o.s.b.d.e.DevToolsPropertyDefaultsPostProcessor - Devtools property defaults active! Set 'spring.devtools.add-properties' to 'false' to disable
2026-06-05 10:04:12 [restartedMain] INFO  o.s.b.d.e.DevToolsPropertyDefaultsPostProcessor - For additional web related logging consider setting the 'logging.level.web' property to 'DEBUG'
2026-06-05 10:04:14 [restartedMain] INFO  o.s.d.r.c.RepositoryConfigurationDelegate - Multiple Spring Data modules found, entering strict repository configuration mode
2026-06-05 10:04:14 [restartedMain] INFO  o.s.d.r.c.RepositoryConfigurationDelegate - Bootstrapping Spring Data Redis repositories in DEFAULT mode.
2026-06-05 10:04:14 [restartedMain] INFO  o.s.d.r.c.RepositoryConfigurationDelegate - Finished Spring Data repository scanning in 31 ms. Found 0 Redis repository interfaces.
2026-06-05 10:04:15 [restartedMain] INFO  o.s.c.s.PostProcessorRegistrationDelegate$BeanPostProcessorChecker - Bean 'spring.datasource.dynamic-com.baomidou.dynamic.datasource.spring.boot.autoconfigure.DynamicDataSourceProperties' of type [com.baomidou.dynamic.datasource.spring.boot.autoconfigure.DynamicDataSourceProperties] is not eligible for getting processed by all BeanPostProcessors (for example: not eligible for auto-proxying)
2026-06-05 10:04:15 [restartedMain] INFO  o.s.c.s.PostProcessorRegistrationDelegate$BeanPostProcessorChecker - Bean 'com.baomidou.dynamic.datasource.spring.boot.autoconfigure.DynamicDataSourceAutoConfiguration' of type [com.baomidou.dynamic.datasource.spring.boot.autoconfigure.DynamicDataSourceAutoConfiguration$$EnhancerBySpringCGLIB$$31fe5c00] is not eligible for getting processed by all BeanPostProcessors (for example: not eligible for auto-proxying)
2026-06-05 10:04:15 [restartedMain] INFO  o.s.c.s.PostProcessorRegistrationDelegate$BeanPostProcessorChecker - Bean 'dsProcessor' of type [com.baomidou.dynamic.datasource.processor.DsHeaderProcessor] is not eligible for getting processed by all BeanPostProcessors (for example: not eligible for auto-proxying)
2026-06-05 10:04:16 [restartedMain] INFO  o.s.b.w.e.tomcat.TomcatWebServer - Tomcat initialized with port(s): 9095 (http)
2026-06-05 10:04:17 [restartedMain] INFO  o.a.catalina.core.StandardService - Starting service [Tomcat]
2026-06-05 10:04:17 [restartedMain] INFO  o.a.catalina.core.StandardEngine - Starting Servlet engine: [Apache Tomcat/9.0.65]
2026-06-05 10:04:17 [restartedMain] INFO  o.a.c.c.C.[Tomcat].[localhost].[/] - Initializing Spring embedded WebApplicationContext
2026-06-05 10:04:17 [restartedMain] INFO  o.s.b.w.s.c.ServletWebServerApplicationContext - Root WebApplicationContext: initialization completed in 4930 ms
2026-06-05 10:04:40 [restartedMain] ERROR c.alibaba.druid.pool.DruidDataSource - init datasource error, url: jdbc:sqlserver://yhocn.cn;DatabaseName=t763812834_20251118_ceshi
com.microsoft.sqlserver.jdbc.SQLServerException: The driver could not establish a secure connection to SQL Server by using Secure Sockets Layer (SSL) encryption. Error: "Unexpected rethrowing".
	at com.microsoft.sqlserver.jdbc.SQLServerConnection.terminate(SQLServerConnection.java:2670)
	at com.microsoft.sqlserver.jdbc.TDSChannel.enableSSL(IOBuffer.java:1837)
	at com.microsoft.sqlserver.jdbc.SQLServerConnection.connectHelper(SQLServerConnection.java:2257)
	at com.microsoft.sqlserver.jdbc.SQLServerConnection.login(SQLServerConnection.java:1921)
	at com.microsoft.sqlserver.jdbc.SQLServerConnection.connectInternal(SQLServerConnection.java:1762)
	at com.microsoft.sqlserver.jdbc.SQLServerConnection.connect(SQLServerConnection.java:1077)
	at com.microsoft.sqlserver.jdbc.SQLServerDriver.connect(SQLServerDriver.java:623)
	at com.alibaba.druid.filter.FilterChainImpl.connection_connect(FilterChainImpl.java:156)
	at com.alibaba.druid.filter.FilterAdapter.connection_connect(FilterAdapter.java:787)
	at com.alibaba.druid.filter.FilterEventAdapter.connection_connect(FilterEventAdapter.java:38)
	at com.alibaba.druid.filter.FilterChainImpl.connection_connect(FilterChainImpl.java:150)
	at com.alibaba.druid.filter.FilterAdapter.connection_connect(FilterAdapter.java:787)
	at com.alibaba.druid.filter.FilterChainImpl.connection_connect(FilterChainImpl.java:150)
	at com.alibaba.druid.filter.stat.StatFilter.connection_connect(StatFilter.java:218)
	at com.alibaba.druid.filter.FilterChainImpl.connection_connect(FilterChainImpl.java:150)
	at com.alibaba.druid.pool.DruidAbstractDataSource.createPhysicalConnection(DruidAbstractDataSource.java:1598)
	at com.alibaba.druid.pool.DruidAbstractDataSource.createPhysicalConnection(DruidAbstractDataSource.java:1662)
	at com.alibaba.druid.pool.DruidDataSource.init(DruidDataSource.java:932)
	at com.baomidou.dynamic.datasource.creator.DruidDataSourceCreator.doCreateDataSource(DruidDataSourceCreator.java:85)
	at com.baomidou.dynamic.datasource.creator.AbstractDataSourceCreator.createDataSource(AbstractDataSourceCreator.java:70)
	at com.baomidou.dynamic.datasource.creator.DefaultDataSourceCreator.createDataSource(DefaultDataSourceCreator.java:48)
	at com.baomidou.dynamic.datasource.provider.AbstractDataSourceProvider.createDataSourceMap(AbstractDataSourceProvider.java:47)
	at com.baomidou.dynamic.datasource.provider.YmlDynamicDataSourceProvider.loadDataSources(YmlDynamicDataSourceProvider.java:42)
	at com.baomidou.dynamic.datasource.DynamicRoutingDataSource.afterPropertiesSet(DynamicRoutingDataSource.java:225)
	at org.springframework.beans.factory.support.AbstractAutowireCapableBeanFactory.invokeInitMethods(AbstractAutowireCapableBeanFactory.java:1863)
	at org.springframework.beans.factory.support.AbstractAutowireCapableBeanFactory.initializeBean(AbstractAutowireCapableBeanFactory.java:1800)
	at org.springframework.beans.factory.support.AbstractAutowireCapableBeanFactory.doCreateBean(AbstractAutowireCapableBeanFactory.java:620)
	at org.springframework.beans.factory.support.AbstractAutowireCapableBeanFactory.createBean(AbstractAutowireCapableBeanFactory.java:542)
	at org.springframework.beans.factory.support.AbstractBeanFactory.lambda$doGetBean$0(AbstractBeanFactory.java:335)
	at org.springframework.beans.factory.support.DefaultSingletonBeanRegistry.getSingleton(DefaultSingletonBeanRegistry.java:234)
	at org.springframework.beans.factory.support.AbstractBeanFactory.doGetBean(AbstractBeanFactory.java:333)
	at org.springframework.beans.factory.support.AbstractBeanFactory.getBean(AbstractBeanFactory.java:208)
	at org.springframework.beans.factory.config.DependencyDescriptor.resolveCandidate(DependencyDescriptor.java:276)
	at org.springframework.beans.factory.support.DefaultListableBeanFactory.doResolveDependency(DefaultListableBeanFactory.java:1391)
	at org.springframework.beans.factory.support.DefaultListableBeanFactory.resolveDependency(DefaultListableBeanFactory.java:1311)
	at org.springframework.beans.factory.support.ConstructorResolver.resolveAutowiredArgument(ConstructorResolver.java:887)
	at org.springframework.beans.factory.support.ConstructorResolver.createArgumentArray(ConstructorResolver.java:791)
	at org.springframework.beans.factory.support.ConstructorResolver.instantiateUsingFactoryMethod(ConstructorResolver.java:541)
	at org.springframework.beans.factory.support.AbstractAutowireCapableBeanFactory.instantiateUsingFactoryMethod(AbstractAutowireCapableBeanFactory.java:1352)
	at org.springframework.beans.factory.support.AbstractAutowireCapableBeanFactory.createBeanInstance(AbstractAutowireCapableBeanFactory.java:1195)
	at org.springframework.beans.factory.support.AbstractAutowireCapableBeanFactory.doCreateBean(AbstractAutowireCapableBeanFactory.java:582)
	at org.springframework.beans.factory.support.AbstractAutowireCapableBeanFactory.createBean(AbstractAutowireCapableBeanFactory.java:542)
	at org.springframework.beans.factory.support.AbstractBeanFactory.lambda$doGetBean$0(AbstractBeanFactory.java:335)
	at org.springframework.beans.factory.support.DefaultSingletonBeanRegistry.getSingleton(DefaultSingletonBeanRegistry.java:234)
	at org.springframework.beans.factory.support.AbstractBeanFactory.doGetBean(AbstractBeanFactory.java:333)
	at org.springframework.beans.factory.support.AbstractBeanFactory.getBean(AbstractBeanFactory.java:208)
	at org.springframework.beans.factory.config.DependencyDescriptor.resolveCandidate(DependencyDescriptor.java:276)
	at org.springframework.beans.factory.support.DefaultListableBeanFactory.doResolveDependency(DefaultListableBeanFactory.java:1391)
	at org.springframework.beans.factory.support.DefaultListableBeanFactory.resolveDependency(DefaultListableBeanFactory.java:1311)
	at org.springframework.beans.factory.support.AbstractAutowireCapableBeanFactory.autowireByType(AbstractAutowireCapableBeanFactory.java:1519)
	at org.springframework.beans.factory.support.AbstractAutowireCapableBeanFactory.populateBean(AbstractAutowireCapableBeanFactory.java:1417)
	at org.springframework.beans.factory.support.AbstractAutowireCapableBeanFactory.doCreateBean(AbstractAutowireCapableBeanFactory.java:619)
	at org.springframework.beans.factory.support.AbstractAutowireCapableBeanFactory.createBean(AbstractAutowireCapableBeanFactory.java:542)
	at org.springframework.beans.factory.support.AbstractBeanFactory.lambda$doGetBean$0(AbstractBeanFactory.java:335)
	at org.springframework.beans.factory.support.DefaultSingletonBeanRegistry.getSingleton(DefaultSingletonBeanRegistry.java:234)
	at org.springframework.beans.factory.support.AbstractBeanFactory.doGetBean(AbstractBeanFactory.java:333)
	at org.springframework.beans.factory.support.AbstractBeanFactory.getBean(AbstractBeanFactory.java:208)
	at org.springframework.beans.factory.config.DependencyDescriptor.resolveCandidate(DependencyDescriptor.java:276)
	at org.springframework.beans.factory.support.DefaultListableBeanFactory.doResolveDependency(DefaultListableBeanFactory.java:1391)
	at org.springframework.beans.factory.support.DefaultListableBeanFactory.resolveDependency(DefaultListableBeanFactory.java:1311)
	at org.springframework.beans.factory.annotation.AutowiredAnnotationBeanPostProcessor$AutowiredFieldElement.resolveFieldValue(AutowiredAnnotationBeanPostProcessor.java:656)
	at org.springframework.beans.factory.annotation.AutowiredAnnotationBeanPostProcessor$AutowiredFieldElement.inject(AutowiredAnnotationBeanPostProcessor.java:639)
	at org.springframework.beans.factory.annotation.InjectionMetadata.inject(InjectionMetadata.java:119)
	at org.springframework.beans.factory.annotation.AutowiredAnnotationBeanPostProcessor.postProcessProperties(AutowiredAnnotationBeanPostProcessor.java:399)
	at org.springframework.beans.factory.support.AbstractAutowireCapableBeanFactory.populateBean(AbstractAutowireCapableBeanFactory.java:1431)
	at org.springframework.beans.factory.support.AbstractAutowireCapableBeanFactory.doCreateBean(AbstractAutowireCapableBeanFactory.java:619)
	at org.springframework.beans.factory.support.AbstractAutowireCapableBeanFactory.createBean(AbstractAutowireCapableBeanFactory.java:542)
	at org.springframework.beans.factory.support.AbstractBeanFactory.lambda$doGetBean$0(AbstractBeanFactory.java:335)
	at org.springframework.beans.factory.support.DefaultSingletonBeanRegistry.getSingleton(DefaultSingletonBeanRegistry.java:234)
	at org.springframework.beans.factory.support.AbstractBeanFactory.doGetBean(AbstractBeanFactory.java:333)
	at org.springframework.beans.factory.support.AbstractBeanFactory.getBean(AbstractBeanFactory.java:208)
	at org.springframework.beans.factory.config.DependencyDescriptor.resolveCandidate(DependencyDescriptor.java:276)
	at org.springframework.beans.factory.support.DefaultListableBeanFactory.doResolveDependency(DefaultListableBeanFactory.java:1391)
	at org.springframework.beans.factory.support.DefaultListableBeanFactory.resolveDependency(DefaultListableBeanFactory.java:1311)
	at org.springframework.beans.factory.annotation.AutowiredAnnotationBeanPostProcessor$AutowiredFieldElement.resolveFieldValue(AutowiredAnnotationBeanPostProcessor.java:656)
	at org.springframework.beans.factory.annotation.AutowiredAnnotationBeanPostProcessor$AutowiredFieldElement.inject(AutowiredAnnotationBeanPostProcessor.java:639)
	at org.springframework.beans.factory.annotation.InjectionMetadata.inject(InjectionMetadata.java:119)
	at org.springframework.beans.factory.annotation.AutowiredAnnotationBeanPostProcessor.postProcessProperties(AutowiredAnnotationBeanPostProcessor.java:399)
	at org.springframework.beans.factory.support.AbstractAutowireCapableBeanFactory.populateBean(AbstractAutowireCapableBeanFactory.java:1431)
	at org.springframework.beans.factory.support.AbstractAutowireCapableBeanFactory.doCreateBean(AbstractAutowireCapableBeanFactory.java:619)
	at org.springframework.beans.factory.support.AbstractAutowireCapableBeanFactory.createBean(AbstractAutowireCapableBeanFactory.java:542)
	at org.springframework.beans.factory.support.AbstractBeanFactory.lambda$doGetBean$0(AbstractBeanFactory.java:335)
	at org.springframework.beans.factory.support.DefaultSingletonBeanRegistry.getSingleton(DefaultSingletonBeanRegistry.java:234)
	at org.springframework.beans.factory.support.AbstractBeanFactory.doGetBean(AbstractBeanFactory.java:333)
	at org.springframework.beans.factory.support.AbstractBeanFactory.getBean(AbstractBeanFactory.java:208)
	at org.springframework.beans.factory.support.DefaultListableBeanFactory.preInstantiateSingletons(DefaultListableBeanFactory.java:955)
	at org.springframework.context.support.AbstractApplicationContext.finishBeanFactoryInitialization(AbstractApplicationContext.java:918)
	at org.springframework.context.support.AbstractApplicationContext.refresh(AbstractApplicationContext.java:583)
	at org.springframework.boot.web.servlet.context.ServletWebServerApplicationContext.refresh(ServletWebServerApplicationContext.java:147)
	at org.springframework.boot.SpringApplication.refresh(SpringApplication.java:734)
	at org.springframework.boot.SpringApplication.refreshContext(SpringApplication.java:408)
	at org.springframework.boot.SpringApplication.run(SpringApplication.java:308)
	at org.springframework.boot.SpringApplication.run(SpringApplication.java:1306)
	at org.springframework.boot.SpringApplication.run(SpringApplication.java:1295)
	at com.example.demo.DemoApplication.main(DemoApplication.java:9)
	at sun.reflect.NativeMethodAccessorImpl.invoke0(Native Method)
	at sun.reflect.NativeMethodAccessorImpl.invoke(NativeMethodAccessorImpl.java:62)
	at sun.reflect.DelegatingMethodAccessorImpl.invoke(DelegatingMethodAccessorImpl.java:43)
	at java.lang.reflect.Method.invoke(Method.java:498)
	at org.springframework.boot.devtools.restart.RestartLauncher.run(RestartLauncher.java:49)
Caused by: javax.net.ssl.SSLException: Unexpected rethrowing
	at sun.security.ssl.Alert.createSSLException(Alert.java:127)
	at sun.security.ssl.TransportContext.fatal(TransportContext.java:325)
	at sun.security.ssl.TransportContext.fatal(TransportContext.java:296)
	at sun.security.ssl.TransportContext.fatal(TransportContext.java:291)
	at sun.security.ssl.SSLTransport.decode(SSLTransport.java:141)
	at sun.security.ssl.SSLSocketImpl.decode(SSLSocketImpl.java:1279)
	at sun.security.ssl.SSLSocketImpl.readHandshakeRecord(SSLSocketImpl.java:1188)
	at sun.security.ssl.SSLSocketImpl.startHandshake(SSLSocketImpl.java:401)
	at sun.security.ssl.SSLSocketImpl.startHandshake(SSLSocketImpl.java:373)
	at com.microsoft.sqlserver.jdbc.TDSChannel.enableSSL(IOBuffer.java:1767)
	... 98 common frames omitted
Caused by: java.io.IOException: Read timed out ClientConnectionId:8b02235b-7520-4c81-94c5-a70e2a98b898
	at com.microsoft.sqlserver.jdbc.TDSChannel$SSLHandshakeInputStream.ensureSSLPayload(IOBuffer.java:780)
	at com.microsoft.sqlserver.jdbc.TDSChannel$SSLHandshakeInputStream.readInternal(IOBuffer.java:836)
	at com.microsoft.sqlserver.jdbc.TDSChannel$SSLHandshakeInputStream.read(IOBuffer.java:827)
	at com.microsoft.sqlserver.jdbc.TDSChannel$ProxyInputStream.readInternal(IOBuffer.java:1009)
	at com.microsoft.sqlserver.jdbc.TDSChannel$ProxyInputStream.read(IOBuffer.java:997)
	at sun.security.ssl.SSLSocketInputRecord.read(SSLSocketInputRecord.java:475)
	at sun.security.ssl.SSLSocketInputRecord.readHeader(SSLSocketInputRecord.java:469)
	at sun.security.ssl.SSLSocketInputRecord.decode(SSLSocketInputRecord.java:159)
	at sun.security.ssl.SSLTransport.decode(SSLTransport.java:110)
	... 103 common frames omitted
2026-06-05 10:04:40 [restartedMain] ERROR c.alibaba.druid.pool.DruidDataSource - {dataSource-1} init error
com.microsoft.sqlserver.jdbc.SQLServerException: The driver could not establish a secure connection to SQL Server by using Secure Sockets Layer (SSL) encryption. Error: "Unexpected rethrowing".
	at com.microsoft.sqlserver.jdbc.SQLServerConnection.terminate(SQLServerConnection.java:2670)
	at com.microsoft.sqlserver.jdbc.TDSChannel.enableSSL(IOBuffer.java:1837)
	at com.microsoft.sqlserver.jdbc.SQLServerConnection.connectHelper(SQLServerConnection.java:2257)
	at com.microsoft.sqlserver.jdbc.SQLServerConnection.login(SQLServerConnection.java:1921)
	at com.microsoft.sqlserver.jdbc.SQLServerConnection.connectInternal(SQLServerConnection.java:1762)
	at com.microsoft.sqlserver.jdbc.SQLServerConnection.connect(SQLServerConnection.java:1077)
	at com.microsoft.sqlserver.jdbc.SQLServerDriver.connect(SQLServerDriver.java:623)
	at com.alibaba.druid.filter.FilterChainImpl.connection_connect(FilterChainImpl.java:156)
	at com.alibaba.druid.filter.FilterAdapter.connection_connect(FilterAdapter.java:787)
	at com.alibaba.druid.filter.FilterEventAdapter.connection_connect(FilterEventAdapter.java:38)
	at com.alibaba.druid.filter.FilterChainImpl.connection_connect(FilterChainImpl.java:150)
	at com.alibaba.druid.filter.FilterAdapter.connection_connect(FilterAdapter.java:787)
	at com.alibaba.druid.filter.FilterChainImpl.connection_connect(FilterChainImpl.java:150)
	at com.alibaba.druid.filter.stat.StatFilter.connection_connect(StatFilter.java:218)
	at com.alibaba.druid.filter.FilterChainImpl.connection_connect(FilterChainImpl.java:150)
	at com.alibaba.druid.pool.DruidAbstractDataSource.createPhysicalConnection(DruidAbstractDataSource.java:1598)
	at com.alibaba.druid.pool.DruidAbstractDataSource.createPhysicalConnection(DruidAbstractDataSource.java:1662)
	at com.alibaba.druid.pool.DruidDataSource.init(DruidDataSource.java:932)
	at com.baomidou.dynamic.datasource.creator.DruidDataSourceCreator.doCreateDataSource(DruidDataSourceCreator.java:85)
	at com.baomidou.dynamic.datasource.creator.AbstractDataSourceCreator.createDataSource(AbstractDataSourceCreator.java:70)
	at com.baomidou.dynamic.datasource.creator.DefaultDataSourceCreator.createDataSource(DefaultDataSourceCreator.java:48)
	at com.baomidou.dynamic.datasource.provider.AbstractDataSourceProvider.createDataSourceMap(AbstractDataSourceProvider.java:47)
	at com.baomidou.dynamic.datasource.provider.YmlDynamicDataSourceProvider.loadDataSources(YmlDynamicDataSourceProvider.java:42)
	at com.baomidou.dynamic.datasource.DynamicRoutingDataSource.afterPropertiesSet(DynamicRoutingDataSource.java:225)
	at org.springframework.beans.factory.support.AbstractAutowireCapableBeanFactory.invokeInitMethods(AbstractAutowireCapableBeanFactory.java:1863)
	at org.springframework.beans.factory.support.AbstractAutowireCapableBeanFactory.initializeBean(AbstractAutowireCapableBeanFactory.java:1800)
	at org.springframework.beans.factory.support.AbstractAutowireCapableBeanFactory.doCreateBean(AbstractAutowireCapableBeanFactory.java:620)
	at org.springframework.beans.factory.support.AbstractAutowireCapableBeanFactory.createBean(AbstractAutowireCapableBeanFactory.java:542)
	at org.springframework.beans.factory.support.AbstractBeanFactory.lambda$doGetBean$0(AbstractBeanFactory.java:335)
	at org.springframework.beans.factory.support.DefaultSingletonBeanRegistry.getSingleton(DefaultSingletonBeanRegistry.java:234)
	at org.springframework.beans.factory.support.AbstractBeanFactory.doGetBean(AbstractBeanFactory.java:333)
	at org.springframework.beans.factory.support.AbstractBeanFactory.getBean(AbstractBeanFactory.java:208)
	at org.springframework.beans.factory.config.DependencyDescriptor.resolveCandidate(DependencyDescriptor.java:276)
	at org.springframework.beans.factory.support.DefaultListableBeanFactory.doResolveDependency(DefaultListableBeanFactory.java:1391)
	at org.springframework.beans.factory.support.DefaultListableBeanFactory.resolveDependency(DefaultListableBeanFactory.java:1311)
	at org.springframework.beans.factory.support.ConstructorResolver.resolveAutowiredArgument(ConstructorResolver.java:887)
	at org.springframework.beans.factory.support.ConstructorResolver.createArgumentArray(ConstructorResolver.java:791)
	at org.springframework.beans.factory.support.ConstructorResolver.instantiateUsingFactoryMethod(ConstructorResolver.java:541)
	at org.springframework.beans.factory.support.AbstractAutowireCapableBeanFactory.instantiateUsingFactoryMethod(AbstractAutowireCapableBeanFactory.java:1352)
	at org.springframework.beans.factory.support.AbstractAutowireCapableBeanFactory.createBeanInstance(AbstractAutowireCapableBeanFactory.java:1195)
	at org.springframework.beans.factory.support.AbstractAutowireCapableBeanFactory.doCreateBean(AbstractAutowireCapableBeanFactory.java:582)
	at org.springframework.beans.factory.support.AbstractAutowireCapableBeanFactory.createBean(AbstractAutowireCapableBeanFactory.java:542)
	at org.springframework.beans.factory.support.AbstractBeanFactory.lambda$doGetBean$0(AbstractBeanFactory.java:335)
	at org.springframework.beans.factory.support.DefaultSingletonBeanRegistry.getSingleton(DefaultSingletonBeanRegistry.java:234)
	at org.springframework.beans.factory.support.AbstractBeanFactory.doGetBean(AbstractBeanFactory.java:333)
	at org.springframework.beans.factory.support.AbstractBeanFactory.getBean(AbstractBeanFactory.java:208)
	at org.springframework.beans.factory.config.DependencyDescriptor.resolveCandidate(DependencyDescriptor.java:276)
	at org.springframework.beans.factory.support.DefaultListableBeanFactory.doResolveDependency(DefaultListableBeanFactory.java:1391)
	at org.springframework.beans.factory.support.DefaultListableBeanFactory.resolveDependency(DefaultListableBeanFactory.java:1311)
	at org.springframework.beans.factory.support.AbstractAutowireCapableBeanFactory.autowireByType(AbstractAutowireCapableBeanFactory.java:1519)
	at org.springframework.beans.factory.support.AbstractAutowireCapableBeanFactory.populateBean(AbstractAutowireCapableBeanFactory.java:1417)
	at org.springframework.beans.factory.support.AbstractAutowireCapableBeanFactory.doCreateBean(AbstractAutowireCapableBeanFactory.java:619)
	at org.springframework.beans.factory.support.AbstractAutowireCapableBeanFactory.createBean(AbstractAutowireCapableBeanFactory.java:542)
	at org.springframework.beans.factory.support.AbstractBeanFactory.lambda$doGetBean$0(AbstractBeanFactory.java:335)
	at org.springframework.beans.factory.support.DefaultSingletonBeanRegistry.getSingleton(DefaultSingletonBeanRegistry.java:234)
	at org.springframework.beans.factory.support.AbstractBeanFactory.doGetBean(AbstractBeanFactory.java:333)
	at org.springframework.beans.factory.support.AbstractBeanFactory.getBean(AbstractBeanFactory.java:208)
	at org.springframework.beans.factory.config.DependencyDescriptor.resolveCandidate(DependencyDescriptor.java:276)
	at org.springframework.beans.factory.support.DefaultListableBeanFactory.doResolveDependency(DefaultListableBeanFactory.java:1391)
	at org.springframework.beans.factory.support.DefaultListableBeanFactory.resolveDependency(DefaultListableBeanFactory.java:1311)
	at org.springframework.beans.factory.annotation.AutowiredAnnotationBeanPostProcessor$AutowiredFieldElement.resolveFieldValue(AutowiredAnnotationBeanPostProcessor.java:656)
	at org.springframework.beans.factory.annotation.AutowiredAnnotationBeanPostProcessor$AutowiredFieldElement.inject(AutowiredAnnotationBeanPostProcessor.java:639)
	at org.springframework.beans.factory.annotation.InjectionMetadata.inject(InjectionMetadata.java:119)
	at org.springframework.beans.factory.annotation.AutowiredAnnotationBeanPostProcessor.postProcessProperties(AutowiredAnnotationBeanPostProcessor.java:399)
	at org.springframework.beans.factory.support.AbstractAutowireCapableBeanFactory.populateBean(AbstractAutowireCapableBeanFactory.java:1431)
	at org.springframework.beans.factory.support.AbstractAutowireCapableBeanFactory.doCreateBean(AbstractAutowireCapableBeanFactory.java:619)
	at org.springframework.beans.factory.support.AbstractAutowireCapableBeanFactory.createBean(AbstractAutowireCapableBeanFactory.java:542)
	at org.springframework.beans.factory.support.AbstractBeanFactory.lambda$doGetBean$0(AbstractBeanFactory.java:335)
	at org.springframework.beans.factory.support.DefaultSingletonBeanRegistry.getSingleton(DefaultSingletonBeanRegistry.java:234)
	at org.springframework.beans.factory.support.AbstractBeanFactory.doGetBean(AbstractBeanFactory.java:333)
	at org.springframework.beans.factory.support.AbstractBeanFactory.getBean(AbstractBeanFactory.java:208)
	at org.springframework.beans.factory.config.DependencyDescriptor.resolveCandidate(DependencyDescriptor.java:276)
	at org.springframework.beans.factory.support.DefaultListableBeanFactory.doResolveDependency(DefaultListableBeanFactory.java:1391)
	at org.springframework.beans.factory.support.DefaultListableBeanFactory.resolveDependency(DefaultListableBeanFactory.java:1311)
	at org.springframework.beans.factory.annotation.AutowiredAnnotationBeanPostProcessor$AutowiredFieldElement.resolveFieldValue(AutowiredAnnotationBeanPostProcessor.java:656)
	at org.springframework.beans.factory.annotation.AutowiredAnnotationBeanPostProcessor$AutowiredFieldElement.inject(AutowiredAnnotationBeanPostProcessor.java:639)
	at org.springframework.beans.factory.annotation.InjectionMetadata.inject(InjectionMetadata.java:119)
	at org.springframework.beans.factory.annotation.AutowiredAnnotationBeanPostProcessor.postProcessProperties(AutowiredAnnotationBeanPostProcessor.java:399)
	at org.springframework.beans.factory.support.AbstractAutowireCapableBeanFactory.populateBean(AbstractAutowireCapableBeanFactory.java:1431)
	at org.springframework.beans.factory.support.AbstractAutowireCapableBeanFactory.doCreateBean(AbstractAutowireCapableBeanFactory.java:619)
	at org.springframework.beans.factory.support.AbstractAutowireCapableBeanFactory.createBean(AbstractAutowireCapableBeanFactory.java:542)
	at org.springframework.beans.factory.support.AbstractBeanFactory.lambda$doGetBean$0(AbstractBeanFactory.java:335)
	at org.springframework.beans.factory.support.DefaultSingletonBeanRegistry.getSingleton(DefaultSingletonBeanRegistry.java:234)
	at org.springframework.beans.factory.support.AbstractBeanFactory.doGetBean(AbstractBeanFactory.java:333)
	at org.springframework.beans.factory.support.AbstractBeanFactory.getBean(AbstractBeanFactory.java:208)
	at org.springframework.beans.factory.support.DefaultListableBeanFactory.preInstantiateSingletons(DefaultListableBeanFactory.java:955)
	at org.springframework.context.support.AbstractApplicationContext.finishBeanFactoryInitialization(AbstractApplicationContext.java:918)
	at org.springframework.context.support.AbstractApplicationContext.refresh(AbstractApplicationContext.java:583)
	at org.springframework.boot.web.servlet.context.ServletWebServerApplicationContext.refresh(ServletWebServerApplicationContext.java:147)
	at org.springframework.boot.SpringApplication.refresh(SpringApplication.java:734)
	at org.springframework.boot.SpringApplication.refreshContext(SpringApplication.java:408)
	at org.springframework.boot.SpringApplication.run(SpringApplication.java:308)
	at org.springframework.boot.SpringApplication.run(SpringApplication.java:1306)
	at org.springframework.boot.SpringApplication.run(SpringApplication.java:1295)
	at com.example.demo.DemoApplication.main(DemoApplication.java:9)
	at sun.reflect.NativeMethodAccessorImpl.invoke0(Native Method)
	at sun.reflect.NativeMethodAccessorImpl.invoke(NativeMethodAccessorImpl.java:62)
	at sun.reflect.DelegatingMethodAccessorImpl.invoke(DelegatingMethodAccessorImpl.java:43)
	at java.lang.reflect.Method.invoke(Method.java:498)
	at org.springframework.boot.devtools.restart.RestartLauncher.run(RestartLauncher.java:49)
Caused by: javax.net.ssl.SSLException: Unexpected rethrowing
	at sun.security.ssl.Alert.createSSLException(Alert.java:127)
	at sun.security.ssl.TransportContext.fatal(TransportContext.java:325)
	at sun.security.ssl.TransportContext.fatal(TransportContext.java:296)
	at sun.security.ssl.TransportContext.fatal(TransportContext.java:291)
	at sun.security.ssl.SSLTransport.decode(SSLTransport.java:141)
	at sun.security.ssl.SSLSocketImpl.decode(SSLSocketImpl.java:1279)
	at sun.security.ssl.SSLSocketImpl.readHandshakeRecord(SSLSocketImpl.java:1188)
	at sun.security.ssl.SSLSocketImpl.startHandshake(SSLSocketImpl.java:401)
	at sun.security.ssl.SSLSocketImpl.startHandshake(SSLSocketImpl.java:373)
	at com.microsoft.sqlserver.jdbc.TDSChannel.enableSSL(IOBuffer.java:1767)
	... 98 common frames omitted
Caused by: java.io.IOException: Read timed out ClientConnectionId:8b02235b-7520-4c81-94c5-a70e2a98b898
	at com.microsoft.sqlserver.jdbc.TDSChannel$SSLHandshakeInputStream.ensureSSLPayload(IOBuffer.java:780)
	at com.microsoft.sqlserver.jdbc.TDSChannel$SSLHandshakeInputStream.readInternal(IOBuffer.java:836)
	at com.microsoft.sqlserver.jdbc.TDSChannel$SSLHandshakeInputStream.read(IOBuffer.java:827)
	at com.microsoft.sqlserver.jdbc.TDSChannel$ProxyInputStream.readInternal(IOBuffer.java:1009)
	at com.microsoft.sqlserver.jdbc.TDSChannel$ProxyInputStream.read(IOBuffer.java:997)
	at sun.security.ssl.SSLSocketInputRecord.read(SSLSocketInputRecord.java:475)
	at sun.security.ssl.SSLSocketInputRecord.readHeader(SSLSocketInputRecord.java:469)
	at sun.security.ssl.SSLSocketInputRecord.decode(SSLSocketInputRecord.java:159)
	at sun.security.ssl.SSLTransport.decode(SSLTransport.java:110)
	... 103 common frames omitted
2026-06-05 10:04:40 [restartedMain] WARN  o.s.b.w.s.c.AnnotationConfigServletWebServerApplicationContext - Exception encountered during context initialization - cancelling refresh attempt: org.springframework.beans.factory.UnsatisfiedDependencyException: Error creating bean with name 'caigouController': Unsatisfied dependency expressed through field 'caigouService'; nested exception is org.springframework.beans.factory.UnsatisfiedDependencyException: Error creating bean with name 'caigouImpl': Unsatisfied dependency expressed through field 'baseMapper'; nested exception is org.springframework.beans.factory.UnsatisfiedDependencyException: Error creating bean with name 'caigouMapper' defined in file [D:\yh_soft\t763812834_java\code\target\classes\com\example\demo\mapper\CaigouMapper.class]: Unsatisfied dependency expressed through bean property 'sqlSessionFactory'; nested exception is org.springframework.beans.factory.UnsatisfiedDependencyException: Error creating bean with name 'sqlSessionFactory' defined in class path resource [com/baomidou/mybatisplus/autoconfigure/MybatisPlusAutoConfiguration.class]: Unsatisfied dependency expressed through method 'sqlSessionFactory' parameter 0; nested exception is org.springframework.beans.factory.BeanCreationException: Error creating bean with name 'dataSource' defined in class path resource [com/baomidou/dynamic/datasource/spring/boot/autoconfigure/DynamicDataSourceAutoConfiguration.class]: Invocation of init method failed; nested exception is com.baomidou.dynamic.datasource.exception.ErrorCreateDataSourceException: druid create error
2026-06-05 10:04:40 [restartedMain] INFO  o.a.catalina.core.StandardService - Stopping service [Tomcat]
2026-06-05 10:04:40 [restartedMain] INFO  o.s.b.a.l.ConditionEvaluationReportLoggingListener - 

Error starting ApplicationContext. To display the conditions report re-run your application with 'debug' enabled.
2026-06-05 10:04:40 [restartedMain] ERROR o.s.boot.SpringApplication - Application run failed
org.springframework.beans.factory.UnsatisfiedDependencyException: Error creating bean with name 'caigouController': Unsatisfied dependency expressed through field 'caigouService'; nested exception is org.springframework.beans.factory.UnsatisfiedDependencyException: Error creating bean with name 'caigouImpl': Unsatisfied dependency expressed through field 'baseMapper'; nested exception is org.springframework.beans.factory.UnsatisfiedDependencyException: Error creating bean with name 'caigouMapper' defined in file [D:\yh_soft\t763812834_java\code\target\classes\com\example\demo\mapper\CaigouMapper.class]: Unsatisfied dependency expressed through bean property 'sqlSessionFactory'; nested exception is org.springframework.beans.factory.UnsatisfiedDependencyException: Error creating bean with name 'sqlSessionFactory' defined in class path resource [com/baomidou/mybatisplus/autoconfigure/MybatisPlusAutoConfiguration.class]: Unsatisfied dependency expressed through method 'sqlSessionFactory' parameter 0; nested exception is org.springframework.beans.factory.BeanCreationException: Error creating bean with name 'dataSource' defined in class path resource [com/baomidou/dynamic/datasource/spring/boot/autoconfigure/DynamicDataSourceAutoConfiguration.class]: Invocation of init method failed; nested exception is com.baomidou.dynamic.datasource.exception.ErrorCreateDataSourceException: druid create error
	at org.springframework.beans.factory.annotation.AutowiredAnnotationBeanPostProcessor$AutowiredFieldElement.resolveFieldValue(AutowiredAnnotationBeanPostProcessor.java:659)
	at org.springframework.beans.factory.annotation.AutowiredAnnotationBeanPostProcessor$AutowiredFieldElement.inject(AutowiredAnnotationBeanPostProcessor.java:639)
	at org.springframework.beans.factory.annotation.InjectionMetadata.inject(InjectionMetadata.java:119)
	at org.springframework.beans.factory.annotation.AutowiredAnnotationBeanPostProcessor.postProcessProperties(AutowiredAnnotationBeanPostProcessor.java:399)
	at org.springframework.beans.factory.support.AbstractAutowireCapableBeanFactory.populateBean(AbstractAutowireCapableBeanFactory.java:1431)
	at org.springframework.beans.factory.support.AbstractAutowireCapableBeanFactory.doCreateBean(AbstractAutowireCapableBeanFactory.java:619)
	at org.springframework.beans.factory.support.AbstractAutowireCapableBeanFactory.createBean(AbstractAutowireCapableBeanFactory.java:542)
	at org.springframework.beans.factory.support.AbstractBeanFactory.lambda$doGetBean$0(AbstractBeanFactory.java:335)
	at org.springframework.beans.factory.support.DefaultSingletonBeanRegistry.getSingleton(DefaultSingletonBeanRegistry.java:234)
	at org.springframework.beans.factory.support.AbstractBeanFactory.doGetBean(AbstractBeanFactory.java:333)
	at org.springframework.beans.factory.support.AbstractBeanFactory.getBean(AbstractBeanFactory.java:208)
	at org.springframework.beans.factory.support.DefaultListableBeanFactory.preInstantiateSingletons(DefaultListableBeanFactory.java:955)
	at org.springframework.context.support.AbstractApplicationContext.finishBeanFactoryInitialization(AbstractApplicationContext.java:918)
	at org.springframework.context.support.AbstractApplicationContext.refresh(AbstractApplicationContext.java:583)
	at org.springframework.boot.web.servlet.context.ServletWebServerApplicationContext.refresh(ServletWebServerApplicationContext.java:147)
	at org.springframework.boot.SpringApplication.refresh(SpringApplication.java:734)
	at org.springframework.boot.SpringApplication.refreshContext(SpringApplication.java:408)
	at org.springframework.boot.SpringApplication.run(SpringApplication.java:308)
	at org.springframework.boot.SpringApplication.run(SpringApplication.java:1306)
	at org.springframework.boot.SpringApplication.run(SpringApplication.java:1295)
	at com.example.demo.DemoApplication.main(DemoApplication.java:9)
	at sun.reflect.NativeMethodAccessorImpl.invoke0(Native Method)
	at sun.reflect.NativeMethodAccessorImpl.invoke(NativeMethodAccessorImpl.java:62)
	at sun.reflect.DelegatingMethodAccessorImpl.invoke(DelegatingMethodAccessorImpl.java:43)
	at java.lang.reflect.Method.invoke(Method.java:498)
	at org.springframework.boot.devtools.restart.RestartLauncher.run(RestartLauncher.java:49)
Caused by: org.springframework.beans.factory.UnsatisfiedDependencyException: Error creating bean with name 'caigouImpl': Unsatisfied dependency expressed through field 'baseMapper'; nested exception is org.springframework.beans.factory.UnsatisfiedDependencyException: Error creating bean with name 'caigouMapper' defined in file [D:\yh_soft\t763812834_java\code\target\classes\com\example\demo\mapper\CaigouMapper.class]: Unsatisfied dependency expressed through bean property 'sqlSessionFactory'; nested exception is org.springframework.beans.factory.UnsatisfiedDependencyException: Error creating bean with name 'sqlSessionFactory' defined in class path resource [com/baomidou/mybatisplus/autoconfigure/MybatisPlusAutoConfiguration.class]: Unsatisfied dependency expressed through method 'sqlSessionFactory' parameter 0; nested exception is org.springframework.beans.factory.BeanCreationException: Error creating bean with name 'dataSource' defined in class path resource [com/baomidou/dynamic/datasource/spring/boot/autoconfigure/DynamicDataSourceAutoConfiguration.class]: Invocation of init method failed; nested exception is com.baomidou.dynamic.datasource.exception.ErrorCreateDataSourceException: druid create error
	at org.springframework.beans.factory.annotation.AutowiredAnnotationBeanPostProcessor$AutowiredFieldElement.resolveFieldValue(AutowiredAnnotationBeanPostProcessor.java:659)
	at org.springframework.beans.factory.annotation.AutowiredAnnotationBeanPostProcessor$AutowiredFieldElement.inject(AutowiredAnnotationBeanPostProcessor.java:639)
	at org.springframework.beans.factory.annotation.InjectionMetadata.inject(InjectionMetadata.java:119)
	at org.springframework.beans.factory.annotation.AutowiredAnnotationBeanPostProcessor.postProcessProperties(AutowiredAnnotationBeanPostProcessor.java:399)
	at org.springframework.beans.factory.support.AbstractAutowireCapableBeanFactory.populateBean(AbstractAutowireCapableBeanFactory.java:1431)
	at org.springframework.beans.factory.support.AbstractAutowireCapableBeanFactory.doCreateBean(AbstractAutowireCapableBeanFactory.java:619)
	at org.springframework.beans.factory.support.AbstractAutowireCapableBeanFactory.createBean(AbstractAutowireCapableBeanFactory.java:542)
	at org.springframework.beans.factory.support.AbstractBeanFactory.lambda$doGetBean$0(AbstractBeanFactory.java:335)
	at org.springframework.beans.factory.support.DefaultSingletonBeanRegistry.getSingleton(DefaultSingletonBeanRegistry.java:234)
	at org.springframework.beans.factory.support.AbstractBeanFactory.doGetBean(AbstractBeanFactory.java:333)
	at org.springframework.beans.factory.support.AbstractBeanFactory.getBean(AbstractBeanFactory.java:208)
	at org.springframework.beans.factory.config.DependencyDescriptor.resolveCandidate(DependencyDescriptor.java:276)
	at org.springframework.beans.factory.support.DefaultListableBeanFactory.doResolveDependency(DefaultListableBeanFactory.java:1391)
	at org.springframework.beans.factory.support.DefaultListableBeanFactory.resolveDependency(DefaultListableBeanFactory.java:1311)
	at org.springframework.beans.factory.annotation.AutowiredAnnotationBeanPostProcessor$AutowiredFieldElement.resolveFieldValue(AutowiredAnnotationBeanPostProcessor.java:656)
	... 25 common frames omitted
Caused by: org.springframework.beans.factory.UnsatisfiedDependencyException: Error creating bean with name 'caigouMapper' defined in file [D:\yh_soft\t763812834_java\code\target\classes\com\example\demo\mapper\CaigouMapper.class]: Unsatisfied dependency expressed through bean property 'sqlSessionFactory'; nested exception is org.springframework.beans.factory.UnsatisfiedDependencyException: Error creating bean with name 'sqlSessionFactory' defined in class path resource [com/baomidou/mybatisplus/autoconfigure/MybatisPlusAutoConfiguration.class]: Unsatisfied dependency expressed through method 'sqlSessionFactory' parameter 0; nested exception is org.springframework.beans.factory.BeanCreationException: Error creating bean with name 'dataSource' defined in class path resource [com/baomidou/dynamic/datasource/spring/boot/autoconfigure/DynamicDataSourceAutoConfiguration.class]: Invocation of init method failed; nested exception is com.baomidou.dynamic.datasource.exception.ErrorCreateDataSourceException: druid create error
	at org.springframework.beans.factory.support.AbstractAutowireCapableBeanFactory.autowireByType(AbstractAutowireCapableBeanFactory.java:1534)
	at org.springframework.beans.factory.support.AbstractAutowireCapableBeanFactory.populateBean(AbstractAutowireCapableBeanFactory.java:1417)
	at org.springframework.beans.factory.support.AbstractAutowireCapableBeanFactory.doCreateBean(AbstractAutowireCapableBeanFactory.java:619)
	at org.springframework.beans.factory.support.AbstractAutowireCapableBeanFactory.createBean(AbstractAutowireCapableBeanFactory.java:542)
	at org.springframework.beans.factory.support.AbstractBeanFactory.lambda$doGetBean$0(AbstractBeanFactory.java:335)
	at org.springframework.beans.factory.support.DefaultSingletonBeanRegistry.getSingleton(DefaultSingletonBeanRegistry.java:234)
	at org.springframework.beans.factory.support.AbstractBeanFactory.doGetBean(AbstractBeanFactory.java:333)
	at org.springframework.beans.factory.support.AbstractBeanFactory.getBean(AbstractBeanFactory.java:208)
	at org.springframework.beans.factory.config.DependencyDescriptor.resolveCandidate(DependencyDescriptor.java:276)
	at org.springframework.beans.factory.support.DefaultListableBeanFactory.doResolveDependency(DefaultListableBeanFactory.java:1391)
	at org.springframework.beans.factory.support.DefaultListableBeanFactory.resolveDependency(DefaultListableBeanFactory.java:1311)
	at org.springframework.beans.factory.annotation.AutowiredAnnotationBeanPostProcessor$AutowiredFieldElement.resolveFieldValue(AutowiredAnnotationBeanPostProcessor.java:656)
	... 39 common frames omitted
Caused by: org.springframework.beans.factory.UnsatisfiedDependencyException: Error creating bean with name 'sqlSessionFactory' defined in class path resource [com/baomidou/mybatisplus/autoconfigure/MybatisPlusAutoConfiguration.class]: Unsatisfied dependency expressed through method 'sqlSessionFactory' parameter 0; nested exception is org.springframework.beans.factory.BeanCreationException: Error creating bean with name 'dataSource' defined in class path resource [com/baomidou/dynamic/datasource/spring/boot/autoconfigure/DynamicDataSourceAutoConfiguration.class]: Invocation of init method failed; nested exception is com.baomidou.dynamic.datasource.exception.ErrorCreateDataSourceException: druid create error
	at org.springframework.beans.factory.support.ConstructorResolver.createArgumentArray(ConstructorResolver.java:800)
	at org.springframework.beans.factory.support.ConstructorResolver.instantiateUsingFactoryMethod(ConstructorResolver.java:541)
	at org.springframework.beans.factory.support.AbstractAutowireCapableBeanFactory.instantiateUsingFactoryMethod(AbstractAutowireCapableBeanFactory.java:1352)
	at org.springframework.beans.factory.support.AbstractAutowireCapableBeanFactory.createBeanInstance(AbstractAutowireCapableBeanFactory.java:1195)
	at org.springframework.beans.factory.support.AbstractAutowireCapableBeanFactory.doCreateBean(AbstractAutowireCapableBeanFactory.java:582)
	at org.springframework.beans.factory.support.AbstractAutowireCapableBeanFactory.createBean(AbstractAutowireCapableBeanFactory.java:542)
	at org.springframework.beans.factory.support.AbstractBeanFactory.lambda$doGetBean$0(AbstractBeanFactory.java:335)
	at org.springframework.beans.factory.support.DefaultSingletonBeanRegistry.getSingleton(DefaultSingletonBeanRegistry.java:234)
	at org.springframework.beans.factory.support.AbstractBeanFactory.doGetBean(AbstractBeanFactory.java:333)
	at org.springframework.beans.factory.support.AbstractBeanFactory.getBean(AbstractBeanFactory.java:208)
	at org.springframework.beans.factory.config.DependencyDescriptor.resolveCandidate(DependencyDescriptor.java:276)
	at org.springframework.beans.factory.support.DefaultListableBeanFactory.doResolveDependency(DefaultListableBeanFactory.java:1391)
	at org.springframework.beans.factory.support.DefaultListableBeanFactory.resolveDependency(DefaultListableBeanFactory.java:1311)
	at org.springframework.beans.factory.support.AbstractAutowireCapableBeanFactory.autowireByType(AbstractAutowireCapableBeanFactory.java:1519)
	... 50 common frames omitted
Caused by: org.springframework.beans.factory.BeanCreationException: Error creating bean with name 'dataSource' defined in class path resource [com/baomidou/dynamic/datasource/spring/boot/autoconfigure/DynamicDataSourceAutoConfiguration.class]: Invocation of init method failed; nested exception is com.baomidou.dynamic.datasource.exception.ErrorCreateDataSourceException: druid create error
	at org.springframework.beans.factory.support.AbstractAutowireCapableBeanFactory.initializeBean(AbstractAutowireCapableBeanFactory.java:1804)
	at org.springframework.beans.factory.support.AbstractAutowireCapableBeanFactory.doCreateBean(AbstractAutowireCapableBeanFactory.java:620)
	at org.springframework.beans.factory.support.AbstractAutowireCapableBeanFactory.createBean(AbstractAutowireCapableBeanFactory.java:542)
	at org.springframework.beans.factory.support.AbstractBeanFactory.lambda$doGetBean$0(AbstractBeanFactory.java:335)
	at org.springframework.beans.factory.support.DefaultSingletonBeanRegistry.getSingleton(DefaultSingletonBeanRegistry.java:234)
	at org.springframework.beans.factory.support.AbstractBeanFactory.doGetBean(AbstractBeanFactory.java:333)
	at org.springframework.beans.factory.support.AbstractBeanFactory.getBean(AbstractBeanFactory.java:208)
	at org.springframework.beans.factory.config.DependencyDescriptor.resolveCandidate(DependencyDescriptor.java:276)
	at org.springframework.beans.factory.support.DefaultListableBeanFactory.doResolveDependency(DefaultListableBeanFactory.java:1391)
	at org.springframework.beans.factory.support.DefaultListableBeanFactory.resolveDependency(DefaultListableBeanFactory.java:1311)
	at org.springframework.beans.factory.support.ConstructorResolver.resolveAutowiredArgument(ConstructorResolver.java:887)
	at org.springframework.beans.factory.support.ConstructorResolver.createArgumentArray(ConstructorResolver.java:791)
	... 63 common frames omitted
Caused by: com.baomidou.dynamic.datasource.exception.ErrorCreateDataSourceException: druid create error
	at com.baomidou.dynamic.datasource.creator.DruidDataSourceCreator.doCreateDataSource(DruidDataSourceCreator.java:87)
	at com.baomidou.dynamic.datasource.creator.AbstractDataSourceCreator.createDataSource(AbstractDataSourceCreator.java:70)
	at com.baomidou.dynamic.datasource.creator.DefaultDataSourceCreator.createDataSource(DefaultDataSourceCreator.java:48)
	at com.baomidou.dynamic.datasource.provider.AbstractDataSourceProvider.createDataSourceMap(AbstractDataSourceProvider.java:47)
	at com.baomidou.dynamic.datasource.provider.YmlDynamicDataSourceProvider.loadDataSources(YmlDynamicDataSourceProvider.java:42)
	at com.baomidou.dynamic.datasource.DynamicRoutingDataSource.afterPropertiesSet(DynamicRoutingDataSource.java:225)
	at org.springframework.beans.factory.support.AbstractAutowireCapableBeanFactory.invokeInitMethods(AbstractAutowireCapableBeanFactory.java:1863)
	at org.springframework.beans.factory.support.AbstractAutowireCapableBeanFactory.initializeBean(AbstractAutowireCapableBeanFactory.java:1800)
	... 74 common frames omitted
Caused by: com.microsoft.sqlserver.jdbc.SQLServerException: The driver could not establish a secure connection to SQL Server by using Secure Sockets Layer (SSL) encryption. Error: "Unexpected rethrowing".
	at com.microsoft.sqlserver.jdbc.SQLServerConnection.terminate(SQLServerConnection.java:2670)
	at com.microsoft.sqlserver.jdbc.TDSChannel.enableSSL(IOBuffer.java:1837)
	at com.microsoft.sqlserver.jdbc.SQLServerConnection.connectHelper(SQLServerConnection.java:2257)
	at com.microsoft.sqlserver.jdbc.SQLServerConnection.login(SQLServerConnection.java:1921)
	at com.microsoft.sqlserver.jdbc.SQLServerConnection.connectInternal(SQLServerConnection.java:1762)
	at com.microsoft.sqlserver.jdbc.SQLServerConnection.connect(SQLServerConnection.java:1077)
	at com.microsoft.sqlserver.jdbc.SQLServerDriver.connect(SQLServerDriver.java:623)
	at com.alibaba.druid.filter.FilterChainImpl.connection_connect(FilterChainImpl.java:156)
	at com.alibaba.druid.filter.FilterAdapter.connection_connect(FilterAdapter.java:787)
	at com.alibaba.druid.filter.FilterEventAdapter.connection_connect(FilterEventAdapter.java:38)
	at com.alibaba.druid.filter.FilterChainImpl.connection_connect(FilterChainImpl.java:150)
	at com.alibaba.druid.filter.FilterAdapter.connection_connect(FilterAdapter.java:787)
	at com.alibaba.druid.filter.FilterChainImpl.connection_connect(FilterChainImpl.java:150)
	at com.alibaba.druid.filter.stat.StatFilter.connection_connect(StatFilter.java:218)
	at com.alibaba.druid.filter.FilterChainImpl.connection_connect(FilterChainImpl.java:150)
	at com.alibaba.druid.pool.DruidAbstractDataSource.createPhysicalConnection(DruidAbstractDataSource.java:1598)
	at com.alibaba.druid.pool.DruidAbstractDataSource.createPhysicalConnection(DruidAbstractDataSource.java:1662)
	at com.alibaba.druid.pool.DruidDataSource.init(DruidDataSource.java:932)
	at com.baomidou.dynamic.datasource.creator.DruidDataSourceCreator.doCreateDataSource(DruidDataSourceCreator.java:85)
	... 81 common frames omitted
Caused by: javax.net.ssl.SSLException: Unexpected rethrowing
	at sun.security.ssl.Alert.createSSLException(Alert.java:127)
	at sun.security.ssl.TransportContext.fatal(TransportContext.java:325)
	at sun.security.ssl.TransportContext.fatal(TransportContext.java:296)
	at sun.security.ssl.TransportContext.fatal(TransportContext.java:291)
	at sun.security.ssl.SSLTransport.decode(SSLTransport.java:141)
	at sun.security.ssl.SSLSocketImpl.decode(SSLSocketImpl.java:1279)
	at sun.security.ssl.SSLSocketImpl.readHandshakeRecord(SSLSocketImpl.java:1188)
	at sun.security.ssl.SSLSocketImpl.startHandshake(SSLSocketImpl.java:401)
	at sun.security.ssl.SSLSocketImpl.startHandshake(SSLSocketImpl.java:373)
	at com.microsoft.sqlserver.jdbc.TDSChannel.enableSSL(IOBuffer.java:1767)
	... 98 common frames omitted
Caused by: java.io.IOException: Read timed out ClientConnectionId:8b02235b-7520-4c81-94c5-a70e2a98b898
	at com.microsoft.sqlserver.jdbc.TDSChannel$SSLHandshakeInputStream.ensureSSLPayload(IOBuffer.java:780)
	at com.microsoft.sqlserver.jdbc.TDSChannel$SSLHandshakeInputStream.readInternal(IOBuffer.java:836)
	at com.microsoft.sqlserver.jdbc.TDSChannel$SSLHandshakeInputStream.read(IOBuffer.java:827)
	at com.microsoft.sqlserver.jdbc.TDSChannel$ProxyInputStream.readInternal(IOBuffer.java:1009)
	at com.microsoft.sqlserver.jdbc.TDSChannel$ProxyInputStream.read(IOBuffer.java:997)
	at sun.security.ssl.SSLSocketInputRecord.read(SSLSocketInputRecord.java:475)
	at sun.security.ssl.SSLSocketInputRecord.readHeader(SSLSocketInputRecord.java:469)
	at sun.security.ssl.SSLSocketInputRecord.decode(SSLSocketInputRecord.java:159)
	at sun.security.ssl.SSLTransport.decode(SSLTransport.java:110)
	... 103 common frames omitted
2026-06-05 10:04:55 [restartedMain] INFO  com.example.demo.DemoApplication - Starting DemoApplication using Java 1.8.0_281 on WIN-20260505BQO with PID 10656 (D:\yh_soft\t763812834_java\code\target\classes started by Administrator in D:\yh_soft\t763812834_java\code)
2026-06-05 10:04:55 [restartedMain] INFO  com.example.demo.DemoApplication - The following 1 profile is active: "dev"
2026-06-05 10:04:55 [restartedMain] INFO  o.s.b.d.e.DevToolsPropertyDefaultsPostProcessor - Devtools property defaults active! Set 'spring.devtools.add-properties' to 'false' to disable
2026-06-05 10:04:55 [restartedMain] INFO  o.s.b.d.e.DevToolsPropertyDefaultsPostProcessor - For additional web related logging consider setting the 'logging.level.web' property to 'DEBUG'
2026-06-05 10:04:57 [restartedMain] INFO  o.s.d.r.c.RepositoryConfigurationDelegate - Multiple Spring Data modules found, entering strict repository configuration mode
2026-06-05 10:04:57 [restartedMain] INFO  o.s.d.r.c.RepositoryConfigurationDelegate - Bootstrapping Spring Data Redis repositories in DEFAULT mode.
2026-06-05 10:04:57 [restartedMain] INFO  o.s.d.r.c.RepositoryConfigurationDelegate - Finished Spring Data repository scanning in 32 ms. Found 0 Redis repository interfaces.
2026-06-05 10:04:58 [restartedMain] INFO  o.s.c.s.PostProcessorRegistrationDelegate$BeanPostProcessorChecker - Bean 'spring.datasource.dynamic-com.baomidou.dynamic.datasource.spring.boot.autoconfigure.DynamicDataSourceProperties' of type [com.baomidou.dynamic.datasource.spring.boot.autoconfigure.DynamicDataSourceProperties] is not eligible for getting processed by all BeanPostProcessors (for example: not eligible for auto-proxying)
2026-06-05 10:04:58 [restartedMain] INFO  o.s.c.s.PostProcessorRegistrationDelegate$BeanPostProcessorChecker - Bean 'com.baomidou.dynamic.datasource.spring.boot.autoconfigure.DynamicDataSourceAutoConfiguration' of type [com.baomidou.dynamic.datasource.spring.boot.autoconfigure.DynamicDataSourceAutoConfiguration$$EnhancerBySpringCGLIB$$eca1823e] is not eligible for getting processed by all BeanPostProcessors (for example: not eligible for auto-proxying)
2026-06-05 10:04:58 [restartedMain] INFO  o.s.c.s.PostProcessorRegistrationDelegate$BeanPostProcessorChecker - Bean 'dsProcessor' of type [com.baomidou.dynamic.datasource.processor.DsHeaderProcessor] is not eligible for getting processed by all BeanPostProcessors (for example: not eligible for auto-proxying)
2026-06-05 10:04:59 [restartedMain] INFO  o.s.b.w.e.tomcat.TomcatWebServer - Tomcat initialized with port(s): 9095 (http)
2026-06-05 10:04:59 [restartedMain] INFO  o.a.catalina.core.StandardService - Starting service [Tomcat]
2026-06-05 10:04:59 [restartedMain] INFO  o.a.catalina.core.StandardEngine - Starting Servlet engine: [Apache Tomcat/9.0.65]
2026-06-05 10:04:59 [restartedMain] INFO  o.a.c.c.C.[Tomcat].[localhost].[/] - Initializing Spring embedded WebApplicationContext
2026-06-05 10:04:59 [restartedMain] INFO  o.s.b.w.s.c.ServletWebServerApplicationContext - Root WebApplicationContext: initialization completed in 3506 ms
2026-06-05 10:05:04 [restartedMain] INFO  c.b.d.d.DynamicRoutingDataSource - dynamic-datasource - add a datasource named [druid] success
2026-06-05 10:05:04 [restartedMain] INFO  c.b.d.d.DynamicRoutingDataSource - dynamic-datasource - add a datasource named [softtime] success
2026-06-05 10:05:04 [restartedMain] INFO  c.b.d.d.DynamicRoutingDataSource - dynamic-datasource initial loaded [2] datasource,primary datasource named [druid]
2026-06-05 10:05:06 [restartedMain] WARN  c.b.m.core.injector.AbstractMethod - [com.example.demo.mapper.CgmxMapper.insert] Has been loaded by XML or SqlProvider or Mybatis's Annotation, so ignoring this injection for [class com.baomidou.mybatisplus.core.injector.methods.Insert]
2026-06-05 10:05:06 [restartedMain] WARN  c.b.m.core.injector.AbstractMethod - [com.example.demo.mapper.CgmxMapper.deleteById] Has been loaded by XML or SqlProvider or Mybatis's Annotation, so ignoring this injection for [class com.baomidou.mybatisplus.core.injector.methods.DeleteById]
2026-06-05 10:05:06 [restartedMain] WARN  c.b.m.core.injector.AbstractMethod - [com.example.demo.mapper.CgmxMapper.update] Has been loaded by XML or SqlProvider or Mybatis's Annotation, so ignoring this injection for [class com.baomidou.mybatisplus.core.injector.methods.Update]
2026-06-05 10:05:07 [restartedMain] WARN  c.b.m.core.injector.AbstractMethod - [com.example.demo.mapper.XdmxMapper.insert] Has been loaded by XML or SqlProvider or Mybatis's Annotation, so ignoring this injection for [class com.baomidou.mybatisplus.core.injector.methods.Insert]
2026-06-05 10:05:07 [restartedMain] WARN  c.b.m.core.injector.AbstractMethod - [com.example.demo.mapper.XdmxMapper.deleteById] Has been loaded by XML or SqlProvider or Mybatis's Annotation, so ignoring this injection for [class com.baomidou.mybatisplus.core.injector.methods.DeleteById]
2026-06-05 10:05:07 [restartedMain] WARN  c.b.m.core.injector.AbstractMethod - [com.example.demo.mapper.XdmxMapper.update] Has been loaded by XML or SqlProvider or Mybatis's Annotation, so ignoring this injection for [class com.baomidou.mybatisplus.core.injector.methods.Update]
2026-06-05 10:05:07 [restartedMain] WARN  c.b.m.core.injector.AbstractMethod - [com.example.demo.mapper.PzbMapper.update] Has been loaded by XML or SqlProvider or Mybatis's Annotation, so ignoring this injection for [class com.baomidou.mybatisplus.core.injector.methods.Update]
2026-06-05 10:05:08 [restartedMain] WARN  c.b.m.core.metadata.TableInfoHelper - Can not find table primary key in Class: "com.example.demo.entity.Power".
2026-06-05 10:05:08 [restartedMain] WARN  c.b.m.core.injector.AbstractMethod - [com.example.demo.mapper.ScgdMapper.insert] Has been loaded by XML or SqlProvider or Mybatis's Annotation, so ignoring this injection for [class com.baomidou.mybatisplus.core.injector.methods.Insert]
2026-06-05 10:05:08 [restartedMain] WARN  c.b.m.core.injector.AbstractMethod - [com.example.demo.mapper.ScgdMapper.deleteById] Has been loaded by XML or SqlProvider or Mybatis's Annotation, so ignoring this injection for [class com.baomidou.mybatisplus.core.injector.methods.DeleteById]
2026-06-05 10:05:08 [restartedMain] WARN  c.b.m.core.injector.AbstractMethod - [com.example.demo.mapper.ScgdMapper.update] Has been loaded by XML or SqlProvider or Mybatis's Annotation, so ignoring this injection for [class com.baomidou.mybatisplus.core.injector.methods.Update]
2026-06-05 10:05:09 [restartedMain] INFO  o.s.b.a.w.s.WelcomePageHandlerMapping - Adding welcome page: class path resource [templates/index.html]
2026-06-05 10:05:10 [restartedMain] INFO  o.s.b.d.a.OptionalLiveReloadServer - LiveReload server is running on port 35729
2026-06-05 10:05:10 [restartedMain] INFO  o.s.b.w.e.tomcat.TomcatWebServer - Tomcat started on port(s): 9095 (http) with context path ''
2026-06-05 10:05:10 [restartedMain] INFO  com.example.demo.DemoApplication - Started DemoApplication in 16.487 seconds (JVM running for 19.272)
2026-06-05 10:05:29 [http-nio-9095-exec-2] INFO  o.a.tomcat.util.http.parser.Cookie - A cookie header was received [__session:0.5312382128745498:=http:] that contained an invalid cookie. That cookie will be ignored.
 Note: further occurrences of this error will be logged at DEBUG level.
2026-06-05 10:05:29 [http-nio-9095-exec-2] INFO  o.a.c.c.C.[Tomcat].[localhost].[/] - Initializing Spring DispatcherServlet 'dispatcherServlet'
2026-06-05 10:05:29 [http-nio-9095-exec-2] INFO  o.s.web.servlet.DispatcherServlet - Initializing Servlet 'dispatcherServlet'
2026-06-05 10:05:29 [http-nio-9095-exec-2] INFO  o.s.web.servlet.DispatcherServlet - Completed initialization in 5 ms
2026-06-05 10:06:11 [http-nio-9095-exec-1] INFO  c.e.demo.controller.DyshdController - 返回结果: data大小=77
2026-06-05 10:06:50 [http-nio-9095-exec-6] INFO  c.e.demo.controller.CaigouController - 返回结果: data大小=17
2026-06-05 10:07:41 [http-nio-9095-exec-9] INFO  c.e.demo.controller.DzdjlController - 分页信息: 第1页/共15页, 每页20条/共281条
2026-06-05 10:07:41 [http-nio-9095-exec-9] INFO  c.e.demo.controller.DzdjlController - 查询到 20 条记录:
2026-06-05 10:07:41 [http-nio-9095-exec-9] INFO  c.e.demo.controller.DzdjlController - 记录 1: {khmc="安庆科迎自动化科技有限公司", yifu=4242.00, lxr="何雷", dzscwj=null, sfkp="未开票", duizhangdanhao="DZGXDD0120260527", kpsj="", wf=2940.00, duizhangriqi="2026-05-27", ddrq="2026/04/14", rn=1, yfsj=7182.00, pdf_file_name="http://yhocn.cn:9088/t763812834_java_sharepic/GXDD...", fzr="董伟辰", dzzt=null}
2026-06-05 10:07:41 [http-nio-9095-exec-9] INFO  c.e.demo.controller.DzdjlController - 记录 2: {khmc="安晟美自动化设备（苏州）有限公司", yifu=70.00, lxr="余总", dzscwj=null, sfkp="未开票", duizhangdanhao="DZGXDD0120260527", kpsj="", wf=0.00, duizhangriqi="2026-05-27", ddrq="2026/04/20", rn=2, yfsj=70.00, pdf_file_name=null, fzr="陶海鑫", dzzt="2026-05-27"}
2026-06-05 10:07:41 [http-nio-9095-exec-9] INFO  c.e.demo.controller.DzdjlController - 记录 3: {khmc="安徽铭毅景图智能制造有限责任公司", yifu=0.00, lxr="谢小姐", dzscwj=null, sfkp="未开票", duizhangdanhao="DZGXDD0120260522", kpsj="", wf=3453.00, duizhangriqi="2026-05-22", ddrq="2026/05/07", rn=3, yfsj=3453.00, pdf_file_name="http://yhocn.cn:9088/t763812834_java_sharepic/GXDD...", fzr="钱晓斌", dzzt=null}
2026-06-05 10:07:41 [http-nio-9095-exec-9] INFO  c.e.demo.controller.DzdjlController - 记录 4: {khmc="湖南南方机床有限公司", yifu=0.00, lxr="裴孝顺", dzscwj="http://yhocn.cn:9088/t763812834_java_sharepic/DZGX...", sfkp="已开票", duizhangdanhao="DZGXDD012026050701", kpsj="2026-05-07 17:20:14", wf=142282.00, duizhangriqi="2026-05-07", ddrq="2026/04/16", rn=4, yfsj=142282.00, pdf_file_name="http://yhocn.cn:9088/t763812834_java_sharepic/SRMD...", fzr="钱晓斌", dzzt=null}
2026-06-05 10:07:41 [http-nio-9095-exec-9] INFO  c.e.demo.controller.DzdjlController - 记录 5: {khmc="昆山润志科自动化设备有限公司", yifu=0.00, lxr="沈总", dzscwj="http://yhocn.cn:9088/t763812834_java_sharepic/DZGX...", sfkp="已开票", duizhangdanhao="DZGXDD012026043001", kpsj="2026-04-30 08:57:56", wf=26169.00, duizhangriqi="2026-04-30", ddrq="2026/04/16", rn=5, yfsj=26169.00, pdf_file_name=null, fzr="崔玉泽", dzzt=null}
2026-06-05 10:07:41 [http-nio-9095-exec-9] INFO  c.e.demo.controller.DzdjlController - 记录 6: {khmc="昆山埃森自动化技术有限公司", yifu=362.00, lxr="王跃金", dzscwj="http://yhocn.cn:9088/t763812834_java_sharepic/DZGX...", sfkp="已开票", duizhangdanhao="DZGXDD012026042901", kpsj="2026-04-29 14:56:38", wf=0.00, duizhangriqi="2026-04-29", ddrq="2026/04/22", rn=6, yfsj=362.00, pdf_file_name="http://yhocn.cn:9088/t763812834_java_sharepic/GXDD...", fzr="崔玉泽", dzzt=null}
2026-06-05 10:07:41 [http-nio-9095-exec-9] INFO  c.e.demo.controller.DzdjlController - 记录 7: {khmc="奥茵绅智能装备（苏州）有限公司", yifu=0.00, lxr="吕汉东", dzscwj="http://yhocn.cn:9088/t763812834_java_sharepic/DZGX...", sfkp="已开票", duizhangdanhao="DZGXDD012026042807", kpsj="2026-04-28 10:08:50", wf=4004.00, duizhangriqi="2026-04-28", ddrq="2026/04/09", rn=7, yfsj=4004.00, pdf_file_name="http://yhocn.cn:9088/t763812834_java_sharepic/GXDD...", fzr="陶海鑫", dzzt=null}
2026-06-05 10:07:41 [http-nio-9095-exec-9] INFO  c.e.demo.controller.DzdjlController - 记录 8: {khmc="江苏港星方能超声洗净科技有限公司", yifu=0.00, lxr="吴小姐", dzscwj="http://yhocn.cn:9088/t763812834_java_sharepic/DZGX...", sfkp="已开票", duizhangdanhao="DZGXDD012026042811", kpsj="2026-04-28 16:05:28", wf=10849.00, duizhangriqi="2026-04-28", ddrq="2026/04/07", rn=8, yfsj=10849.00, pdf_file_name="http://yhocn.cn:9088/t763812834_java_sharepic/GXDD...", fzr="董伟辰", dzzt=null}
2026-06-05 10:07:41 [http-nio-9095-exec-9] INFO  c.e.demo.controller.DzdjlController - 记录 9: {khmc="江苏洛银传动科技有限公司", yifu=1470.00, lxr="墨伟超", dzscwj="http://yhocn.cn:9088/t763812834_java_sharepic/DZGX...", sfkp="已开票", duizhangdanhao="DZGXDD012026042801", kpsj="2026-04-28 10:08:50", wf=0.00, duizhangriqi="2026-04-28", ddrq="2026/04/23", rn=9, yfsj=1470.00, pdf_file_name="http://yhocn.cn:9088/t763812834_java_sharepic/GXDD...", fzr="钱晓斌", dzzt=null}
2026-06-05 10:07:41 [http-nio-9095-exec-9] INFO  c.e.demo.controller.DzdjlController - 记录 10: {khmc="苏州博鲁克机器人系统工程有限公司", yifu=0.00, lxr="张兰", dzscwj="http://yhocn.cn:9088/t763812834_java_sharepic/DZGX...", sfkp="已开票", duizhangdanhao="DZGXDD012026042808", kpsj="2026-04-28 10:08:50", wf=10800.00, duizhangriqi="2026-04-28", ddrq="2026/03/19", rn=10, yfsj=10800.00, pdf_file_name="http://yhocn.cn:9088/t763812834_java_sharepic/BRC-...", fzr="陶海鑫", dzzt=null}
2026-06-05 10:07:41 [http-nio-9095-exec-9] INFO  c.e.demo.controller.DzdjlController - 记录 11: {khmc="维在德自动化科技（苏州）有限公司", yifu=10200.00, lxr="齐浩", dzscwj="http://yhocn.cn:9088/t763812834_java_sharepic/DZGX...", sfkp="已开票", duizhangdanhao="DZGXDD012026042810", kpsj="2026-04-28 15:37:29", wf=0.00, duizhangriqi="2026-04-28", ddrq="2026/04/18", rn=11, yfsj=10200.00, pdf_file_name=null, fzr="陶海鑫", dzzt=null}
2026-06-05 10:07:41 [http-nio-9095-exec-9] INFO  c.e.demo.controller.DzdjlController - 记录 12: {khmc="中设智能装备（苏州）有限公司", yifu=0.00, lxr="曹静", dzscwj="http://yhocn.cn:9088/t763812834_java_sharepic/DZGX...", sfkp="已开票", duizhangdanhao="DZGXDD012026042802", kpsj="2026-04-28 10:08:50", wf=50.00, duizhangriqi="2026-04-28", ddrq="2026/03/17", rn=12, yfsj=50.00, pdf_file_name="http://yhocn.cn:9088/t763812834_java_sharepic/GXDD...", fzr="陶海鑫", dzzt=null}
2026-06-05 10:07:41 [http-nio-9095-exec-9] INFO  c.e.demo.controller.DzdjlController - 记录 13: {khmc="中设智能装备（苏州）有限公司", yifu=0.00, lxr="曹静", dzscwj="http://yhocn.cn:9088/t763812834_java_sharepic/DZGX...", sfkp="已开票", duizhangdanhao="DZGXDD012026042803", kpsj="2026-04-28 10:08:50", wf=944.00, duizhangriqi="2026-04-28", ddrq="2026/03/19", rn=13, yfsj=944.00, pdf_file_name="http://yhocn.cn:9088/t763812834_java_sharepic/ZS20...", fzr="陶海鑫", dzzt=null}
2026-06-05 10:07:41 [http-nio-9095-exec-9] INFO  c.e.demo.controller.DzdjlController - 记录 14: {khmc="中设智能装备（苏州）有限公司", yifu=0.00, lxr="曹静", dzscwj="http://yhocn.cn:9088/t763812834_java_sharepic/DZGX...", sfkp="已开票", duizhangdanhao="DZGXDD012026042804", kpsj="2026-04-28 10:08:50", wf=317.00, duizhangriqi="2026-04-28", ddrq="2026/04/07", rn=14, yfsj=317.00, pdf_file_name="http://yhocn.cn:9088/t763812834_java_sharepic/GXDD...", fzr="陶海鑫", dzzt=null}
2026-06-05 10:07:41 [http-nio-9095-exec-9] INFO  c.e.demo.controller.DzdjlController - 记录 15: {khmc="中设智能装备（苏州）有限公司", yifu=0.00, lxr="曹静", dzscwj="http://yhocn.cn:9088/t763812834_java_sharepic/DZGX...", sfkp="已开票", duizhangdanhao="DZGXDD012026042805", kpsj="2026-04-28 10:08:50", wf=15978.00, duizhangriqi="2026-04-28", ddrq="2026/04/09", rn=15, yfsj=15978.00, pdf_file_name="http://yhocn.cn:9088/t763812834_java_sharepic/GXDD...", fzr="陶海鑫", dzzt=null}
2026-06-05 10:07:41 [http-nio-9095-exec-9] INFO  c.e.demo.controller.DzdjlController - 记录 16: {khmc="中设智能装备（苏州）有限公司", yifu=0.00, lxr="曹静", dzscwj="http://yhocn.cn:9088/t763812834_java_sharepic/DZGX...", sfkp="已开票", duizhangdanhao="DZGXDD012026042806", kpsj="2026-04-28 10:08:50", wf=3090.00, duizhangriqi="2026-04-28", ddrq="2026/04/13", rn=16, yfsj=3090.00, pdf_file_name="http://yhocn.cn:9088/t763812834_java_sharepic/GXDD...", fzr="陶海鑫", dzzt=null}
2026-06-05 10:07:41 [http-nio-9095-exec-9] INFO  c.e.demo.controller.DzdjlController - 记录 17: {khmc="江苏泰莱传动技术有限公司", yifu=0.00, lxr="周云", dzscwj="http://yhocn.cn:9088/t763812834_java_sharepic/DZGX...", sfkp="已开票", duizhangdanhao="DZGXDD012026042703", kpsj="2026-04-27 10:00:14", wf=38183.00, duizhangriqi="2026-04-27", ddrq="2026/04/20", rn=17, yfsj=38183.00, pdf_file_name="http://yhocn.cn:9088/t763812834_java_sharepic/P260...", fzr="陶海鑫", dzzt=null}
2026-06-05 10:07:41 [http-nio-9095-exec-9] INFO  c.e.demo.controller.DzdjlController - 记录 18: {khmc="江苏泰莱传动科技有限公司", yifu=0.00, lxr="周云", dzscwj="http://yhocn.cn:9088/t763812834_java_sharepic/DZGX...", sfkp="已开票", duizhangdanhao="DZGXDD012026042702", kpsj="2026-04-27 10:00:14", wf=5082.00, duizhangriqi="2026-04-27", ddrq="2026/03/20", rn=18, yfsj=5082.00, pdf_file_name="http://yhocn.cn:9088/t763812834_java_sharepic/P260...", fzr="陶海鑫", dzzt=null}
2026-06-05 10:07:41 [http-nio-9095-exec-9] INFO  c.e.demo.controller.DzdjlController - 记录 19: {khmc="苏州华恩远自动化设备有限公司", yifu=0.00, lxr="张苑", dzscwj="http://yhocn.cn:9088/t763812834_java_sharepic/DZGX...", sfkp="已开票", duizhangdanhao="DZGXDD012026042701", kpsj="2026-04-27 10:00:14", wf=40830.00, duizhangriqi="2026-04-27", ddrq="2026/04/17", rn=19, yfsj=40830.00, pdf_file_name="http://yhocn.cn:9088/t763812834_java_sharepic/GXDD...", fzr="钱晓斌", dzzt=null}
2026-06-05 10:07:41 [http-nio-9095-exec-9] INFO  c.e.demo.controller.DzdjlController - 记录 20: {khmc="霸导自动化设备（无锡）有限公司", yifu=54480.00, lxr="王俊", dzscwj="http://yhocn.cn:9088/t763812834_java_sharepic/DZGX...", sfkp="已开票", duizhangdanhao="DZGXDD012026042401", kpsj="2026-04-24 11:13:44", wf=0.00, duizhangriqi="2026-04-24", ddrq="2026/03/31", rn=20, yfsj=54480.00, pdf_file_name="http://yhocn.cn:9088/t763812834_java_sharepic/GXDD...", fzr="董伟辰", dzzt=null}
2026-06-05 10:07:58 [http-nio-9095-exec-7] INFO  c.e.demo.controller.DyshdController - 返回结果: data大小=77
2026-06-05 10:08:15 [http-nio-9095-exec-6] INFO  c.e.demo.service.impl.DyshdImpl - 接收到的ddh参数值: MT20260415-6A-02
2026-06-05 10:12:30 [restartedMain] INFO  com.example.demo.DemoApplication - Starting DemoApplication using Java 1.8.0_281 on WIN-20260505BQO with PID 2356 (D:\yh_soft\t763812834_java\code\target\classes started by Administrator in D:\yh_soft\t763812834_java\code)
2026-06-05 10:12:30 [restartedMain] INFO  com.example.demo.DemoApplication - The following 1 profile is active: "dev"
2026-06-05 10:12:30 [restartedMain] INFO  o.s.b.d.e.DevToolsPropertyDefaultsPostProcessor - Devtools property defaults active! Set 'spring.devtools.add-properties' to 'false' to disable
2026-06-05 10:12:30 [restartedMain] INFO  o.s.b.d.e.DevToolsPropertyDefaultsPostProcessor - For additional web related logging consider setting the 'logging.level.web' property to 'DEBUG'
2026-06-05 10:12:32 [restartedMain] INFO  o.s.d.r.c.RepositoryConfigurationDelegate - Multiple Spring Data modules found, entering strict repository configuration mode
2026-06-05 10:12:32 [restartedMain] INFO  o.s.d.r.c.RepositoryConfigurationDelegate - Bootstrapping Spring Data Redis repositories in DEFAULT mode.
2026-06-05 10:12:32 [restartedMain] INFO  o.s.d.r.c.RepositoryConfigurationDelegate - Finished Spring Data repository scanning in 37 ms. Found 0 Redis repository interfaces.
2026-06-05 10:12:33 [restartedMain] INFO  o.s.c.s.PostProcessorRegistrationDelegate$BeanPostProcessorChecker - Bean 'spring.datasource.dynamic-com.baomidou.dynamic.datasource.spring.boot.autoconfigure.DynamicDataSourceProperties' of type [com.baomidou.dynamic.datasource.spring.boot.autoconfigure.DynamicDataSourceProperties] is not eligible for getting processed by all BeanPostProcessors (for example: not eligible for auto-proxying)
2026-06-05 10:12:33 [restartedMain] INFO  o.s.c.s.PostProcessorRegistrationDelegate$BeanPostProcessorChecker - Bean 'com.baomidou.dynamic.datasource.spring.boot.autoconfigure.DynamicDataSourceAutoConfiguration' of type [com.baomidou.dynamic.datasource.spring.boot.autoconfigure.DynamicDataSourceAutoConfiguration$$EnhancerBySpringCGLIB$$cd7857b0] is not eligible for getting processed by all BeanPostProcessors (for example: not eligible for auto-proxying)
2026-06-05 10:12:33 [restartedMain] INFO  o.s.c.s.PostProcessorRegistrationDelegate$BeanPostProcessorChecker - Bean 'dsProcessor' of type [com.baomidou.dynamic.datasource.processor.DsHeaderProcessor] is not eligible for getting processed by all BeanPostProcessors (for example: not eligible for auto-proxying)
2026-06-05 10:12:33 [restartedMain] INFO  o.s.b.w.e.tomcat.TomcatWebServer - Tomcat initialized with port(s): 9095 (http)
2026-06-05 10:12:33 [restartedMain] INFO  o.a.catalina.core.StandardService - Starting service [Tomcat]
2026-06-05 10:12:33 [restartedMain] INFO  o.a.catalina.core.StandardEngine - Starting Servlet engine: [Apache Tomcat/9.0.65]
2026-06-05 10:12:33 [restartedMain] INFO  o.a.c.c.C.[Tomcat].[localhost].[/] - Initializing Spring embedded WebApplicationContext
2026-06-05 10:12:33 [restartedMain] INFO  o.s.b.w.s.c.ServletWebServerApplicationContext - Root WebApplicationContext: initialization completed in 3136 ms
2026-06-05 10:12:38 [restartedMain] INFO  c.b.d.d.DynamicRoutingDataSource - dynamic-datasource - add a datasource named [druid] success
2026-06-05 10:12:38 [restartedMain] INFO  c.b.d.d.DynamicRoutingDataSource - dynamic-datasource - add a datasource named [softtime] success
2026-06-05 10:12:38 [restartedMain] INFO  c.b.d.d.DynamicRoutingDataSource - dynamic-datasource initial loaded [2] datasource,primary datasource named [druid]
2026-06-05 10:12:40 [restartedMain] WARN  c.b.m.core.injector.AbstractMethod - [com.example.demo.mapper.CgmxMapper.insert] Has been loaded by XML or SqlProvider or Mybatis's Annotation, so ignoring this injection for [class com.baomidou.mybatisplus.core.injector.methods.Insert]
2026-06-05 10:12:40 [restartedMain] WARN  c.b.m.core.injector.AbstractMethod - [com.example.demo.mapper.CgmxMapper.deleteById] Has been loaded by XML or SqlProvider or Mybatis's Annotation, so ignoring this injection for [class com.baomidou.mybatisplus.core.injector.methods.DeleteById]
2026-06-05 10:12:40 [restartedMain] WARN  c.b.m.core.injector.AbstractMethod - [com.example.demo.mapper.CgmxMapper.update] Has been loaded by XML or SqlProvider or Mybatis's Annotation, so ignoring this injection for [class com.baomidou.mybatisplus.core.injector.methods.Update]
2026-06-05 10:12:40 [restartedMain] WARN  c.b.m.core.injector.AbstractMethod - [com.example.demo.mapper.XdmxMapper.insert] Has been loaded by XML or SqlProvider or Mybatis's Annotation, so ignoring this injection for [class com.baomidou.mybatisplus.core.injector.methods.Insert]
2026-06-05 10:12:40 [restartedMain] WARN  c.b.m.core.injector.AbstractMethod - [com.example.demo.mapper.XdmxMapper.deleteById] Has been loaded by XML or SqlProvider or Mybatis's Annotation, so ignoring this injection for [class com.baomidou.mybatisplus.core.injector.methods.DeleteById]
2026-06-05 10:12:40 [restartedMain] WARN  c.b.m.core.injector.AbstractMethod - [com.example.demo.mapper.XdmxMapper.update] Has been loaded by XML or SqlProvider or Mybatis's Annotation, so ignoring this injection for [class com.baomidou.mybatisplus.core.injector.methods.Update]
2026-06-05 10:12:40 [restartedMain] WARN  c.b.m.core.injector.AbstractMethod - [com.example.demo.mapper.PzbMapper.update] Has been loaded by XML or SqlProvider or Mybatis's Annotation, so ignoring this injection for [class com.baomidou.mybatisplus.core.injector.methods.Update]
2026-06-05 10:12:41 [restartedMain] WARN  c.b.m.core.metadata.TableInfoHelper - Can not find table primary key in Class: "com.example.demo.entity.Power".
2026-06-05 10:12:41 [restartedMain] WARN  c.b.m.core.injector.AbstractMethod - [com.example.demo.mapper.ScgdMapper.insert] Has been loaded by XML or SqlProvider or Mybatis's Annotation, so ignoring this injection for [class com.baomidou.mybatisplus.core.injector.methods.Insert]
2026-06-05 10:12:41 [restartedMain] WARN  c.b.m.core.injector.AbstractMethod - [com.example.demo.mapper.ScgdMapper.deleteById] Has been loaded by XML or SqlProvider or Mybatis's Annotation, so ignoring this injection for [class com.baomidou.mybatisplus.core.injector.methods.DeleteById]
2026-06-05 10:12:41 [restartedMain] WARN  c.b.m.core.injector.AbstractMethod - [com.example.demo.mapper.ScgdMapper.update] Has been loaded by XML or SqlProvider or Mybatis's Annotation, so ignoring this injection for [class com.baomidou.mybatisplus.core.injector.methods.Update]
2026-06-05 10:12:41 [restartedMain] INFO  o.s.b.a.w.s.WelcomePageHandlerMapping - Adding welcome page: class path resource [templates/index.html]
2026-06-05 10:12:42 [restartedMain] INFO  o.s.b.d.a.OptionalLiveReloadServer - LiveReload server is running on port 35729
2026-06-05 10:12:42 [restartedMain] INFO  o.s.b.w.e.tomcat.TomcatWebServer - Tomcat started on port(s): 9095 (http) with context path ''
2026-06-05 10:12:42 [restartedMain] INFO  com.example.demo.DemoApplication - Started DemoApplication in 13.498 seconds (JVM running for 16.196)
2026-06-05 10:12:53 [http-nio-9095-exec-1] INFO  o.a.c.c.C.[Tomcat].[localhost].[/] - Initializing Spring DispatcherServlet 'dispatcherServlet'
2026-06-05 10:12:53 [http-nio-9095-exec-1] INFO  o.s.web.servlet.DispatcherServlet - Initializing Servlet 'dispatcherServlet'
2026-06-05 10:12:53 [http-nio-9095-exec-1] INFO  o.s.web.servlet.DispatcherServlet - Completed initialization in 4 ms
2026-06-05 10:13:00 [http-nio-9095-exec-2] INFO  o.a.tomcat.util.http.parser.Cookie - A cookie header was received [__session:0.5312382128745498:=http:;] that contained an invalid cookie. That cookie will be ignored.
 Note: further occurrences of this error will be logged at DEBUG level.
2026-06-05 10:15:33 [restartedMain] INFO  com.example.demo.DemoApplication - Starting DemoApplication using Java 1.8.0_281 on WIN-20260505BQO with PID 5324 (D:\yh_soft\t763812834_java\code\target\classes started by Administrator in D:\yh_soft\t763812834_java\code)
2026-06-05 10:15:33 [restartedMain] INFO  com.example.demo.DemoApplication - The following 1 profile is active: "dev"
2026-06-05 10:15:33 [restartedMain] INFO  o.s.b.d.e.DevToolsPropertyDefaultsPostProcessor - Devtools property defaults active! Set 'spring.devtools.add-properties' to 'false' to disable
2026-06-05 10:15:33 [restartedMain] INFO  o.s.b.d.e.DevToolsPropertyDefaultsPostProcessor - For additional web related logging consider setting the 'logging.level.web' property to 'DEBUG'
2026-06-05 10:15:35 [restartedMain] INFO  o.s.d.r.c.RepositoryConfigurationDelegate - Multiple Spring Data modules found, entering strict repository configuration mode
2026-06-05 10:15:35 [restartedMain] INFO  o.s.d.r.c.RepositoryConfigurationDelegate - Bootstrapping Spring Data Redis repositories in DEFAULT mode.
2026-06-05 10:15:35 [restartedMain] INFO  o.s.d.r.c.RepositoryConfigurationDelegate - Finished Spring Data repository scanning in 31 ms. Found 0 Redis repository interfaces.
2026-06-05 10:15:36 [restartedMain] INFO  o.s.c.s.PostProcessorRegistrationDelegate$BeanPostProcessorChecker - Bean 'spring.datasource.dynamic-com.baomidou.dynamic.datasource.spring.boot.autoconfigure.DynamicDataSourceProperties' of type [com.baomidou.dynamic.datasource.spring.boot.autoconfigure.DynamicDataSourceProperties] is not eligible for getting processed by all BeanPostProcessors (for example: not eligible for auto-proxying)
2026-06-05 10:15:36 [restartedMain] INFO  o.s.c.s.PostProcessorRegistrationDelegate$BeanPostProcessorChecker - Bean 'com.baomidou.dynamic.datasource.spring.boot.autoconfigure.DynamicDataSourceAutoConfiguration' of type [com.baomidou.dynamic.datasource.spring.boot.autoconfigure.DynamicDataSourceAutoConfiguration$$EnhancerBySpringCGLIB$$51259c4d] is not eligible for getting processed by all BeanPostProcessors (for example: not eligible for auto-proxying)
2026-06-05 10:15:36 [restartedMain] INFO  o.s.c.s.PostProcessorRegistrationDelegate$BeanPostProcessorChecker - Bean 'dsProcessor' of type [com.baomidou.dynamic.datasource.processor.DsHeaderProcessor] is not eligible for getting processed by all BeanPostProcessors (for example: not eligible for auto-proxying)
2026-06-05 10:15:36 [restartedMain] INFO  o.s.b.w.e.tomcat.TomcatWebServer - Tomcat initialized with port(s): 9095 (http)
2026-06-05 10:15:36 [restartedMain] INFO  o.a.catalina.core.StandardService - Starting service [Tomcat]
2026-06-05 10:15:36 [restartedMain] INFO  o.a.catalina.core.StandardEngine - Starting Servlet engine: [Apache Tomcat/9.0.65]
2026-06-05 10:15:37 [restartedMain] INFO  o.a.c.c.C.[Tomcat].[localhost].[/] - Initializing Spring embedded WebApplicationContext
2026-06-05 10:15:37 [restartedMain] INFO  o.s.b.w.s.c.ServletWebServerApplicationContext - Root WebApplicationContext: initialization completed in 3081 ms
2026-06-05 10:15:41 [restartedMain] INFO  c.b.d.d.DynamicRoutingDataSource - dynamic-datasource - add a datasource named [druid] success
2026-06-05 10:15:41 [restartedMain] INFO  c.b.d.d.DynamicRoutingDataSource - dynamic-datasource - add a datasource named [softtime] success
2026-06-05 10:15:41 [restartedMain] INFO  c.b.d.d.DynamicRoutingDataSource - dynamic-datasource initial loaded [2] datasource,primary datasource named [druid]
2026-06-05 10:15:43 [restartedMain] WARN  c.b.m.core.injector.AbstractMethod - [com.example.demo.mapper.CgmxMapper.insert] Has been loaded by XML or SqlProvider or Mybatis's Annotation, so ignoring this injection for [class com.baomidou.mybatisplus.core.injector.methods.Insert]
2026-06-05 10:15:43 [restartedMain] WARN  c.b.m.core.injector.AbstractMethod - [com.example.demo.mapper.CgmxMapper.deleteById] Has been loaded by XML or SqlProvider or Mybatis's Annotation, so ignoring this injection for [class com.baomidou.mybatisplus.core.injector.methods.DeleteById]
2026-06-05 10:15:43 [restartedMain] WARN  c.b.m.core.injector.AbstractMethod - [com.example.demo.mapper.CgmxMapper.update] Has been loaded by XML or SqlProvider or Mybatis's Annotation, so ignoring this injection for [class com.baomidou.mybatisplus.core.injector.methods.Update]
2026-06-05 10:15:43 [restartedMain] WARN  c.b.m.core.injector.AbstractMethod - [com.example.demo.mapper.XdmxMapper.insert] Has been loaded by XML or SqlProvider or Mybatis's Annotation, so ignoring this injection for [class com.baomidou.mybatisplus.core.injector.methods.Insert]
2026-06-05 10:15:43 [restartedMain] WARN  c.b.m.core.injector.AbstractMethod - [com.example.demo.mapper.XdmxMapper.deleteById] Has been loaded by XML or SqlProvider or Mybatis's Annotation, so ignoring this injection for [class com.baomidou.mybatisplus.core.injector.methods.DeleteById]
2026-06-05 10:15:43 [restartedMain] WARN  c.b.m.core.injector.AbstractMethod - [com.example.demo.mapper.XdmxMapper.update] Has been loaded by XML or SqlProvider or Mybatis's Annotation, so ignoring this injection for [class com.baomidou.mybatisplus.core.injector.methods.Update]
2026-06-05 10:15:43 [restartedMain] WARN  c.b.m.core.injector.AbstractMethod - [com.example.demo.mapper.PzbMapper.update] Has been loaded by XML or SqlProvider or Mybatis's Annotation, so ignoring this injection for [class com.baomidou.mybatisplus.core.injector.methods.Update]
2026-06-05 10:15:44 [restartedMain] WARN  c.b.m.core.metadata.TableInfoHelper - Can not find table primary key in Class: "com.example.demo.entity.Power".
2026-06-05 10:15:44 [restartedMain] WARN  c.b.m.core.injector.AbstractMethod - [com.example.demo.mapper.ScgdMapper.insert] Has been loaded by XML or SqlProvider or Mybatis's Annotation, so ignoring this injection for [class com.baomidou.mybatisplus.core.injector.methods.Insert]
2026-06-05 10:15:44 [restartedMain] WARN  c.b.m.core.injector.AbstractMethod - [com.example.demo.mapper.ScgdMapper.deleteById] Has been loaded by XML or SqlProvider or Mybatis's Annotation, so ignoring this injection for [class com.baomidou.mybatisplus.core.injector.methods.DeleteById]
2026-06-05 10:15:44 [restartedMain] WARN  c.b.m.core.injector.AbstractMethod - [com.example.demo.mapper.ScgdMapper.update] Has been loaded by XML or SqlProvider or Mybatis's Annotation, so ignoring this injection for [class com.baomidou.mybatisplus.core.injector.methods.Update]
2026-06-05 10:15:45 [restartedMain] INFO  o.s.b.a.w.s.WelcomePageHandlerMapping - Adding welcome page: class path resource [templates/index.html]
2026-06-05 10:15:45 [restartedMain] INFO  o.s.b.d.a.OptionalLiveReloadServer - LiveReload server is running on port 35729
2026-06-05 10:15:45 [restartedMain] INFO  o.s.b.w.e.tomcat.TomcatWebServer - Tomcat started on port(s): 9095 (http) with context path ''
2026-06-05 10:15:45 [restartedMain] INFO  com.example.demo.DemoApplication - Started DemoApplication in 13.603 seconds (JVM running for 16.195)
2026-06-05 10:16:15 [http-nio-9095-exec-2] INFO  o.a.tomcat.util.http.parser.Cookie - A cookie header was received [__session:0.5312382128745498:=http:] that contained an invalid cookie. That cookie will be ignored.
 Note: further occurrences of this error will be logged at DEBUG level.
2026-06-05 10:16:16 [http-nio-9095-exec-2] INFO  o.a.c.c.C.[Tomcat].[localhost].[/] - Initializing Spring DispatcherServlet 'dispatcherServlet'
2026-06-05 10:16:16 [http-nio-9095-exec-2] INFO  o.s.web.servlet.DispatcherServlet - Initializing Servlet 'dispatcherServlet'
2026-06-05 10:16:16 [http-nio-9095-exec-2] INFO  o.s.web.servlet.DispatcherServlet - Completed initialization in 8 ms
2026-06-05 10:20:19 [restartedMain] INFO  com.example.demo.DemoApplication - Starting DemoApplication using Java 1.8.0_281 on WIN-20260505BQO with PID 10928 (D:\yh_soft\t763812834_java\code\target\classes started by Administrator in D:\yh_soft\t763812834_java\code)
2026-06-05 10:20:19 [restartedMain] INFO  com.example.demo.DemoApplication - The following 1 profile is active: "dev"
2026-06-05 10:20:20 [restartedMain] INFO  o.s.b.d.e.DevToolsPropertyDefaultsPostProcessor - Devtools property defaults active! Set 'spring.devtools.add-properties' to 'false' to disable
2026-06-05 10:20:20 [restartedMain] INFO  o.s.b.d.e.DevToolsPropertyDefaultsPostProcessor - For additional web related logging consider setting the 'logging.level.web' property to 'DEBUG'
2026-06-05 10:20:22 [restartedMain] INFO  o.s.d.r.c.RepositoryConfigurationDelegate - Multiple Spring Data modules found, entering strict repository configuration mode
2026-06-05 10:20:22 [restartedMain] INFO  o.s.d.r.c.RepositoryConfigurationDelegate - Bootstrapping Spring Data Redis repositories in DEFAULT mode.
2026-06-05 10:20:22 [restartedMain] INFO  o.s.d.r.c.RepositoryConfigurationDelegate - Finished Spring Data repository scanning in 45 ms. Found 0 Redis repository interfaces.
2026-06-05 10:20:23 [restartedMain] INFO  o.s.c.s.PostProcessorRegistrationDelegate$BeanPostProcessorChecker - Bean 'spring.datasource.dynamic-com.baomidou.dynamic.datasource.spring.boot.autoconfigure.DynamicDataSourceProperties' of type [com.baomidou.dynamic.datasource.spring.boot.autoconfigure.DynamicDataSourceProperties] is not eligible for getting processed by all BeanPostProcessors (for example: not eligible for auto-proxying)
2026-06-05 10:20:23 [restartedMain] INFO  o.s.c.s.PostProcessorRegistrationDelegate$BeanPostProcessorChecker - Bean 'com.baomidou.dynamic.datasource.spring.boot.autoconfigure.DynamicDataSourceAutoConfiguration' of type [com.baomidou.dynamic.datasource.spring.boot.autoconfigure.DynamicDataSourceAutoConfiguration$$EnhancerBySpringCGLIB$$d977a621] is not eligible for getting processed by all BeanPostProcessors (for example: not eligible for auto-proxying)
2026-06-05 10:20:23 [restartedMain] INFO  o.s.c.s.PostProcessorRegistrationDelegate$BeanPostProcessorChecker - Bean 'dsProcessor' of type [com.baomidou.dynamic.datasource.processor.DsHeaderProcessor] is not eligible for getting processed by all BeanPostProcessors (for example: not eligible for auto-proxying)
2026-06-05 10:20:24 [restartedMain] INFO  o.s.b.w.e.tomcat.TomcatWebServer - Tomcat initialized with port(s): 9095 (http)
2026-06-05 10:20:24 [restartedMain] INFO  o.a.catalina.core.StandardService - Starting service [Tomcat]
2026-06-05 10:20:24 [restartedMain] INFO  o.a.catalina.core.StandardEngine - Starting Servlet engine: [Apache Tomcat/9.0.65]
2026-06-05 10:20:24 [restartedMain] INFO  o.a.c.c.C.[Tomcat].[localhost].[/] - Initializing Spring embedded WebApplicationContext
2026-06-05 10:20:24 [restartedMain] INFO  o.s.b.w.s.c.ServletWebServerApplicationContext - Root WebApplicationContext: initialization completed in 4760 ms
2026-06-05 10:20:48 [restartedMain] ERROR c.alibaba.druid.pool.DruidDataSource - init datasource error, url: jdbc:sqlserver://yhocn.cn;DatabaseName=t763812834_20251118_ceshi
com.microsoft.sqlserver.jdbc.SQLServerException: Connection reset ClientConnectionId:36abd1c1-f101-4422-8e83-91f708b2807c
	at com.microsoft.sqlserver.jdbc.SQLServerConnection.terminate(SQLServerConnection.java:2670)
	at com.microsoft.sqlserver.jdbc.TDSChannel.read(IOBuffer.java:1993)
	at com.microsoft.sqlserver.jdbc.TDSReader.readPacket(IOBuffer.java:6494)
	at com.microsoft.sqlserver.jdbc.TDSCommand.startResponse(IOBuffer.java:7741)
	at com.microsoft.sqlserver.jdbc.TDSCommand.startResponse(IOBuffer.java:7700)
	at com.microsoft.sqlserver.jdbc.SQLServerConnection.sendLogon(SQLServerConnection.java:4547)
	at com.microsoft.sqlserver.jdbc.SQLServerConnection.logon(SQLServerConnection.java:3409)
	at com.microsoft.sqlserver.jdbc.SQLServerConnection.access$100(SQLServerConnection.java:85)
	at com.microsoft.sqlserver.jdbc.SQLServerConnection$LogonCommand.doExecute(SQLServerConnection.java:3373)
	at com.microsoft.sqlserver.jdbc.TDSCommand.execute(IOBuffer.java:7344)
	at com.microsoft.sqlserver.jdbc.SQLServerConnection.executeCommand(SQLServerConnection.java:2713)
	at com.microsoft.sqlserver.jdbc.SQLServerConnection.connectHelper(SQLServerConnection.java:2261)
	at com.microsoft.sqlserver.jdbc.SQLServerConnection.login(SQLServerConnection.java:1921)
	at com.microsoft.sqlserver.jdbc.SQLServerConnection.connectInternal(SQLServerConnection.java:1762)
	at com.microsoft.sqlserver.jdbc.SQLServerConnection.connect(SQLServerConnection.java:1077)
	at com.microsoft.sqlserver.jdbc.SQLServerDriver.connect(SQLServerDriver.java:623)
	at com.alibaba.druid.filter.FilterChainImpl.connection_connect(FilterChainImpl.java:156)
	at com.alibaba.druid.filter.FilterAdapter.connection_connect(FilterAdapter.java:787)
	at com.alibaba.druid.filter.FilterEventAdapter.connection_connect(FilterEventAdapter.java:38)
	at com.alibaba.druid.filter.FilterChainImpl.connection_connect(FilterChainImpl.java:150)
	at com.alibaba.druid.filter.FilterAdapter.connection_connect(FilterAdapter.java:787)
	at com.alibaba.druid.filter.FilterChainImpl.connection_connect(FilterChainImpl.java:150)
	at com.alibaba.druid.filter.stat.StatFilter.connection_connect(StatFilter.java:218)
	at com.alibaba.druid.filter.FilterChainImpl.connection_connect(FilterChainImpl.java:150)
	at com.alibaba.druid.pool.DruidAbstractDataSource.createPhysicalConnection(DruidAbstractDataSource.java:1598)
	at com.alibaba.druid.pool.DruidAbstractDataSource.createPhysicalConnection(DruidAbstractDataSource.java:1662)
	at com.alibaba.druid.pool.DruidDataSource.init(DruidDataSource.java:932)
	at com.baomidou.dynamic.datasource.creator.DruidDataSourceCreator.doCreateDataSource(DruidDataSourceCreator.java:85)
	at com.baomidou.dynamic.datasource.creator.AbstractDataSourceCreator.createDataSource(AbstractDataSourceCreator.java:70)
	at com.baomidou.dynamic.datasource.creator.DefaultDataSourceCreator.createDataSource(DefaultDataSourceCreator.java:48)
	at com.baomidou.dynamic.datasource.provider.AbstractDataSourceProvider.createDataSourceMap(AbstractDataSourceProvider.java:47)
	at com.baomidou.dynamic.datasource.provider.YmlDynamicDataSourceProvider.loadDataSources(YmlDynamicDataSourceProvider.java:42)
	at com.baomidou.dynamic.datasource.DynamicRoutingDataSource.afterPropertiesSet(DynamicRoutingDataSource.java:225)
	at org.springframework.beans.factory.support.AbstractAutowireCapableBeanFactory.invokeInitMethods(AbstractAutowireCapableBeanFactory.java:1863)
	at org.springframework.beans.factory.support.AbstractAutowireCapableBeanFactory.initializeBean(AbstractAutowireCapableBeanFactory.java:1800)
	at org.springframework.beans.factory.support.AbstractAutowireCapableBeanFactory.doCreateBean(AbstractAutowireCapableBeanFactory.java:620)
	at org.springframework.beans.factory.support.AbstractAutowireCapableBeanFactory.createBean(AbstractAutowireCapableBeanFactory.java:542)
	at org.springframework.beans.factory.support.AbstractBeanFactory.lambda$doGetBean$0(AbstractBeanFactory.java:335)
	at org.springframework.beans.factory.support.DefaultSingletonBeanRegistry.getSingleton(DefaultSingletonBeanRegistry.java:234)
	at org.springframework.beans.factory.support.AbstractBeanFactory.doGetBean(AbstractBeanFactory.java:333)
	at org.springframework.beans.factory.support.AbstractBeanFactory.getBean(AbstractBeanFactory.java:208)
	at org.springframework.beans.factory.config.DependencyDescriptor.resolveCandidate(DependencyDescriptor.java:276)
	at org.springframework.beans.factory.support.DefaultListableBeanFactory.doResolveDependency(DefaultListableBeanFactory.java:1391)
	at org.springframework.beans.factory.support.DefaultListableBeanFactory.resolveDependency(DefaultListableBeanFactory.java:1311)
	at org.springframework.beans.factory.support.ConstructorResolver.resolveAutowiredArgument(ConstructorResolver.java:887)
	at org.springframework.beans.factory.support.ConstructorResolver.createArgumentArray(ConstructorResolver.java:791)
	at org.springframework.beans.factory.support.ConstructorResolver.instantiateUsingFactoryMethod(ConstructorResolver.java:541)
	at org.springframework.beans.factory.support.AbstractAutowireCapableBeanFactory.instantiateUsingFactoryMethod(AbstractAutowireCapableBeanFactory.java:1352)
	at org.springframework.beans.factory.support.AbstractAutowireCapableBeanFactory.createBeanInstance(AbstractAutowireCapableBeanFactory.java:1195)
	at org.springframework.beans.factory.support.AbstractAutowireCapableBeanFactory.doCreateBean(AbstractAutowireCapableBeanFactory.java:582)
	at org.springframework.beans.factory.support.AbstractAutowireCapableBeanFactory.createBean(AbstractAutowireCapableBeanFactory.java:542)
	at org.springframework.beans.factory.support.AbstractBeanFactory.lambda$doGetBean$0(AbstractBeanFactory.java:335)
	at org.springframework.beans.factory.support.DefaultSingletonBeanRegistry.getSingleton(DefaultSingletonBeanRegistry.java:234)
	at org.springframework.beans.factory.support.AbstractBeanFactory.doGetBean(AbstractBeanFactory.java:333)
	at org.springframework.beans.factory.support.AbstractBeanFactory.getBean(AbstractBeanFactory.java:208)
	at org.springframework.beans.factory.config.DependencyDescriptor.resolveCandidate(DependencyDescriptor.java:276)
	at org.springframework.beans.factory.support.DefaultListableBeanFactory.doResolveDependency(DefaultListableBeanFactory.java:1391)
	at org.springframework.beans.factory.support.DefaultListableBeanFactory.resolveDependency(DefaultListableBeanFactory.java:1311)
	at org.springframework.beans.factory.support.AbstractAutowireCapableBeanFactory.autowireByType(AbstractAutowireCapableBeanFactory.java:1519)
	at org.springframework.beans.factory.support.AbstractAutowireCapableBeanFactory.populateBean(AbstractAutowireCapableBeanFactory.java:1417)
	at org.springframework.beans.factory.support.AbstractAutowireCapableBeanFactory.doCreateBean(AbstractAutowireCapableBeanFactory.java:619)
	at org.springframework.beans.factory.support.AbstractAutowireCapableBeanFactory.createBean(AbstractAutowireCapableBeanFactory.java:542)
	at org.springframework.beans.factory.support.AbstractBeanFactory.lambda$doGetBean$0(AbstractBeanFactory.java:335)
	at org.springframework.beans.factory.support.DefaultSingletonBeanRegistry.getSingleton(DefaultSingletonBeanRegistry.java:234)
	at org.springframework.beans.factory.support.AbstractBeanFactory.doGetBean(AbstractBeanFactory.java:333)
	at org.springframework.beans.factory.support.AbstractBeanFactory.getBean(AbstractBeanFactory.java:208)
	at org.springframework.beans.factory.config.DependencyDescriptor.resolveCandidate(DependencyDescriptor.java:276)
	at org.springframework.beans.factory.support.DefaultListableBeanFactory.doResolveDependency(DefaultListableBeanFactory.java:1391)
	at org.springframework.beans.factory.support.DefaultListableBeanFactory.resolveDependency(DefaultListableBeanFactory.java:1311)
	at org.springframework.beans.factory.annotation.AutowiredAnnotationBeanPostProcessor$AutowiredFieldElement.resolveFieldValue(AutowiredAnnotationBeanPostProcessor.java:656)
	at org.springframework.beans.factory.annotation.AutowiredAnnotationBeanPostProcessor$AutowiredFieldElement.inject(AutowiredAnnotationBeanPostProcessor.java:639)
	at org.springframework.beans.factory.annotation.InjectionMetadata.inject(InjectionMetadata.java:119)
	at org.springframework.beans.factory.annotation.AutowiredAnnotationBeanPostProcessor.postProcessProperties(AutowiredAnnotationBeanPostProcessor.java:399)
	at org.springframework.beans.factory.support.AbstractAutowireCapableBeanFactory.populateBean(AbstractAutowireCapableBeanFactory.java:1431)
	at org.springframework.beans.factory.support.AbstractAutowireCapableBeanFactory.doCreateBean(AbstractAutowireCapableBeanFactory.java:619)
	at org.springframework.beans.factory.support.AbstractAutowireCapableBeanFactory.createBean(AbstractAutowireCapableBeanFactory.java:542)
	at org.springframework.beans.factory.support.AbstractBeanFactory.lambda$doGetBean$0(AbstractBeanFactory.java:335)
	at org.springframework.beans.factory.support.DefaultSingletonBeanRegistry.getSingleton(DefaultSingletonBeanRegistry.java:234)
	at org.springframework.beans.factory.support.AbstractBeanFactory.doGetBean(AbstractBeanFactory.java:333)
	at org.springframework.beans.factory.support.AbstractBeanFactory.getBean(AbstractBeanFactory.java:208)
	at org.springframework.beans.factory.config.DependencyDescriptor.resolveCandidate(DependencyDescriptor.java:276)
	at org.springframework.beans.factory.support.DefaultListableBeanFactory.doResolveDependency(DefaultListableBeanFactory.java:1391)
	at org.springframework.beans.factory.support.DefaultListableBeanFactory.resolveDependency(DefaultListableBeanFactory.java:1311)
	at org.springframework.beans.factory.annotation.AutowiredAnnotationBeanPostProcessor$AutowiredFieldElement.resolveFieldValue(AutowiredAnnotationBeanPostProcessor.java:656)
	at org.springframework.beans.factory.annotation.AutowiredAnnotationBeanPostProcessor$AutowiredFieldElement.inject(AutowiredAnnotationBeanPostProcessor.java:639)
	at org.springframework.beans.factory.annotation.InjectionMetadata.inject(InjectionMetadata.java:119)
	at org.springframework.beans.factory.annotation.AutowiredAnnotationBeanPostProcessor.postProcessProperties(AutowiredAnnotationBeanPostProcessor.java:399)
	at org.springframework.beans.factory.support.AbstractAutowireCapableBeanFactory.populateBean(AbstractAutowireCapableBeanFactory.java:1431)
	at org.springframework.beans.factory.support.AbstractAutowireCapableBeanFactory.doCreateBean(AbstractAutowireCapableBeanFactory.java:619)
	at org.springframework.beans.factory.support.AbstractAutowireCapableBeanFactory.createBean(AbstractAutowireCapableBeanFactory.java:542)
	at org.springframework.beans.factory.support.AbstractBeanFactory.lambda$doGetBean$0(AbstractBeanFactory.java:335)
	at org.springframework.beans.factory.support.DefaultSingletonBeanRegistry.getSingleton(DefaultSingletonBeanRegistry.java:234)
	at org.springframework.beans.factory.support.AbstractBeanFactory.doGetBean(AbstractBeanFactory.java:333)
	at org.springframework.beans.factory.support.AbstractBeanFactory.getBean(AbstractBeanFactory.java:208)
	at org.springframework.beans.factory.support.DefaultListableBeanFactory.preInstantiateSingletons(DefaultListableBeanFactory.java:955)
	at org.springframework.context.support.AbstractApplicationContext.finishBeanFactoryInitialization(AbstractApplicationContext.java:918)
	at org.springframework.context.support.AbstractApplicationContext.refresh(AbstractApplicationContext.java:583)
	at org.springframework.boot.web.servlet.context.ServletWebServerApplicationContext.refresh(ServletWebServerApplicationContext.java:147)
	at org.springframework.boot.SpringApplication.refresh(SpringApplication.java:734)
	at org.springframework.boot.SpringApplication.refreshContext(SpringApplication.java:408)
	at org.springframework.boot.SpringApplication.run(SpringApplication.java:308)
	at org.springframework.boot.SpringApplication.run(SpringApplication.java:1306)
	at org.springframework.boot.SpringApplication.run(SpringApplication.java:1295)
	at com.example.demo.DemoApplication.main(DemoApplication.java:9)
	at sun.reflect.NativeMethodAccessorImpl.invoke0(Native Method)
	at sun.reflect.NativeMethodAccessorImpl.invoke(NativeMethodAccessorImpl.java:62)
	at sun.reflect.DelegatingMethodAccessorImpl.invoke(DelegatingMethodAccessorImpl.java:43)
	at java.lang.reflect.Method.invoke(Method.java:498)
	at org.springframework.boot.devtools.restart.RestartLauncher.run(RestartLauncher.java:49)
Caused by: java.net.SocketException: Connection reset
	at java.net.SocketInputStream.read(SocketInputStream.java:210)
	at java.net.SocketInputStream.read(SocketInputStream.java:141)
	at com.microsoft.sqlserver.jdbc.TDSChannel.read(IOBuffer.java:1983)
	... 107 common frames omitted
2026-06-05 10:20:48 [restartedMain] INFO  c.b.d.d.DynamicRoutingDataSource - dynamic-datasource - add a datasource named [druid] success
2026-06-05 10:20:48 [restartedMain] INFO  c.b.d.d.DynamicRoutingDataSource - dynamic-datasource - add a datasource named [softtime] success
2026-06-05 10:20:48 [restartedMain] INFO  c.b.d.d.DynamicRoutingDataSource - dynamic-datasource initial loaded [2] datasource,primary datasource named [druid]
2026-06-05 10:20:50 [restartedMain] WARN  c.b.m.core.injector.AbstractMethod - [com.example.demo.mapper.CgmxMapper.insert] Has been loaded by XML or SqlProvider or Mybatis's Annotation, so ignoring this injection for [class com.baomidou.mybatisplus.core.injector.methods.Insert]
2026-06-05 10:20:50 [restartedMain] WARN  c.b.m.core.injector.AbstractMethod - [com.example.demo.mapper.CgmxMapper.deleteById] Has been loaded by XML or SqlProvider or Mybatis's Annotation, so ignoring this injection for [class com.baomidou.mybatisplus.core.injector.methods.DeleteById]
2026-06-05 10:20:50 [restartedMain] WARN  c.b.m.core.injector.AbstractMethod - [com.example.demo.mapper.CgmxMapper.update] Has been loaded by XML or SqlProvider or Mybatis's Annotation, so ignoring this injection for [class com.baomidou.mybatisplus.core.injector.methods.Update]
2026-06-05 10:20:51 [restartedMain] WARN  c.b.m.core.injector.AbstractMethod - [com.example.demo.mapper.XdmxMapper.insert] Has been loaded by XML or SqlProvider or Mybatis's Annotation, so ignoring this injection for [class com.baomidou.mybatisplus.core.injector.methods.Insert]
2026-06-05 10:20:51 [restartedMain] WARN  c.b.m.core.injector.AbstractMethod - [com.example.demo.mapper.XdmxMapper.deleteById] Has been loaded by XML or SqlProvider or Mybatis's Annotation, so ignoring this injection for [class com.baomidou.mybatisplus.core.injector.methods.DeleteById]
2026-06-05 10:20:51 [restartedMain] WARN  c.b.m.core.injector.AbstractMethod - [com.example.demo.mapper.XdmxMapper.update] Has been loaded by XML or SqlProvider or Mybatis's Annotation, so ignoring this injection for [class com.baomidou.mybatisplus.core.injector.methods.Update]
2026-06-05 10:20:51 [restartedMain] WARN  c.b.m.core.injector.AbstractMethod - [com.example.demo.mapper.PzbMapper.update] Has been loaded by XML or SqlProvider or Mybatis's Annotation, so ignoring this injection for [class com.baomidou.mybatisplus.core.injector.methods.Update]
2026-06-05 10:20:52 [restartedMain] WARN  c.b.m.core.metadata.TableInfoHelper - Can not find table primary key in Class: "com.example.demo.entity.Power".
2026-06-05 10:20:52 [restartedMain] WARN  c.b.m.core.injector.AbstractMethod - [com.example.demo.mapper.ScgdMapper.insert] Has been loaded by XML or SqlProvider or Mybatis's Annotation, so ignoring this injection for [class com.baomidou.mybatisplus.core.injector.methods.Insert]
2026-06-05 10:20:52 [restartedMain] WARN  c.b.m.core.injector.AbstractMethod - [com.example.demo.mapper.ScgdMapper.deleteById] Has been loaded by XML or SqlProvider or Mybatis's Annotation, so ignoring this injection for [class com.baomidou.mybatisplus.core.injector.methods.DeleteById]
2026-06-05 10:20:52 [restartedMain] WARN  c.b.m.core.injector.AbstractMethod - [com.example.demo.mapper.ScgdMapper.update] Has been loaded by XML or SqlProvider or Mybatis's Annotation, so ignoring this injection for [class com.baomidou.mybatisplus.core.injector.methods.Update]
2026-06-05 10:20:52 [restartedMain] INFO  o.s.b.a.w.s.WelcomePageHandlerMapping - Adding welcome page: class path resource [templates/index.html]
2026-06-05 10:20:53 [restartedMain] INFO  o.s.b.d.a.OptionalLiveReloadServer - LiveReload server is running on port 35729
2026-06-05 10:20:53 [restartedMain] INFO  o.s.b.w.e.tomcat.TomcatWebServer - Tomcat started on port(s): 9095 (http) with context path ''
2026-06-05 10:20:53 [restartedMain] INFO  com.example.demo.DemoApplication - Started DemoApplication in 35.503 seconds (JVM running for 38.841)
2026-06-05 10:23:20 [http-nio-9095-exec-1] INFO  o.a.tomcat.util.http.parser.Cookie - A cookie header was received [__session:0.5312382128745498:=http:] that contained an invalid cookie. That cookie will be ignored.
 Note: further occurrences of this error will be logged at DEBUG level.
2026-06-05 10:23:21 [http-nio-9095-exec-1] INFO  o.a.c.c.C.[Tomcat].[localhost].[/] - Initializing Spring DispatcherServlet 'dispatcherServlet'
2026-06-05 10:23:21 [http-nio-9095-exec-1] INFO  o.s.web.servlet.DispatcherServlet - Initializing Servlet 'dispatcherServlet'
2026-06-05 10:23:21 [http-nio-9095-exec-1] INFO  o.s.web.servlet.DispatcherServlet - Completed initialization in 8 ms
2026-06-05 10:24:07 [restartedMain] INFO  com.example.demo.DemoApplication - Starting DemoApplication using Java 1.8.0_281 on WIN-20260505BQO with PID 8764 (D:\yh_soft\t763812834_java\code\target\classes started by Administrator in D:\yh_soft\t763812834_java\code)
2026-06-05 10:24:07 [restartedMain] INFO  com.example.demo.DemoApplication - The following 1 profile is active: "dev"
2026-06-05 10:24:07 [restartedMain] INFO  o.s.b.d.e.DevToolsPropertyDefaultsPostProcessor - Devtools property defaults active! Set 'spring.devtools.add-properties' to 'false' to disable
2026-06-05 10:24:07 [restartedMain] INFO  o.s.b.d.e.DevToolsPropertyDefaultsPostProcessor - For additional web related logging consider setting the 'logging.level.web' property to 'DEBUG'
2026-06-05 10:24:09 [restartedMain] INFO  o.s.d.r.c.RepositoryConfigurationDelegate - Multiple Spring Data modules found, entering strict repository configuration mode
2026-06-05 10:24:09 [restartedMain] INFO  o.s.d.r.c.RepositoryConfigurationDelegate - Bootstrapping Spring Data Redis repositories in DEFAULT mode.
2026-06-05 10:24:09 [restartedMain] INFO  o.s.d.r.c.RepositoryConfigurationDelegate - Finished Spring Data repository scanning in 30 ms. Found 0 Redis repository interfaces.
2026-06-05 10:24:10 [restartedMain] INFO  o.s.c.s.PostProcessorRegistrationDelegate$BeanPostProcessorChecker - Bean 'spring.datasource.dynamic-com.baomidou.dynamic.datasource.spring.boot.autoconfigure.DynamicDataSourceProperties' of type [com.baomidou.dynamic.datasource.spring.boot.autoconfigure.DynamicDataSourceProperties] is not eligible for getting processed by all BeanPostProcessors (for example: not eligible for auto-proxying)
2026-06-05 10:24:10 [restartedMain] INFO  o.s.c.s.PostProcessorRegistrationDelegate$BeanPostProcessorChecker - Bean 'com.baomidou.dynamic.datasource.spring.boot.autoconfigure.DynamicDataSourceAutoConfiguration' of type [com.baomidou.dynamic.datasource.spring.boot.autoconfigure.DynamicDataSourceAutoConfiguration$$EnhancerBySpringCGLIB$$fa140f40] is not eligible for getting processed by all BeanPostProcessors (for example: not eligible for auto-proxying)
2026-06-05 10:24:10 [restartedMain] INFO  o.s.c.s.PostProcessorRegistrationDelegate$BeanPostProcessorChecker - Bean 'dsProcessor' of type [com.baomidou.dynamic.datasource.processor.DsHeaderProcessor] is not eligible for getting processed by all BeanPostProcessors (for example: not eligible for auto-proxying)
2026-06-05 10:24:10 [restartedMain] INFO  o.s.b.w.e.tomcat.TomcatWebServer - Tomcat initialized with port(s): 9095 (http)
2026-06-05 10:24:10 [restartedMain] INFO  o.a.catalina.core.StandardService - Starting service [Tomcat]
2026-06-05 10:24:10 [restartedMain] INFO  o.a.catalina.core.StandardEngine - Starting Servlet engine: [Apache Tomcat/9.0.65]
2026-06-05 10:24:11 [restartedMain] INFO  o.a.c.c.C.[Tomcat].[localhost].[/] - Initializing Spring embedded WebApplicationContext
2026-06-05 10:24:11 [restartedMain] INFO  o.s.b.w.s.c.ServletWebServerApplicationContext - Root WebApplicationContext: initialization completed in 3642 ms
2026-06-05 10:24:16 [restartedMain] INFO  c.b.d.d.DynamicRoutingDataSource - dynamic-datasource - add a datasource named [druid] success
2026-06-05 10:24:16 [restartedMain] INFO  c.b.d.d.DynamicRoutingDataSource - dynamic-datasource - add a datasource named [softtime] success
2026-06-05 10:24:16 [restartedMain] INFO  c.b.d.d.DynamicRoutingDataSource - dynamic-datasource initial loaded [2] datasource,primary datasource named [druid]
2026-06-05 10:24:18 [restartedMain] WARN  c.b.m.core.injector.AbstractMethod - [com.example.demo.mapper.CgmxMapper.insert] Has been loaded by XML or SqlProvider or Mybatis's Annotation, so ignoring this injection for [class com.baomidou.mybatisplus.core.injector.methods.Insert]
2026-06-05 10:24:18 [restartedMain] WARN  c.b.m.core.injector.AbstractMethod - [com.example.demo.mapper.CgmxMapper.deleteById] Has been loaded by XML or SqlProvider or Mybatis's Annotation, so ignoring this injection for [class com.baomidou.mybatisplus.core.injector.methods.DeleteById]
2026-06-05 10:24:18 [restartedMain] WARN  c.b.m.core.injector.AbstractMethod - [com.example.demo.mapper.CgmxMapper.update] Has been loaded by XML or SqlProvider or Mybatis's Annotation, so ignoring this injection for [class com.baomidou.mybatisplus.core.injector.methods.Update]
2026-06-05 10:24:18 [restartedMain] WARN  c.b.m.core.injector.AbstractMethod - [com.example.demo.mapper.XdmxMapper.insert] Has been loaded by XML or SqlProvider or Mybatis's Annotation, so ignoring this injection for [class com.baomidou.mybatisplus.core.injector.methods.Insert]
2026-06-05 10:24:18 [restartedMain] WARN  c.b.m.core.injector.AbstractMethod - [com.example.demo.mapper.XdmxMapper.deleteById] Has been loaded by XML or SqlProvider or Mybatis's Annotation, so ignoring this injection for [class com.baomidou.mybatisplus.core.injector.methods.DeleteById]
2026-06-05 10:24:18 [restartedMain] WARN  c.b.m.core.injector.AbstractMethod - [com.example.demo.mapper.XdmxMapper.update] Has been loaded by XML or SqlProvider or Mybatis's Annotation, so ignoring this injection for [class com.baomidou.mybatisplus.core.injector.methods.Update]
2026-06-05 10:24:18 [restartedMain] WARN  c.b.m.core.injector.AbstractMethod - [com.example.demo.mapper.PzbMapper.update] Has been loaded by XML or SqlProvider or Mybatis's Annotation, so ignoring this injection for [class com.baomidou.mybatisplus.core.injector.methods.Update]
2026-06-05 10:24:19 [restartedMain] WARN  c.b.m.core.metadata.TableInfoHelper - Can not find table primary key in Class: "com.example.demo.entity.Power".
2026-06-05 10:24:19 [restartedMain] WARN  c.b.m.core.injector.AbstractMethod - [com.example.demo.mapper.ScgdMapper.insert] Has been loaded by XML or SqlProvider or Mybatis's Annotation, so ignoring this injection for [class com.baomidou.mybatisplus.core.injector.methods.Insert]
2026-06-05 10:24:19 [restartedMain] WARN  c.b.m.core.injector.AbstractMethod - [com.example.demo.mapper.ScgdMapper.deleteById] Has been loaded by XML or SqlProvider or Mybatis's Annotation, so ignoring this injection for [class com.baomidou.mybatisplus.core.injector.methods.DeleteById]
2026-06-05 10:24:19 [restartedMain] WARN  c.b.m.core.injector.AbstractMethod - [com.example.demo.mapper.ScgdMapper.update] Has been loaded by XML or SqlProvider or Mybatis's Annotation, so ignoring this injection for [class com.baomidou.mybatisplus.core.injector.methods.Update]
2026-06-05 10:24:19 [restartedMain] INFO  o.s.b.a.w.s.WelcomePageHandlerMapping - Adding welcome page: class path resource [templates/index.html]
2026-06-05 10:24:20 [restartedMain] INFO  o.s.b.d.a.OptionalLiveReloadServer - LiveReload server is running on port 35729
2026-06-05 10:24:20 [restartedMain] INFO  o.s.b.w.e.tomcat.TomcatWebServer - Tomcat started on port(s): 9095 (http) with context path ''
2026-06-05 10:24:20 [restartedMain] INFO  com.example.demo.DemoApplication - Started DemoApplication in 14.267 seconds (JVM running for 16.89)
2026-06-05 10:25:12 [http-nio-9095-exec-1] INFO  o.a.tomcat.util.http.parser.Cookie - A cookie header was received [__session:0.5312382128745498:=http:;] that contained an invalid cookie. That cookie will be ignored.
 Note: further occurrences of this error will be logged at DEBUG level.
2026-06-05 10:25:12 [http-nio-9095-exec-1] INFO  o.a.c.c.C.[Tomcat].[localhost].[/] - Initializing Spring DispatcherServlet 'dispatcherServlet'
2026-06-05 10:25:12 [http-nio-9095-exec-1] INFO  o.s.web.servlet.DispatcherServlet - Initializing Servlet 'dispatcherServlet'
2026-06-05 10:25:12 [http-nio-9095-exec-1] INFO  o.s.web.servlet.DispatcherServlet - Completed initialization in 4 ms
2026-06-05 10:29:50 [restartedMain] INFO  com.example.demo.DemoApplication - Starting DemoApplication using Java 1.8.0_281 on WIN-20260505BQO with PID 1460 (D:\yh_soft\t763812834_java\code\target\classes started by Administrator in D:\yh_soft\t763812834_java\code)
2026-06-05 10:29:50 [restartedMain] INFO  com.example.demo.DemoApplication - The following 1 profile is active: "dev"
2026-06-05 10:29:50 [restartedMain] INFO  o.s.b.d.e.DevToolsPropertyDefaultsPostProcessor - Devtools property defaults active! Set 'spring.devtools.add-properties' to 'false' to disable
2026-06-05 10:29:50 [restartedMain] INFO  o.s.b.d.e.DevToolsPropertyDefaultsPostProcessor - For additional web related logging consider setting the 'logging.level.web' property to 'DEBUG'
2026-06-05 10:29:51 [restartedMain] INFO  o.s.d.r.c.RepositoryConfigurationDelegate - Multiple Spring Data modules found, entering strict repository configuration mode
2026-06-05 10:29:51 [restartedMain] INFO  o.s.d.r.c.RepositoryConfigurationDelegate - Bootstrapping Spring Data Redis repositories in DEFAULT mode.
2026-06-05 10:29:51 [restartedMain] INFO  o.s.d.r.c.RepositoryConfigurationDelegate - Finished Spring Data repository scanning in 33 ms. Found 0 Redis repository interfaces.
2026-06-05 10:29:52 [restartedMain] INFO  o.s.c.s.PostProcessorRegistrationDelegate$BeanPostProcessorChecker - Bean 'spring.datasource.dynamic-com.baomidou.dynamic.datasource.spring.boot.autoconfigure.DynamicDataSourceProperties' of type [com.baomidou.dynamic.datasource.spring.boot.autoconfigure.DynamicDataSourceProperties] is not eligible for getting processed by all BeanPostProcessors (for example: not eligible for auto-proxying)
2026-06-05 10:29:52 [restartedMain] INFO  o.s.c.s.PostProcessorRegistrationDelegate$BeanPostProcessorChecker - Bean 'com.baomidou.dynamic.datasource.spring.boot.autoconfigure.DynamicDataSourceAutoConfiguration' of type [com.baomidou.dynamic.datasource.spring.boot.autoconfigure.DynamicDataSourceAutoConfiguration$$EnhancerBySpringCGLIB$$56c4f11] is not eligible for getting processed by all BeanPostProcessors (for example: not eligible for auto-proxying)
2026-06-05 10:29:52 [restartedMain] INFO  o.s.c.s.PostProcessorRegistrationDelegate$BeanPostProcessorChecker - Bean 'dsProcessor' of type [com.baomidou.dynamic.datasource.processor.DsHeaderProcessor] is not eligible for getting processed by all BeanPostProcessors (for example: not eligible for auto-proxying)
2026-06-05 10:29:53 [restartedMain] INFO  o.s.b.w.e.tomcat.TomcatWebServer - Tomcat initialized with port(s): 9095 (http)
2026-06-05 10:29:53 [restartedMain] INFO  o.a.catalina.core.StandardService - Starting service [Tomcat]
2026-06-05 10:29:53 [restartedMain] INFO  o.a.catalina.core.StandardEngine - Starting Servlet engine: [Apache Tomcat/9.0.65]
2026-06-05 10:29:53 [restartedMain] INFO  o.a.c.c.C.[Tomcat].[localhost].[/] - Initializing Spring embedded WebApplicationContext
2026-06-05 10:29:53 [restartedMain] INFO  o.s.b.w.s.c.ServletWebServerApplicationContext - Root WebApplicationContext: initialization completed in 3232 ms
2026-06-05 10:29:58 [restartedMain] INFO  c.b.d.d.DynamicRoutingDataSource - dynamic-datasource - add a datasource named [druid] success
2026-06-05 10:29:58 [restartedMain] INFO  c.b.d.d.DynamicRoutingDataSource - dynamic-datasource - add a datasource named [softtime] success
2026-06-05 10:29:58 [restartedMain] INFO  c.b.d.d.DynamicRoutingDataSource - dynamic-datasource initial loaded [2] datasource,primary datasource named [druid]
2026-06-05 10:29:59 [restartedMain] WARN  c.b.m.core.injector.AbstractMethod - [com.example.demo.mapper.CgmxMapper.insert] Has been loaded by XML or SqlProvider or Mybatis's Annotation, so ignoring this injection for [class com.baomidou.mybatisplus.core.injector.methods.Insert]
2026-06-05 10:29:59 [restartedMain] WARN  c.b.m.core.injector.AbstractMethod - [com.example.demo.mapper.CgmxMapper.deleteById] Has been loaded by XML or SqlProvider or Mybatis's Annotation, so ignoring this injection for [class com.baomidou.mybatisplus.core.injector.methods.DeleteById]
2026-06-05 10:29:59 [restartedMain] WARN  c.b.m.core.injector.AbstractMethod - [com.example.demo.mapper.CgmxMapper.update] Has been loaded by XML or SqlProvider or Mybatis's Annotation, so ignoring this injection for [class com.baomidou.mybatisplus.core.injector.methods.Update]
2026-06-05 10:30:00 [restartedMain] WARN  c.b.m.core.injector.AbstractMethod - [com.example.demo.mapper.XdmxMapper.insert] Has been loaded by XML or SqlProvider or Mybatis's Annotation, so ignoring this injection for [class com.baomidou.mybatisplus.core.injector.methods.Insert]
2026-06-05 10:30:00 [restartedMain] WARN  c.b.m.core.injector.AbstractMethod - [com.example.demo.mapper.XdmxMapper.deleteById] Has been loaded by XML or SqlProvider or Mybatis's Annotation, so ignoring this injection for [class com.baomidou.mybatisplus.core.injector.methods.DeleteById]
2026-06-05 10:30:00 [restartedMain] WARN  c.b.m.core.injector.AbstractMethod - [com.example.demo.mapper.XdmxMapper.update] Has been loaded by XML or SqlProvider or Mybatis's Annotation, so ignoring this injection for [class com.baomidou.mybatisplus.core.injector.methods.Update]
2026-06-05 10:30:00 [restartedMain] WARN  c.b.m.core.injector.AbstractMethod - [com.example.demo.mapper.PzbMapper.update] Has been loaded by XML or SqlProvider or Mybatis's Annotation, so ignoring this injection for [class com.baomidou.mybatisplus.core.injector.methods.Update]
2026-06-05 10:30:00 [restartedMain] WARN  c.b.m.core.metadata.TableInfoHelper - Can not find table primary key in Class: "com.example.demo.entity.Power".
2026-06-05 10:30:01 [restartedMain] WARN  c.b.m.core.injector.AbstractMethod - [com.example.demo.mapper.ScgdMapper.insert] Has been loaded by XML or SqlProvider or Mybatis's Annotation, so ignoring this injection for [class com.baomidou.mybatisplus.core.injector.methods.Insert]
2026-06-05 10:30:01 [restartedMain] WARN  c.b.m.core.injector.AbstractMethod - [com.example.demo.mapper.ScgdMapper.deleteById] Has been loaded by XML or SqlProvider or Mybatis's Annotation, so ignoring this injection for [class com.baomidou.mybatisplus.core.injector.methods.DeleteById]
2026-06-05 10:30:01 [restartedMain] WARN  c.b.m.core.injector.AbstractMethod - [com.example.demo.mapper.ScgdMapper.update] Has been loaded by XML or SqlProvider or Mybatis's Annotation, so ignoring this injection for [class com.baomidou.mybatisplus.core.injector.methods.Update]
2026-06-05 10:30:01 [restartedMain] INFO  o.s.b.a.w.s.WelcomePageHandlerMapping - Adding welcome page: class path resource [templates/index.html]
2026-06-05 10:30:02 [restartedMain] INFO  o.s.b.d.a.OptionalLiveReloadServer - LiveReload server is running on port 35729
2026-06-05 10:30:02 [restartedMain] INFO  o.s.b.w.e.tomcat.TomcatWebServer - Tomcat started on port(s): 9095 (http) with context path ''
2026-06-05 10:30:02 [restartedMain] INFO  com.example.demo.DemoApplication - Started DemoApplication in 13.634 seconds (JVM running for 16.421)
2026-06-05 10:31:45 [http-nio-9095-exec-1] INFO  o.a.tomcat.util.http.parser.Cookie - A cookie header was received [__session:0.5312382128745498:=http:] that contained an invalid cookie. That cookie will be ignored.
 Note: further occurrences of this error will be logged at DEBUG level.
2026-06-05 10:31:45 [http-nio-9095-exec-1] INFO  o.a.c.c.C.[Tomcat].[localhost].[/] - Initializing Spring DispatcherServlet 'dispatcherServlet'
2026-06-05 10:31:45 [http-nio-9095-exec-1] INFO  o.s.web.servlet.DispatcherServlet - Initializing Servlet 'dispatcherServlet'
2026-06-05 10:31:45 [http-nio-9095-exec-1] INFO  o.s.web.servlet.DispatcherServlet - Completed initialization in 29 ms
2026-06-05 10:33:04 [restartedMain] INFO  com.example.demo.DemoApplication - Starting DemoApplication using Java 1.8.0_281 on WIN-20260505BQO with PID 1312 (D:\yh_soft\t763812834_java\code\target\classes started by Administrator in D:\yh_soft\t763812834_java\code)
2026-06-05 10:33:04 [restartedMain] INFO  com.example.demo.DemoApplication - The following 1 profile is active: "dev"
2026-06-05 10:33:04 [restartedMain] INFO  o.s.b.d.e.DevToolsPropertyDefaultsPostProcessor - Devtools property defaults active! Set 'spring.devtools.add-properties' to 'false' to disable
2026-06-05 10:33:04 [restartedMain] INFO  o.s.b.d.e.DevToolsPropertyDefaultsPostProcessor - For additional web related logging consider setting the 'logging.level.web' property to 'DEBUG'
2026-06-05 10:33:05 [restartedMain] INFO  o.s.d.r.c.RepositoryConfigurationDelegate - Multiple Spring Data modules found, entering strict repository configuration mode
2026-06-05 10:33:05 [restartedMain] INFO  o.s.d.r.c.RepositoryConfigurationDelegate - Bootstrapping Spring Data Redis repositories in DEFAULT mode.
2026-06-05 10:33:05 [restartedMain] INFO  o.s.d.r.c.RepositoryConfigurationDelegate - Finished Spring Data repository scanning in 31 ms. Found 0 Redis repository interfaces.
2026-06-05 10:33:06 [restartedMain] INFO  o.s.c.s.PostProcessorRegistrationDelegate$BeanPostProcessorChecker - Bean 'spring.datasource.dynamic-com.baomidou.dynamic.datasource.spring.boot.autoconfigure.DynamicDataSourceProperties' of type [com.baomidou.dynamic.datasource.spring.boot.autoconfigure.DynamicDataSourceProperties] is not eligible for getting processed by all BeanPostProcessors (for example: not eligible for auto-proxying)
2026-06-05 10:33:06 [restartedMain] INFO  o.s.c.s.PostProcessorRegistrationDelegate$BeanPostProcessorChecker - Bean 'com.baomidou.dynamic.datasource.spring.boot.autoconfigure.DynamicDataSourceAutoConfiguration' of type [com.baomidou.dynamic.datasource.spring.boot.autoconfigure.DynamicDataSourceAutoConfiguration$$EnhancerBySpringCGLIB$$f619feb0] is not eligible for getting processed by all BeanPostProcessors (for example: not eligible for auto-proxying)
2026-06-05 10:33:06 [restartedMain] INFO  o.s.c.s.PostProcessorRegistrationDelegate$BeanPostProcessorChecker - Bean 'dsProcessor' of type [com.baomidou.dynamic.datasource.processor.DsHeaderProcessor] is not eligible for getting processed by all BeanPostProcessors (for example: not eligible for auto-proxying)
2026-06-05 10:33:07 [restartedMain] INFO  o.s.b.w.e.tomcat.TomcatWebServer - Tomcat initialized with port(s): 9095 (http)
2026-06-05 10:33:07 [restartedMain] INFO  o.a.catalina.core.StandardService - Starting service [Tomcat]
2026-06-05 10:33:07 [restartedMain] INFO  o.a.catalina.core.StandardEngine - Starting Servlet engine: [Apache Tomcat/9.0.65]
2026-06-05 10:33:07 [restartedMain] INFO  o.a.c.c.C.[Tomcat].[localhost].[/] - Initializing Spring embedded WebApplicationContext
2026-06-05 10:33:07 [restartedMain] INFO  o.s.b.w.s.c.ServletWebServerApplicationContext - Root WebApplicationContext: initialization completed in 3100 ms
2026-06-05 10:33:12 [restartedMain] INFO  c.b.d.d.DynamicRoutingDataSource - dynamic-datasource - add a datasource named [druid] success
2026-06-05 10:33:12 [restartedMain] INFO  c.b.d.d.DynamicRoutingDataSource - dynamic-datasource - add a datasource named [softtime] success
2026-06-05 10:33:12 [restartedMain] INFO  c.b.d.d.DynamicRoutingDataSource - dynamic-datasource initial loaded [2] datasource,primary datasource named [druid]
2026-06-05 10:33:14 [restartedMain] WARN  c.b.m.core.injector.AbstractMethod - [com.example.demo.mapper.CgmxMapper.insert] Has been loaded by XML or SqlProvider or Mybatis's Annotation, so ignoring this injection for [class com.baomidou.mybatisplus.core.injector.methods.Insert]
2026-06-05 10:33:14 [restartedMain] WARN  c.b.m.core.injector.AbstractMethod - [com.example.demo.mapper.CgmxMapper.deleteById] Has been loaded by XML or SqlProvider or Mybatis's Annotation, so ignoring this injection for [class com.baomidou.mybatisplus.core.injector.methods.DeleteById]
2026-06-05 10:33:14 [restartedMain] WARN  c.b.m.core.injector.AbstractMethod - [com.example.demo.mapper.CgmxMapper.update] Has been loaded by XML or SqlProvider or Mybatis's Annotation, so ignoring this injection for [class com.baomidou.mybatisplus.core.injector.methods.Update]
2026-06-05 10:33:14 [restartedMain] WARN  c.b.m.core.injector.AbstractMethod - [com.example.demo.mapper.XdmxMapper.insert] Has been loaded by XML or SqlProvider or Mybatis's Annotation, so ignoring this injection for [class com.baomidou.mybatisplus.core.injector.methods.Insert]
2026-06-05 10:33:14 [restartedMain] WARN  c.b.m.core.injector.AbstractMethod - [com.example.demo.mapper.XdmxMapper.deleteById] Has been loaded by XML or SqlProvider or Mybatis's Annotation, so ignoring this injection for [class com.baomidou.mybatisplus.core.injector.methods.DeleteById]
2026-06-05 10:33:14 [restartedMain] WARN  c.b.m.core.injector.AbstractMethod - [com.example.demo.mapper.XdmxMapper.update] Has been loaded by XML or SqlProvider or Mybatis's Annotation, so ignoring this injection for [class com.baomidou.mybatisplus.core.injector.methods.Update]
2026-06-05 10:33:14 [restartedMain] WARN  c.b.m.core.injector.AbstractMethod - [com.example.demo.mapper.PzbMapper.update] Has been loaded by XML or SqlProvider or Mybatis's Annotation, so ignoring this injection for [class com.baomidou.mybatisplus.core.injector.methods.Update]
2026-06-05 10:33:15 [restartedMain] WARN  c.b.m.core.metadata.TableInfoHelper - Can not find table primary key in Class: "com.example.demo.entity.Power".
2026-06-05 10:33:15 [restartedMain] WARN  c.b.m.core.injector.AbstractMethod - [com.example.demo.mapper.ScgdMapper.insert] Has been loaded by XML or SqlProvider or Mybatis's Annotation, so ignoring this injection for [class com.baomidou.mybatisplus.core.injector.methods.Insert]
2026-06-05 10:33:15 [restartedMain] WARN  c.b.m.core.injector.AbstractMethod - [com.example.demo.mapper.ScgdMapper.deleteById] Has been loaded by XML or SqlProvider or Mybatis's Annotation, so ignoring this injection for [class com.baomidou.mybatisplus.core.injector.methods.DeleteById]
2026-06-05 10:33:15 [restartedMain] WARN  c.b.m.core.injector.AbstractMethod - [com.example.demo.mapper.ScgdMapper.update] Has been loaded by XML or SqlProvider or Mybatis's Annotation, so ignoring this injection for [class com.baomidou.mybatisplus.core.injector.methods.Update]
2026-06-05 10:33:16 [restartedMain] INFO  o.s.b.a.w.s.WelcomePageHandlerMapping - Adding welcome page: class path resource [templates/index.html]
2026-06-05 10:33:16 [restartedMain] INFO  o.s.b.d.a.OptionalLiveReloadServer - LiveReload server is running on port 35729
2026-06-05 10:33:16 [restartedMain] INFO  o.s.b.w.e.tomcat.TomcatWebServer - Tomcat started on port(s): 9095 (http) with context path ''
2026-06-05 10:33:16 [restartedMain] INFO  com.example.demo.DemoApplication - Started DemoApplication in 14.183 seconds (JVM running for 16.855)
2026-06-05 10:35:36 [http-nio-9095-exec-3] INFO  o.a.tomcat.util.http.parser.Cookie - A cookie header was received [__session:0.5312382128745498:=http:] that contained an invalid cookie. That cookie will be ignored.
 Note: further occurrences of this error will be logged at DEBUG level.
2026-06-05 10:35:36 [http-nio-9095-exec-3] INFO  o.a.c.c.C.[Tomcat].[localhost].[/] - Initializing Spring DispatcherServlet 'dispatcherServlet'
2026-06-05 10:35:36 [http-nio-9095-exec-3] INFO  o.s.web.servlet.DispatcherServlet - Initializing Servlet 'dispatcherServlet'
2026-06-05 10:35:36 [http-nio-9095-exec-3] INFO  o.s.web.servlet.DispatcherServlet - Completed initialization in 6 ms
2026-06-05 10:39:31 [restartedMain] INFO  com.example.demo.DemoApplication - Starting DemoApplication using Java 1.8.0_281 on WIN-20260505BQO with PID 10032 (D:\yh_soft\t763812834_java\code\target\classes started by Administrator in D:\yh_soft\t763812834_java\code)
2026-06-05 10:39:31 [restartedMain] INFO  com.example.demo.DemoApplication - The following 1 profile is active: "dev"
2026-06-05 10:39:31 [restartedMain] INFO  o.s.b.d.e.DevToolsPropertyDefaultsPostProcessor - Devtools property defaults active! Set 'spring.devtools.add-properties' to 'false' to disable
2026-06-05 10:39:31 [restartedMain] INFO  o.s.b.d.e.DevToolsPropertyDefaultsPostProcessor - For additional web related logging consider setting the 'logging.level.web' property to 'DEBUG'
2026-06-05 10:39:33 [restartedMain] INFO  o.s.d.r.c.RepositoryConfigurationDelegate - Multiple Spring Data modules found, entering strict repository configuration mode
2026-06-05 10:39:33 [restartedMain] INFO  o.s.d.r.c.RepositoryConfigurationDelegate - Bootstrapping Spring Data Redis repositories in DEFAULT mode.
2026-06-05 10:39:33 [restartedMain] INFO  o.s.d.r.c.RepositoryConfigurationDelegate - Finished Spring Data repository scanning in 31 ms. Found 0 Redis repository interfaces.
2026-06-05 10:39:34 [restartedMain] INFO  o.s.c.s.PostProcessorRegistrationDelegate$BeanPostProcessorChecker - Bean 'spring.datasource.dynamic-com.baomidou.dynamic.datasource.spring.boot.autoconfigure.DynamicDataSourceProperties' of type [com.baomidou.dynamic.datasource.spring.boot.autoconfigure.DynamicDataSourceProperties] is not eligible for getting processed by all BeanPostProcessors (for example: not eligible for auto-proxying)
2026-06-05 10:39:34 [restartedMain] INFO  o.s.c.s.PostProcessorRegistrationDelegate$BeanPostProcessorChecker - Bean 'com.baomidou.dynamic.datasource.spring.boot.autoconfigure.DynamicDataSourceAutoConfiguration' of type [com.baomidou.dynamic.datasource.spring.boot.autoconfigure.DynamicDataSourceAutoConfiguration$$EnhancerBySpringCGLIB$$cf98a119] is not eligible for getting processed by all BeanPostProcessors (for example: not eligible for auto-proxying)
2026-06-05 10:39:34 [restartedMain] INFO  o.s.c.s.PostProcessorRegistrationDelegate$BeanPostProcessorChecker - Bean 'dsProcessor' of type [com.baomidou.dynamic.datasource.processor.DsHeaderProcessor] is not eligible for getting processed by all BeanPostProcessors (for example: not eligible for auto-proxying)
2026-06-05 10:39:34 [restartedMain] INFO  o.s.b.w.e.tomcat.TomcatWebServer - Tomcat initialized with port(s): 9095 (http)
2026-06-05 10:39:34 [restartedMain] INFO  o.a.catalina.core.StandardService - Starting service [Tomcat]
2026-06-05 10:39:34 [restartedMain] INFO  o.a.catalina.core.StandardEngine - Starting Servlet engine: [Apache Tomcat/9.0.65]
2026-06-05 10:39:34 [restartedMain] INFO  o.a.c.c.C.[Tomcat].[localhost].[/] - Initializing Spring embedded WebApplicationContext
2026-06-05 10:39:34 [restartedMain] INFO  o.s.b.w.s.c.ServletWebServerApplicationContext - Root WebApplicationContext: initialization completed in 3059 ms
2026-06-05 10:39:39 [restartedMain] INFO  c.b.d.d.DynamicRoutingDataSource - dynamic-datasource - add a datasource named [druid] success
2026-06-05 10:39:39 [restartedMain] INFO  c.b.d.d.DynamicRoutingDataSource - dynamic-datasource - add a datasource named [softtime] success
2026-06-05 10:39:39 [restartedMain] INFO  c.b.d.d.DynamicRoutingDataSource - dynamic-datasource initial loaded [2] datasource,primary datasource named [druid]
2026-06-05 10:39:41 [restartedMain] WARN  c.b.m.core.injector.AbstractMethod - [com.example.demo.mapper.CgmxMapper.insert] Has been loaded by XML or SqlProvider or Mybatis's Annotation, so ignoring this injection for [class com.baomidou.mybatisplus.core.injector.methods.Insert]
2026-06-05 10:39:41 [restartedMain] WARN  c.b.m.core.injector.AbstractMethod - [com.example.demo.mapper.CgmxMapper.deleteById] Has been loaded by XML or SqlProvider or Mybatis's Annotation, so ignoring this injection for [class com.baomidou.mybatisplus.core.injector.methods.DeleteById]
2026-06-05 10:39:41 [restartedMain] WARN  c.b.m.core.injector.AbstractMethod - [com.example.demo.mapper.CgmxMapper.update] Has been loaded by XML or SqlProvider or Mybatis's Annotation, so ignoring this injection for [class com.baomidou.mybatisplus.core.injector.methods.Update]
2026-06-05 10:39:41 [restartedMain] WARN  c.b.m.core.injector.AbstractMethod - [com.example.demo.mapper.XdmxMapper.insert] Has been loaded by XML or SqlProvider or Mybatis's Annotation, so ignoring this injection for [class com.baomidou.mybatisplus.core.injector.methods.Insert]
2026-06-05 10:39:41 [restartedMain] WARN  c.b.m.core.injector.AbstractMethod - [com.example.demo.mapper.XdmxMapper.deleteById] Has been loaded by XML or SqlProvider or Mybatis's Annotation, so ignoring this injection for [class com.baomidou.mybatisplus.core.injector.methods.DeleteById]
2026-06-05 10:39:41 [restartedMain] WARN  c.b.m.core.injector.AbstractMethod - [com.example.demo.mapper.XdmxMapper.update] Has been loaded by XML or SqlProvider or Mybatis's Annotation, so ignoring this injection for [class com.baomidou.mybatisplus.core.injector.methods.Update]
2026-06-05 10:39:41 [restartedMain] WARN  c.b.m.core.injector.AbstractMethod - [com.example.demo.mapper.PzbMapper.update] Has been loaded by XML or SqlProvider or Mybatis's Annotation, so ignoring this injection for [class com.baomidou.mybatisplus.core.injector.methods.Update]
2026-06-05 10:39:42 [restartedMain] WARN  c.b.m.core.metadata.TableInfoHelper - Can not find table primary key in Class: "com.example.demo.entity.Power".
2026-06-05 10:39:43 [restartedMain] WARN  c.b.m.core.injector.AbstractMethod - [com.example.demo.mapper.ScgdMapper.insert] Has been loaded by XML or SqlProvider or Mybatis's Annotation, so ignoring this injection for [class com.baomidou.mybatisplus.core.injector.methods.Insert]
2026-06-05 10:39:43 [restartedMain] WARN  c.b.m.core.injector.AbstractMethod - [com.example.demo.mapper.ScgdMapper.deleteById] Has been loaded by XML or SqlProvider or Mybatis's Annotation, so ignoring this injection for [class com.baomidou.mybatisplus.core.injector.methods.DeleteById]
2026-06-05 10:39:43 [restartedMain] WARN  c.b.m.core.injector.AbstractMethod - [com.example.demo.mapper.ScgdMapper.update] Has been loaded by XML or SqlProvider or Mybatis's Annotation, so ignoring this injection for [class com.baomidou.mybatisplus.core.injector.methods.Update]
2026-06-05 10:39:43 [restartedMain] INFO  o.s.b.a.w.s.WelcomePageHandlerMapping - Adding welcome page: class path resource [templates/index.html]
2026-06-05 10:39:44 [restartedMain] INFO  o.s.b.d.a.OptionalLiveReloadServer - LiveReload server is running on port 35729
2026-06-05 10:39:44 [restartedMain] INFO  o.s.b.w.e.tomcat.TomcatWebServer - Tomcat started on port(s): 9095 (http) with context path ''
2026-06-05 10:39:44 [restartedMain] INFO  com.example.demo.DemoApplication - Started DemoApplication in 14.09 seconds (JVM running for 16.936)
2026-06-05 10:40:13 [http-nio-9095-exec-3] INFO  o.a.c.c.C.[Tomcat].[localhost].[/] - Initializing Spring DispatcherServlet 'dispatcherServlet'
2026-06-05 10:40:13 [http-nio-9095-exec-3] INFO  o.s.web.servlet.DispatcherServlet - Initializing Servlet 'dispatcherServlet'
2026-06-05 10:40:13 [http-nio-9095-exec-3] INFO  o.s.web.servlet.DispatcherServlet - Completed initialization in 3 ms
2026-06-05 10:40:13 [http-nio-9095-exec-10] INFO  o.a.tomcat.util.http.parser.Cookie - A cookie header was received [__session:0.5312382128745498:=http:] that contained an invalid cookie. That cookie will be ignored.
 Note: further occurrences of this error will be logged at DEBUG level.
2026-06-05 10:40:42 [http-nio-9095-exec-4] INFO  c.e.demo.controller.XdmxController - 订单驳回成功，ID: 6371
2026-06-05 10:43:01 [restartedMain] INFO  com.example.demo.DemoApplication - Starting DemoApplication using Java 1.8.0_281 on WIN-20260505BQO with PID 11752 (D:\yh_soft\t763812834_java\code\target\classes started by Administrator in D:\yh_soft\t763812834_java\code)
2026-06-05 10:43:01 [restartedMain] INFO  com.example.demo.DemoApplication - The following 1 profile is active: "dev"
2026-06-05 10:43:01 [restartedMain] INFO  o.s.b.d.e.DevToolsPropertyDefaultsPostProcessor - Devtools property defaults active! Set 'spring.devtools.add-properties' to 'false' to disable
2026-06-05 10:43:01 [restartedMain] INFO  o.s.b.d.e.DevToolsPropertyDefaultsPostProcessor - For additional web related logging consider setting the 'logging.level.web' property to 'DEBUG'
2026-06-05 10:43:03 [restartedMain] INFO  o.s.d.r.c.RepositoryConfigurationDelegate - Multiple Spring Data modules found, entering strict repository configuration mode
2026-06-05 10:43:03 [restartedMain] INFO  o.s.d.r.c.RepositoryConfigurationDelegate - Bootstrapping Spring Data Redis repositories in DEFAULT mode.
2026-06-05 10:43:03 [restartedMain] INFO  o.s.d.r.c.RepositoryConfigurationDelegate - Finished Spring Data repository scanning in 41 ms. Found 0 Redis repository interfaces.
2026-06-05 10:43:04 [restartedMain] INFO  o.s.c.s.PostProcessorRegistrationDelegate$BeanPostProcessorChecker - Bean 'spring.datasource.dynamic-com.baomidou.dynamic.datasource.spring.boot.autoconfigure.DynamicDataSourceProperties' of type [com.baomidou.dynamic.datasource.spring.boot.autoconfigure.DynamicDataSourceProperties] is not eligible for getting processed by all BeanPostProcessors (for example: not eligible for auto-proxying)
2026-06-05 10:43:04 [restartedMain] INFO  o.s.c.s.PostProcessorRegistrationDelegate$BeanPostProcessorChecker - Bean 'com.baomidou.dynamic.datasource.spring.boot.autoconfigure.DynamicDataSourceAutoConfiguration' of type [com.baomidou.dynamic.datasource.spring.boot.autoconfigure.DynamicDataSourceAutoConfiguration$$EnhancerBySpringCGLIB$$cf98a119] is not eligible for getting processed by all BeanPostProcessors (for example: not eligible for auto-proxying)
2026-06-05 10:43:04 [restartedMain] INFO  o.s.c.s.PostProcessorRegistrationDelegate$BeanPostProcessorChecker - Bean 'dsProcessor' of type [com.baomidou.dynamic.datasource.processor.DsHeaderProcessor] is not eligible for getting processed by all BeanPostProcessors (for example: not eligible for auto-proxying)
2026-06-05 10:43:05 [restartedMain] INFO  o.s.b.w.e.tomcat.TomcatWebServer - Tomcat initialized with port(s): 9095 (http)
2026-06-05 10:43:05 [restartedMain] INFO  o.a.catalina.core.StandardService - Starting service [Tomcat]
2026-06-05 10:43:05 [restartedMain] INFO  o.a.catalina.core.StandardEngine - Starting Servlet engine: [Apache Tomcat/9.0.65]
2026-06-05 10:43:05 [restartedMain] INFO  o.a.c.c.C.[Tomcat].[localhost].[/] - Initializing Spring embedded WebApplicationContext
2026-06-05 10:43:05 [restartedMain] INFO  o.s.b.w.s.c.ServletWebServerApplicationContext - Root WebApplicationContext: initialization completed in 3749 ms
2026-06-05 10:43:11 [restartedMain] INFO  c.b.d.d.DynamicRoutingDataSource - dynamic-datasource - add a datasource named [druid] success
2026-06-05 10:43:11 [restartedMain] INFO  c.b.d.d.DynamicRoutingDataSource - dynamic-datasource - add a datasource named [softtime] success
2026-06-05 10:43:11 [restartedMain] INFO  c.b.d.d.DynamicRoutingDataSource - dynamic-datasource initial loaded [2] datasource,primary datasource named [druid]
2026-06-05 10:43:12 [restartedMain] WARN  c.b.m.core.injector.AbstractMethod - [com.example.demo.mapper.CgmxMapper.insert] Has been loaded by XML or SqlProvider or Mybatis's Annotation, so ignoring this injection for [class com.baomidou.mybatisplus.core.injector.methods.Insert]
2026-06-05 10:43:12 [restartedMain] WARN  c.b.m.core.injector.AbstractMethod - [com.example.demo.mapper.CgmxMapper.deleteById] Has been loaded by XML or SqlProvider or Mybatis's Annotation, so ignoring this injection for [class com.baomidou.mybatisplus.core.injector.methods.DeleteById]
2026-06-05 10:43:12 [restartedMain] WARN  c.b.m.core.injector.AbstractMethod - [com.example.demo.mapper.CgmxMapper.update] Has been loaded by XML or SqlProvider or Mybatis's Annotation, so ignoring this injection for [class com.baomidou.mybatisplus.core.injector.methods.Update]
2026-06-05 10:43:13 [restartedMain] WARN  c.b.m.core.injector.AbstractMethod - [com.example.demo.mapper.XdmxMapper.insert] Has been loaded by XML or SqlProvider or Mybatis's Annotation, so ignoring this injection for [class com.baomidou.mybatisplus.core.injector.methods.Insert]
2026-06-05 10:43:13 [restartedMain] WARN  c.b.m.core.injector.AbstractMethod - [com.example.demo.mapper.XdmxMapper.deleteById] Has been loaded by XML or SqlProvider or Mybatis's Annotation, so ignoring this injection for [class com.baomidou.mybatisplus.core.injector.methods.DeleteById]
2026-06-05 10:43:13 [restartedMain] WARN  c.b.m.core.injector.AbstractMethod - [com.example.demo.mapper.XdmxMapper.update] Has been loaded by XML or SqlProvider or Mybatis's Annotation, so ignoring this injection for [class com.baomidou.mybatisplus.core.injector.methods.Update]
2026-06-05 10:43:13 [restartedMain] WARN  c.b.m.core.injector.AbstractMethod - [com.example.demo.mapper.PzbMapper.update] Has been loaded by XML or SqlProvider or Mybatis's Annotation, so ignoring this injection for [class com.baomidou.mybatisplus.core.injector.methods.Update]
2026-06-05 10:43:13 [restartedMain] WARN  c.b.m.core.metadata.TableInfoHelper - Can not find table primary key in Class: "com.example.demo.entity.Power".
2026-06-05 10:43:13 [restartedMain] WARN  c.b.m.core.injector.AbstractMethod - [com.example.demo.mapper.ScgdMapper.insert] Has been loaded by XML or SqlProvider or Mybatis's Annotation, so ignoring this injection for [class com.baomidou.mybatisplus.core.injector.methods.Insert]
2026-06-05 10:43:13 [restartedMain] WARN  c.b.m.core.injector.AbstractMethod - [com.example.demo.mapper.ScgdMapper.deleteById] Has been loaded by XML or SqlProvider or Mybatis's Annotation, so ignoring this injection for [class com.baomidou.mybatisplus.core.injector.methods.DeleteById]
2026-06-05 10:43:13 [restartedMain] WARN  c.b.m.core.injector.AbstractMethod - [com.example.demo.mapper.ScgdMapper.update] Has been loaded by XML or SqlProvider or Mybatis's Annotation, so ignoring this injection for [class com.baomidou.mybatisplus.core.injector.methods.Update]
2026-06-05 10:43:14 [restartedMain] INFO  o.s.b.a.w.s.WelcomePageHandlerMapping - Adding welcome page: class path resource [templates/index.html]
2026-06-05 10:43:15 [restartedMain] INFO  o.s.b.d.a.OptionalLiveReloadServer - LiveReload server is running on port 35729
2026-06-05 10:43:15 [restartedMain] INFO  o.s.b.w.e.tomcat.TomcatWebServer - Tomcat started on port(s): 9095 (http) with context path ''
2026-06-05 10:43:15 [restartedMain] INFO  com.example.demo.DemoApplication - Started DemoApplication in 14.943 seconds (JVM running for 17.676)
2026-06-05 10:44:08 [http-nio-9095-exec-1] INFO  o.a.tomcat.util.http.parser.Cookie - A cookie header was received [__session:0.5312382128745498:=http:] that contained an invalid cookie. That cookie will be ignored.
 Note: further occurrences of this error will be logged at DEBUG level.
2026-06-05 10:44:08 [http-nio-9095-exec-1] INFO  o.a.c.c.C.[Tomcat].[localhost].[/] - Initializing Spring DispatcherServlet 'dispatcherServlet'
2026-06-05 10:44:08 [http-nio-9095-exec-1] INFO  o.s.web.servlet.DispatcherServlet - Initializing Servlet 'dispatcherServlet'
2026-06-05 10:44:08 [http-nio-9095-exec-1] INFO  o.s.web.servlet.DispatcherServlet - Completed initialization in 2 ms
2026-06-05 10:45:05 [http-nio-9095-exec-1] INFO  c.e.demo.controller.XdmxController - 订单驳回成功，ID: 6378
2026-06-05 10:45:14 [http-nio-9095-exec-5] INFO  c.e.demo.controller.XdmxController - 订单清除成功，ID: 6394
2026-06-05 10:46:22 [http-nio-9095-exec-9] INFO  c.e.demo.controller.CaigouController - 返回结果: data大小=17
2026-06-05 10:46:26 [http-nio-9095-exec-4] INFO  c.e.demo.controller.DyshdController - 返回结果: data大小=97
2026-06-05 10:46:27 [http-nio-9095-exec-5] INFO  c.e.demo.controller.DzdController - 分页信息: 第1页/共8页, 每页20条/共155条
2026-06-05 10:46:27 [http-nio-9095-exec-5] INFO  c.e.demo.controller.DzdController - 查询到 20 条记录:
2026-06-05 10:46:27 [http-nio-9095-exec-5] INFO  c.e.demo.controller.DzdController - 记录 1: {khmc="奥茵绅智能装备（苏州）有限公司", yifu="", lxr="吕汉东", ddh="GXDD092026042703", sfkp="未开票", kpsj="", wf="", ddrq="2026/04/27", rn=1, yfsj="1200.00", pdf_file_name="http://yhocn.cn:9088/t763812834_java_sharepic/GXDD...", fzr="崔玉泽", dzzt="2026-05-28"}
2026-06-05 10:46:27 [http-nio-9095-exec-5] INFO  c.e.demo.controller.DzdController - 记录 2: {khmc="奥茵绅智能装备（苏州）有限公司", yifu="", lxr="吕汉东", ddh="GXDD072026041701", sfkp="未开票", kpsj="", wf="", ddrq="2026/04/17", rn=2, yfsj="572.00", pdf_file_name="http://yhocn.cn:9088/t763812834_java_sharepic/GXDD...", fzr="陶海鑫", dzzt="2026-05-27"}
2026-06-05 10:46:27 [http-nio-9095-exec-5] INFO  c.e.demo.controller.DzdController - 记录 3: {khmc="碧绿威自动化（苏州）有限公司", yifu="", lxr="程周伟", ddh="SU-PO26040353", sfkp="未开票", kpsj="", wf="", ddrq="2026/04/30", rn=3, yfsj="660.00", pdf_file_name="http://yhocn.cn:9088/t763812834_java_sharepic/SU-P...", fzr="钱晓斌", dzzt="2026-05-27"}
2026-06-05 10:46:27 [http-nio-9095-exec-5] INFO  c.e.demo.controller.DzdController - 记录 4: {khmc="碧绿威自动化（苏州）有限公司", yifu="", lxr="程周伟", ddh="SU-PO26040325", sfkp="未开票", kpsj="", wf="", ddrq="2026/04/28", rn=4, yfsj="336.00", pdf_file_name="http://yhocn.cn:9088/t763812834_java_sharepic/SU-P...", fzr="钱晓斌", dzzt="2026-05-27"}
2026-06-05 10:46:27 [http-nio-9095-exec-5] INFO  c.e.demo.controller.DzdController - 记录 5: {khmc="驰威格自动化设备（苏州）有限公司", yifu="", lxr="杨重阳", ddh="CWG20260427008", sfkp="未开票", kpsj="", wf="", ddrq="2026/04/27", rn=5, yfsj="3660.00", pdf_file_name="http://yhocn.cn:9088/t763812834_java_sharepic/CWG2...", fzr="雷媛", dzzt=null}
2026-06-05 10:46:27 [http-nio-9095-exec-5] INFO  c.e.demo.controller.DzdController - 记录 6: {khmc="德鑫隆（苏州）智能装备有限公司", yifu="", lxr="王影", ddh="GXDD052026041601", sfkp="未开票", kpsj="", wf="", ddrq="2026/04/16", rn=6, yfsj="1950.00", pdf_file_name="http://yhocn.cn:9088/t763812834_java_sharepic/GXDD...", fzr="董伟辰", dzzt=null}
2026-06-05 10:46:27 [http-nio-9095-exec-5] INFO  c.e.demo.controller.DzdController - 记录 7: {khmc="东莞市伟亿鑫自动化科技有限公司", yifu="", lxr="吴有才", ddh="GXDD042026042901", sfkp="未开票", kpsj="", wf="", ddrq="2026/04/29", rn=7, yfsj="3210.00", pdf_file_name="http://yhocn.cn:9088/t763812834_java_sharepic/GXDD...", fzr="雷媛", dzzt=null}
2026-06-05 10:46:27 [http-nio-9095-exec-5] INFO  c.e.demo.controller.DzdController - 记录 8: {khmc="东莞市伟亿鑫自动化科技有限公司", yifu="", lxr="吴有才", ddh="GXDD042026042501", sfkp="未开票", kpsj="", wf="", ddrq="2026/04/25", rn=8, yfsj="74.00", pdf_file_name="http://yhocn.cn:9088/t763812834_java_sharepic/GXDD...", fzr="雷媛", dzzt=null}
2026-06-05 10:46:27 [http-nio-9095-exec-5] INFO  c.e.demo.controller.DzdController - 记录 9: {khmc="东莞市伟亿鑫自动化科技有限公司", yifu="", lxr="吴有才", ddh="GXDD042026042401", sfkp="未开票", kpsj="", wf="", ddrq="2026/04/24", rn=9, yfsj="1425.00", pdf_file_name="http://yhocn.cn:9088/t763812834_java_sharepic/GXDD...", fzr="雷媛", dzzt=null}
2026-06-05 10:46:27 [http-nio-9095-exec-5] INFO  c.e.demo.controller.DzdController - 记录 10: {khmc="丰铁机械（苏州）有限公司", yifu="", lxr="徐小姐", ddh="00KSHYX26004", sfkp="未开票", kpsj="", wf="", ddrq="2026/04/24", rn=10, yfsj="872.00", pdf_file_name="http://yhocn.cn:9088/t763812834_java_sharepic/00KS...", fzr="钱晓斌", dzzt=null}
2026-06-05 10:46:27 [http-nio-9095-exec-5] INFO  c.e.demo.controller.DzdController - 记录 11: {khmc="固德堡（昆山）精密机械有限公司", yifu="", lxr="成秀", ddh="JD-07-T-20260427-002", sfkp="未开票", kpsj="", wf="", ddrq="2026/04/27", rn=11, yfsj="920.00", pdf_file_name="http://yhocn.cn:9088/t763812834_java_sharepic/JD-0...", fzr="董伟辰", dzzt=null}
2026-06-05 10:46:27 [http-nio-9095-exec-5] INFO  c.e.demo.controller.DzdController - 记录 12: {khmc="海宁市华博机械有限公司", yifu="", lxr="马勤", ddh="GXDD092026042902", sfkp="未开票", kpsj="", wf="", ddrq="2026/04/29", rn=12, yfsj="1608.00", pdf_file_name=null, fzr="崔玉泽", dzzt=null}
2026-06-05 10:46:27 [http-nio-9095-exec-5] INFO  c.e.demo.controller.DzdController - 记录 13: {khmc="杭州锐毅科技有限公司", yifu="374.00", lxr="仓库", ddh="GXDD042026042804", sfkp="未开票", kpsj="", wf="", ddrq="2026/04/28", rn=13, yfsj="374.00", pdf_file_name="http://yhocn.cn:9088/t763812834_java_sharepic/GXDD...", fzr="雷媛", dzzt=null}
2026-06-05 10:46:27 [http-nio-9095-exec-5] INFO  c.e.demo.controller.DzdController - 记录 14: {khmc="湖南南方机床有限公司", yifu="", lxr="裴孝顺", ddh="SRMDD26041207", sfkp="未开票", kpsj="", wf="", ddrq="2026/04/28", rn=14, yfsj="5298.00", pdf_file_name=null, fzr="钱晓斌", dzzt="2026-05-27"}
2026-06-05 10:46:27 [http-nio-9095-exec-5] INFO  c.e.demo.controller.DzdController - 记录 15: {khmc="湖南南方机床有限公司", yifu="", lxr="裴孝顺", ddh="SRMDD26041026", sfkp="未开票", kpsj="", wf="", ddrq="2026/04/28", rn=15, yfsj="8290.00", pdf_file_name=null, fzr="钱晓斌", dzzt="2026-05-27"}
2026-06-05 10:46:27 [http-nio-9095-exec-5] INFO  c.e.demo.controller.DzdController - 记录 16: {khmc="湖南南方机床有限公司", yifu="", lxr="裴孝顺", ddh="GXDD012026042202", sfkp="未开票", kpsj="", wf="", ddrq="2026/04/22", rn=16, yfsj="2400.00", pdf_file_name=null, fzr="钱晓斌", dzzt="2026-05-27"}
2026-06-05 10:46:27 [http-nio-9095-exec-5] INFO  c.e.demo.controller.DzdController - 记录 17: {khmc="江苏创尚五金有限公司", yifu="600.00", lxr="李书萍", ddh="GXDD1020260424001", sfkp="未开票", kpsj="", wf="", ddrq="2026/04/24", rn=17, yfsj="600.00", pdf_file_name=null, fzr="李娇", dzzt=null}
2026-06-05 10:46:27 [http-nio-9095-exec-5] INFO  c.e.demo.controller.DzdController - 记录 18: {khmc="江苏港星方能超声洗净科技有限公司", yifu="", lxr="吴小姐", ddh="GXDD052026042202", sfkp="未开票", kpsj="", wf="", ddrq="2026/04/22", rn=18, yfsj="1884.00", pdf_file_name="http://yhocn.cn:9088/t763812834_java_sharepic/GXDD...", fzr="董伟辰", dzzt=null}
2026-06-05 10:46:27 [http-nio-9095-exec-5] INFO  c.e.demo.controller.DzdController - 记录 19: {khmc="江苏港星方能超声洗净科技有限公司", yifu="", lxr="吴小姐", ddh="GXDD052026041502", sfkp="未开票", kpsj="", wf="", ddrq="2026/04/15", rn=19, yfsj="21900.00", pdf_file_name="http://yhocn.cn:9088/t763812834_java_sharepic/GXDD...", fzr="董伟辰", dzzt=null}
2026-06-05 10:46:27 [http-nio-9095-exec-5] INFO  c.e.demo.controller.DzdController - 记录 20: {khmc="江苏金竑智能制造有限公司", yifu="", lxr="滕梦影", ddh="GXDD052026042201", sfkp="未开票", kpsj="", wf="", ddrq="2026/04/22", rn=20, yfsj="1400.00", pdf_file_name="http://yhocn.cn:9088/t763812834_java_sharepic/GXDD...", fzr="董伟辰", dzzt=null}
2026-06-05 10:46:30 [http-nio-9095-exec-7] INFO  c.example.demo.service.impl.KhxxImpl - SQL Server分页查询完成，页码: 1, 页大小: 20, 范围: 1-20, 总记录数: 271, 耗时: 529ms
2026-06-05 10:46:45 [http-nio-9095-exec-1] INFO  c.e.demo.controller.DzdController - 分页信息: 第1页/共8页, 每页20条/共155条
2026-06-05 10:46:45 [http-nio-9095-exec-1] INFO  c.e.demo.controller.DzdController - 查询到 20 条记录:
2026-06-05 10:46:45 [http-nio-9095-exec-1] INFO  c.e.demo.controller.DzdController - 记录 1: {khmc="奥茵绅智能装备（苏州）有限公司", yifu="", lxr="吕汉东", ddh="GXDD092026042703", sfkp="未开票", kpsj="", wf="", ddrq="2026/04/27", rn=1, yfsj="1200.00", pdf_file_name="http://yhocn.cn:9088/t763812834_java_sharepic/GXDD...", fzr="崔玉泽", dzzt="2026-05-28"}
2026-06-05 10:46:45 [http-nio-9095-exec-1] INFO  c.e.demo.controller.DzdController - 记录 2: {khmc="奥茵绅智能装备（苏州）有限公司", yifu="", lxr="吕汉东", ddh="GXDD072026041701", sfkp="未开票", kpsj="", wf="", ddrq="2026/04/17", rn=2, yfsj="572.00", pdf_file_name="http://yhocn.cn:9088/t763812834_java_sharepic/GXDD...", fzr="陶海鑫", dzzt="2026-05-27"}
2026-06-05 10:46:45 [http-nio-9095-exec-1] INFO  c.e.demo.controller.DzdController - 记录 3: {khmc="碧绿威自动化（苏州）有限公司", yifu="", lxr="程周伟", ddh="SU-PO26040353", sfkp="未开票", kpsj="", wf="", ddrq="2026/04/30", rn=3, yfsj="660.00", pdf_file_name="http://yhocn.cn:9088/t763812834_java_sharepic/SU-P...", fzr="钱晓斌", dzzt="2026-05-27"}
2026-06-05 10:46:45 [http-nio-9095-exec-1] INFO  c.e.demo.controller.DzdController - 记录 4: {khmc="碧绿威自动化（苏州）有限公司", yifu="", lxr="程周伟", ddh="SU-PO26040325", sfkp="未开票", kpsj="", wf="", ddrq="2026/04/28", rn=4, yfsj="336.00", pdf_file_name="http://yhocn.cn:9088/t763812834_java_sharepic/SU-P...", fzr="钱晓斌", dzzt="2026-05-27"}
2026-06-05 10:46:45 [http-nio-9095-exec-1] INFO  c.e.demo.controller.DzdController - 记录 5: {khmc="驰威格自动化设备（苏州）有限公司", yifu="", lxr="杨重阳", ddh="CWG20260427008", sfkp="未开票", kpsj="", wf="", ddrq="2026/04/27", rn=5, yfsj="3660.00", pdf_file_name="http://yhocn.cn:9088/t763812834_java_sharepic/CWG2...", fzr="雷媛", dzzt=null}
2026-06-05 10:46:45 [http-nio-9095-exec-1] INFO  c.e.demo.controller.DzdController - 记录 6: {khmc="德鑫隆（苏州）智能装备有限公司", yifu="", lxr="王影", ddh="GXDD052026041601", sfkp="未开票", kpsj="", wf="", ddrq="2026/04/16", rn=6, yfsj="1950.00", pdf_file_name="http://yhocn.cn:9088/t763812834_java_sharepic/GXDD...", fzr="董伟辰", dzzt=null}
2026-06-05 10:46:45 [http-nio-9095-exec-1] INFO  c.e.demo.controller.DzdController - 记录 7: {khmc="东莞市伟亿鑫自动化科技有限公司", yifu="", lxr="吴有才", ddh="GXDD042026042901", sfkp="未开票", kpsj="", wf="", ddrq="2026/04/29", rn=7, yfsj="3210.00", pdf_file_name="http://yhocn.cn:9088/t763812834_java_sharepic/GXDD...", fzr="雷媛", dzzt=null}
2026-06-05 10:46:45 [http-nio-9095-exec-1] INFO  c.e.demo.controller.DzdController - 记录 8: {khmc="东莞市伟亿鑫自动化科技有限公司", yifu="", lxr="吴有才", ddh="GXDD042026042501", sfkp="未开票", kpsj="", wf="", ddrq="2026/04/25", rn=8, yfsj="74.00", pdf_file_name="http://yhocn.cn:9088/t763812834_java_sharepic/GXDD...", fzr="雷媛", dzzt=null}
2026-06-05 10:46:45 [http-nio-9095-exec-1] INFO  c.e.demo.controller.DzdController - 记录 9: {khmc="东莞市伟亿鑫自动化科技有限公司", yifu="", lxr="吴有才", ddh="GXDD042026042401", sfkp="未开票", kpsj="", wf="", ddrq="2026/04/24", rn=9, yfsj="1425.00", pdf_file_name="http://yhocn.cn:9088/t763812834_java_sharepic/GXDD...", fzr="雷媛", dzzt=null}
2026-06-05 10:46:45 [http-nio-9095-exec-1] INFO  c.e.demo.controller.DzdController - 记录 10: {khmc="丰铁机械（苏州）有限公司", yifu="", lxr="徐小姐", ddh="00KSHYX26004", sfkp="未开票", kpsj="", wf="", ddrq="2026/04/24", rn=10, yfsj="872.00", pdf_file_name="http://yhocn.cn:9088/t763812834_java_sharepic/00KS...", fzr="钱晓斌", dzzt=null}
2026-06-05 10:46:45 [http-nio-9095-exec-1] INFO  c.e.demo.controller.DzdController - 记录 11: {khmc="固德堡（昆山）精密机械有限公司", yifu="", lxr="成秀", ddh="JD-07-T-20260427-002", sfkp="未开票", kpsj="", wf="", ddrq="2026/04/27", rn=11, yfsj="920.00", pdf_file_name="http://yhocn.cn:9088/t763812834_java_sharepic/JD-0...", fzr="董伟辰", dzzt=null}
2026-06-05 10:46:45 [http-nio-9095-exec-1] INFO  c.e.demo.controller.DzdController - 记录 12: {khmc="海宁市华博机械有限公司", yifu="", lxr="马勤", ddh="GXDD092026042902", sfkp="未开票", kpsj="", wf="", ddrq="2026/04/29", rn=12, yfsj="1608.00", pdf_file_name=null, fzr="崔玉泽", dzzt=null}
2026-06-05 10:46:45 [http-nio-9095-exec-1] INFO  c.e.demo.controller.DzdController - 记录 13: {khmc="杭州锐毅科技有限公司", yifu="374.00", lxr="仓库", ddh="GXDD042026042804", sfkp="未开票", kpsj="", wf="", ddrq="2026/04/28", rn=13, yfsj="374.00", pdf_file_name="http://yhocn.cn:9088/t763812834_java_sharepic/GXDD...", fzr="雷媛", dzzt=null}
2026-06-05 10:46:45 [http-nio-9095-exec-1] INFO  c.e.demo.controller.DzdController - 记录 14: {khmc="湖南南方机床有限公司", yifu="", lxr="裴孝顺", ddh="SRMDD26041207", sfkp="未开票", kpsj="", wf="", ddrq="2026/04/28", rn=14, yfsj="5298.00", pdf_file_name=null, fzr="钱晓斌", dzzt="2026-05-27"}
2026-06-05 10:46:45 [http-nio-9095-exec-1] INFO  c.e.demo.controller.DzdController - 记录 15: {khmc="湖南南方机床有限公司", yifu="", lxr="裴孝顺", ddh="SRMDD26041026", sfkp="未开票", kpsj="", wf="", ddrq="2026/04/28", rn=15, yfsj="8290.00", pdf_file_name=null, fzr="钱晓斌", dzzt="2026-05-27"}
2026-06-05 10:46:45 [http-nio-9095-exec-1] INFO  c.e.demo.controller.DzdController - 记录 16: {khmc="湖南南方机床有限公司", yifu="", lxr="裴孝顺", ddh="GXDD012026042202", sfkp="未开票", kpsj="", wf="", ddrq="2026/04/22", rn=16, yfsj="2400.00", pdf_file_name=null, fzr="钱晓斌", dzzt="2026-05-27"}
2026-06-05 10:46:45 [http-nio-9095-exec-1] INFO  c.e.demo.controller.DzdController - 记录 17: {khmc="江苏创尚五金有限公司", yifu="600.00", lxr="李书萍", ddh="GXDD1020260424001", sfkp="未开票", kpsj="", wf="", ddrq="2026/04/24", rn=17, yfsj="600.00", pdf_file_name=null, fzr="李娇", dzzt=null}
2026-06-05 10:46:45 [http-nio-9095-exec-1] INFO  c.e.demo.controller.DzdController - 记录 18: {khmc="江苏港星方能超声洗净科技有限公司", yifu="", lxr="吴小姐", ddh="GXDD052026042202", sfkp="未开票", kpsj="", wf="", ddrq="2026/04/22", rn=18, yfsj="1884.00", pdf_file_name="http://yhocn.cn:9088/t763812834_java_sharepic/GXDD...", fzr="董伟辰", dzzt=null}
2026-06-05 10:46:45 [http-nio-9095-exec-1] INFO  c.e.demo.controller.DzdController - 记录 19: {khmc="江苏港星方能超声洗净科技有限公司", yifu="", lxr="吴小姐", ddh="GXDD052026041502", sfkp="未开票", kpsj="", wf="", ddrq="2026/04/15", rn=19, yfsj="21900.00", pdf_file_name="http://yhocn.cn:9088/t763812834_java_sharepic/GXDD...", fzr="董伟辰", dzzt=null}
2026-06-05 10:46:45 [http-nio-9095-exec-1] INFO  c.e.demo.controller.DzdController - 记录 20: {khmc="江苏金竑智能制造有限公司", yifu="", lxr="滕梦影", ddh="GXDD052026042201", sfkp="未开票", kpsj="", wf="", ddrq="2026/04/22", rn=20, yfsj="1400.00", pdf_file_name="http://yhocn.cn:9088/t763812834_java_sharepic/GXDD...", fzr="董伟辰", dzzt=null}
2026-06-05 10:46:53 [http-nio-9095-exec-3] INFO  c.e.demo.controller.DzdjlController - 分页信息: 第1页/共15页, 每页20条/共281条
2026-06-05 10:46:53 [http-nio-9095-exec-3] INFO  c.e.demo.controller.DzdjlController - 查询到 20 条记录:
2026-06-05 10:46:53 [http-nio-9095-exec-3] INFO  c.e.demo.controller.DzdjlController - 记录 1: {khmc="安庆科迎自动化科技有限公司", yifu=4242.00, lxr="何雷", dzscwj=null, sfkp="未开票", duizhangdanhao="DZGXDD0120260527", kpsj="", wf=2940.00, duizhangriqi="2026-05-27", ddrq="2026/04/14", rn=1, yfsj=7182.00, pdf_file_name="http://yhocn.cn:9088/t763812834_java_sharepic/GXDD...", fzr="董伟辰", dzzt=null}
2026-06-05 10:46:53 [http-nio-9095-exec-3] INFO  c.e.demo.controller.DzdjlController - 记录 2: {khmc="安晟美自动化设备（苏州）有限公司", yifu=70.00, lxr="余总", dzscwj=null, sfkp="未开票", duizhangdanhao="DZGXDD0120260527", kpsj="", wf=0.00, duizhangriqi="2026-05-27", ddrq="2026/04/20", rn=2, yfsj=70.00, pdf_file_name=null, fzr="陶海鑫", dzzt="2026-05-27"}
2026-06-05 10:46:53 [http-nio-9095-exec-3] INFO  c.e.demo.controller.DzdjlController - 记录 3: {khmc="安徽铭毅景图智能制造有限责任公司", yifu=0.00, lxr="谢小姐", dzscwj=null, sfkp="未开票", duizhangdanhao="DZGXDD0120260522", kpsj="", wf=3453.00, duizhangriqi="2026-05-22", ddrq="2026/05/07", rn=3, yfsj=3453.00, pdf_file_name="http://yhocn.cn:9088/t763812834_java_sharepic/GXDD...", fzr="钱晓斌", dzzt=null}
2026-06-05 10:46:53 [http-nio-9095-exec-3] INFO  c.e.demo.controller.DzdjlController - 记录 4: {khmc="湖南南方机床有限公司", yifu=0.00, lxr="裴孝顺", dzscwj="http://yhocn.cn:9088/t763812834_java_sharepic/DZGX...", sfkp="已开票", duizhangdanhao="DZGXDD012026050701", kpsj="2026-05-07 17:20:14", wf=142282.00, duizhangriqi="2026-05-07", ddrq="2026/04/16", rn=4, yfsj=142282.00, pdf_file_name="http://yhocn.cn:9088/t763812834_java_sharepic/SRMD...", fzr="钱晓斌", dzzt=null}
2026-06-05 10:46:53 [http-nio-9095-exec-3] INFO  c.e.demo.controller.DzdjlController - 记录 5: {khmc="昆山润志科自动化设备有限公司", yifu=0.00, lxr="沈总", dzscwj="http://yhocn.cn:9088/t763812834_java_sharepic/DZGX...", sfkp="已开票", duizhangdanhao="DZGXDD012026043001", kpsj="2026-04-30 08:57:56", wf=26169.00, duizhangriqi="2026-04-30", ddrq="2026/04/16", rn=5, yfsj=26169.00, pdf_file_name=null, fzr="崔玉泽", dzzt=null}
2026-06-05 10:46:53 [http-nio-9095-exec-3] INFO  c.e.demo.controller.DzdjlController - 记录 6: {khmc="昆山埃森自动化技术有限公司", yifu=362.00, lxr="王跃金", dzscwj="http://yhocn.cn:9088/t763812834_java_sharepic/DZGX...", sfkp="已开票", duizhangdanhao="DZGXDD012026042901", kpsj="2026-04-29 14:56:38", wf=0.00, duizhangriqi="2026-04-29", ddrq="2026/04/22", rn=6, yfsj=362.00, pdf_file_name="http://yhocn.cn:9088/t763812834_java_sharepic/GXDD...", fzr="崔玉泽", dzzt=null}
2026-06-05 10:46:53 [http-nio-9095-exec-3] INFO  c.e.demo.controller.DzdjlController - 记录 7: {khmc="奥茵绅智能装备（苏州）有限公司", yifu=0.00, lxr="吕汉东", dzscwj="http://yhocn.cn:9088/t763812834_java_sharepic/DZGX...", sfkp="已开票", duizhangdanhao="DZGXDD012026042807", kpsj="2026-04-28 10:08:50", wf=4004.00, duizhangriqi="2026-04-28", ddrq="2026/04/09", rn=7, yfsj=4004.00, pdf_file_name="http://yhocn.cn:9088/t763812834_java_sharepic/GXDD...", fzr="陶海鑫", dzzt=null}
2026-06-05 10:46:53 [http-nio-9095-exec-3] INFO  c.e.demo.controller.DzdjlController - 记录 8: {khmc="江苏港星方能超声洗净科技有限公司", yifu=0.00, lxr="吴小姐", dzscwj="http://yhocn.cn:9088/t763812834_java_sharepic/DZGX...", sfkp="已开票", duizhangdanhao="DZGXDD012026042811", kpsj="2026-04-28 16:05:28", wf=10849.00, duizhangriqi="2026-04-28", ddrq="2026/04/07", rn=8, yfsj=10849.00, pdf_file_name="http://yhocn.cn:9088/t763812834_java_sharepic/GXDD...", fzr="董伟辰", dzzt=null}
2026-06-05 10:46:53 [http-nio-9095-exec-3] INFO  c.e.demo.controller.DzdjlController - 记录 9: {khmc="江苏洛银传动科技有限公司", yifu=1470.00, lxr="墨伟超", dzscwj="http://yhocn.cn:9088/t763812834_java_sharepic/DZGX...", sfkp="已开票", duizhangdanhao="DZGXDD012026042801", kpsj="2026-04-28 10:08:50", wf=0.00, duizhangriqi="2026-04-28", ddrq="2026/04/23", rn=9, yfsj=1470.00, pdf_file_name="http://yhocn.cn:9088/t763812834_java_sharepic/GXDD...", fzr="钱晓斌", dzzt=null}
2026-06-05 10:46:53 [http-nio-9095-exec-3] INFO  c.e.demo.controller.DzdjlController - 记录 10: {khmc="苏州博鲁克机器人系统工程有限公司", yifu=0.00, lxr="张兰", dzscwj="http://yhocn.cn:9088/t763812834_java_sharepic/DZGX...", sfkp="已开票", duizhangdanhao="DZGXDD012026042808", kpsj="2026-04-28 10:08:50", wf=10800.00, duizhangriqi="2026-04-28", ddrq="2026/03/19", rn=10, yfsj=10800.00, pdf_file_name="http://yhocn.cn:9088/t763812834_java_sharepic/BRC-...", fzr="陶海鑫", dzzt=null}
2026-06-05 10:46:53 [http-nio-9095-exec-3] INFO  c.e.demo.controller.DzdjlController - 记录 11: {khmc="维在德自动化科技（苏州）有限公司", yifu=10200.00, lxr="齐浩", dzscwj="http://yhocn.cn:9088/t763812834_java_sharepic/DZGX...", sfkp="已开票", duizhangdanhao="DZGXDD012026042810", kpsj="2026-04-28 15:37:29", wf=0.00, duizhangriqi="2026-04-28", ddrq="2026/04/18", rn=11, yfsj=10200.00, pdf_file_name=null, fzr="陶海鑫", dzzt=null}
2026-06-05 10:46:53 [http-nio-9095-exec-3] INFO  c.e.demo.controller.DzdjlController - 记录 12: {khmc="中设智能装备（苏州）有限公司", yifu=0.00, lxr="曹静", dzscwj="http://yhocn.cn:9088/t763812834_java_sharepic/DZGX...", sfkp="已开票", duizhangdanhao="DZGXDD012026042802", kpsj="2026-04-28 10:08:50", wf=50.00, duizhangriqi="2026-04-28", ddrq="2026/03/17", rn=12, yfsj=50.00, pdf_file_name="http://yhocn.cn:9088/t763812834_java_sharepic/GXDD...", fzr="陶海鑫", dzzt=null}
2026-06-05 10:46:53 [http-nio-9095-exec-3] INFO  c.e.demo.controller.DzdjlController - 记录 13: {khmc="中设智能装备（苏州）有限公司", yifu=0.00, lxr="曹静", dzscwj="http://yhocn.cn:9088/t763812834_java_sharepic/DZGX...", sfkp="已开票", duizhangdanhao="DZGXDD012026042803", kpsj="2026-04-28 10:08:50", wf=944.00, duizhangriqi="2026-04-28", ddrq="2026/03/19", rn=13, yfsj=944.00, pdf_file_name="http://yhocn.cn:9088/t763812834_java_sharepic/ZS20...", fzr="陶海鑫", dzzt=null}
2026-06-05 10:46:53 [http-nio-9095-exec-3] INFO  c.e.demo.controller.DzdjlController - 记录 14: {khmc="中设智能装备（苏州）有限公司", yifu=0.00, lxr="曹静", dzscwj="http://yhocn.cn:9088/t763812834_java_sharepic/DZGX...", sfkp="已开票", duizhangdanhao="DZGXDD012026042804", kpsj="2026-04-28 10:08:50", wf=317.00, duizhangriqi="2026-04-28", ddrq="2026/04/07", rn=14, yfsj=317.00, pdf_file_name="http://yhocn.cn:9088/t763812834_java_sharepic/GXDD...", fzr="陶海鑫", dzzt=null}
2026-06-05 10:46:53 [http-nio-9095-exec-3] INFO  c.e.demo.controller.DzdjlController - 记录 15: {khmc="中设智能装备（苏州）有限公司", yifu=0.00, lxr="曹静", dzscwj="http://yhocn.cn:9088/t763812834_java_sharepic/DZGX...", sfkp="已开票", duizhangdanhao="DZGXDD012026042805", kpsj="2026-04-28 10:08:50", wf=15978.00, duizhangriqi="2026-04-28", ddrq="2026/04/09", rn=15, yfsj=15978.00, pdf_file_name="http://yhocn.cn:9088/t763812834_java_sharepic/GXDD...", fzr="陶海鑫", dzzt=null}
2026-06-05 10:46:53 [http-nio-9095-exec-3] INFO  c.e.demo.controller.DzdjlController - 记录 16: {khmc="中设智能装备（苏州）有限公司", yifu=0.00, lxr="曹静", dzscwj="http://yhocn.cn:9088/t763812834_java_sharepic/DZGX...", sfkp="已开票", duizhangdanhao="DZGXDD012026042806", kpsj="2026-04-28 10:08:50", wf=3090.00, duizhangriqi="2026-04-28", ddrq="2026/04/13", rn=16, yfsj=3090.00, pdf_file_name="http://yhocn.cn:9088/t763812834_java_sharepic/GXDD...", fzr="陶海鑫", dzzt=null}
2026-06-05 10:46:53 [http-nio-9095-exec-3] INFO  c.e.demo.controller.DzdjlController - 记录 17: {khmc="江苏泰莱传动技术有限公司", yifu=0.00, lxr="周云", dzscwj="http://yhocn.cn:9088/t763812834_java_sharepic/DZGX...", sfkp="已开票", duizhangdanhao="DZGXDD012026042703", kpsj="2026-04-27 10:00:14", wf=38183.00, duizhangriqi="2026-04-27", ddrq="2026/04/20", rn=17, yfsj=38183.00, pdf_file_name="http://yhocn.cn:9088/t763812834_java_sharepic/P260...", fzr="陶海鑫", dzzt=null}
2026-06-05 10:46:53 [http-nio-9095-exec-3] INFO  c.e.demo.controller.DzdjlController - 记录 18: {khmc="江苏泰莱传动科技有限公司", yifu=0.00, lxr="周云", dzscwj="http://yhocn.cn:9088/t763812834_java_sharepic/DZGX...", sfkp="已开票", duizhangdanhao="DZGXDD012026042702", kpsj="2026-04-27 10:00:14", wf=5082.00, duizhangriqi="2026-04-27", ddrq="2026/03/20", rn=18, yfsj=5082.00, pdf_file_name="http://yhocn.cn:9088/t763812834_java_sharepic/P260...", fzr="陶海鑫", dzzt=null}
2026-06-05 10:46:53 [http-nio-9095-exec-3] INFO  c.e.demo.controller.DzdjlController - 记录 19: {khmc="苏州华恩远自动化设备有限公司", yifu=0.00, lxr="张苑", dzscwj="http://yhocn.cn:9088/t763812834_java_sharepic/DZGX...", sfkp="已开票", duizhangdanhao="DZGXDD012026042701", kpsj="2026-04-27 10:00:14", wf=40830.00, duizhangriqi="2026-04-27", ddrq="2026/04/17", rn=19, yfsj=40830.00, pdf_file_name="http://yhocn.cn:9088/t763812834_java_sharepic/GXDD...", fzr="钱晓斌", dzzt=null}
2026-06-05 10:46:53 [http-nio-9095-exec-3] INFO  c.e.demo.controller.DzdjlController - 记录 20: {khmc="霸导自动化设备（无锡）有限公司", yifu=54480.00, lxr="王俊", dzscwj="http://yhocn.cn:9088/t763812834_java_sharepic/DZGX...", sfkp="已开票", duizhangdanhao="DZGXDD012026042401", kpsj="2026-04-24 11:13:44", wf=0.00, duizhangriqi="2026-04-24", ddrq="2026/03/31", rn=20, yfsj=54480.00, pdf_file_name="http://yhocn.cn:9088/t763812834_java_sharepic/GXDD...", fzr="董伟辰", dzzt=null}
2026-06-05 10:50:06 [http-nio-9095-exec-1] INFO  c.e.demo.controller.DyshdController - 返回结果: data大小=97
2026-06-05 10:50:08 [http-nio-9095-exec-3] ERROR o.a.c.c.C.[.[.[.[dispatcherServlet] - Servlet.service() for servlet [dispatcherServlet] in context with path [] threw exception [Request processing failed; nested exception is org.apache.ibatis.exceptions.PersistenceException: 
### Error querying database.  Cause: java.sql.SQLException: sql injection violation, syntax error: syntax error, error in :'     WHERE (sfkp = ? AND fahuozhuan', expect RPAREN, actual WHERE pos 625, line 1, column 615, token WHERE : SELECT * FROM (    SELECT ROW_NUMBER() OVER (ORDER BY d.khmc ASC, d.ddrq DESC) as rn,            d.ddrq, d.ddh, d.khjc, d.ggxh, d.fzr, d.bm, d.lxr, d.lxdh, d.tcd,            d.khmc, d.kpsj, d.yingfu, d.yifu, d.wf, d.sfkp, d.scgd, d.bz,            d.wldh, d.yfsj, d.zk, d.fhsj, d.pdf_file_name, d.dzzt     FROM dingdanmingx d     WHERE d.id = (        SELECT TOP 1 id         FROM dingdanmingx d2         WHERE d2.ddh = d.ddh         AND (d2.fzr = ? OR ? = '' OR ? IS NULL)         ORDER BY             CASE WHEN d2.pdf_file_name IS NOT NULL AND d2.pdf_file_name != '' THEN 0 ELSE 1 END,             d2.id DESC    )      WHERE (sfkp = ? AND fahuozhuangtai = ? AND (duizhangriqi IS NULL OR duizhangriqi = ?)) ) temp WHERE temp.rn BETWEEN ? + 1 AND ? + ?
### The error may exist in com/example/demo/mapper/DzdMapper.java (best guess)
### The error may involve com.example.demo.mapper.DzdMapper.selectDistinctByDdhForPageY
### The error occurred while executing a query
### SQL: SELECT * FROM (    SELECT ROW_NUMBER() OVER (ORDER BY d.khmc ASC, d.ddrq DESC) as rn,            d.ddrq, d.ddh, d.khjc, d.ggxh, d.fzr, d.bm, d.lxr, d.lxdh, d.tcd,            d.khmc, d.kpsj, d.yingfu, d.yifu, d.wf, d.sfkp, d.scgd, d.bz,            d.wldh, d.yfsj, d.zk, d.fhsj, d.pdf_file_name, d.dzzt     FROM dingdanmingx d     WHERE d.id = (        SELECT TOP 1 id         FROM dingdanmingx d2         WHERE d2.ddh = d.ddh         AND (d2.fzr = ? OR ? = '' OR ? IS NULL)         ORDER BY             CASE WHEN d2.pdf_file_name IS NOT NULL AND d2.pdf_file_name != '' THEN 0 ELSE 1 END,             d2.id DESC    )      WHERE (sfkp = ? AND fahuozhuangtai = ? AND (duizhangriqi IS NULL OR duizhangriqi = ?)) ) temp WHERE temp.rn BETWEEN ? + 1 AND ? + ?
### Cause: java.sql.SQLException: sql injection violation, syntax error: syntax error, error in :'     WHERE (sfkp = ? AND fahuozhuan', expect RPAREN, actual WHERE pos 625, line 1, column 615, token WHERE : SELECT * FROM (    SELECT ROW_NUMBER() OVER (ORDER BY d.khmc ASC, d.ddrq DESC) as rn,            d.ddrq, d.ddh, d.khjc, d.ggxh, d.fzr, d.bm, d.lxr, d.lxdh, d.tcd,            d.khmc, d.kpsj, d.yingfu, d.yifu, d.wf, d.sfkp, d.scgd, d.bz,            d.wldh, d.yfsj, d.zk, d.fhsj, d.pdf_file_name, d.dzzt     FROM dingdanmingx d     WHERE d.id = (        SELECT TOP 1 id         FROM dingdanmingx d2         WHERE d2.ddh = d.ddh         AND (d2.fzr = ? OR ? = '' OR ? IS NULL)         ORDER BY             CASE WHEN d2.pdf_file_name IS NOT NULL AND d2.pdf_file_name != '' THEN 0 ELSE 1 END,             d2.id DESC    )      WHERE (sfkp = ? AND fahuozhuangtai = ? AND (duizhangriqi IS NULL OR duizhangriqi = ?)) ) temp WHERE temp.rn BETWEEN ? + 1 AND ? + ?] with root cause
com.alibaba.druid.sql.parser.ParserException: syntax error, error in :'     WHERE (sfkp = ? AND fahuozhuan', expect RPAREN, actual WHERE pos 625, line 1, column 615, token WHERE
	at com.alibaba.druid.sql.parser.SQLParser.printError(SQLParser.java:287)
	at com.alibaba.druid.sql.parser.SQLParser.accept(SQLParser.java:295)
	at com.alibaba.druid.sql.parser.SQLSelectParser.parseTableSource(SQLSelectParser.java:705)
	at com.alibaba.druid.sql.parser.SQLSelectParser.parseFrom(SQLSelectParser.java:695)
	at com.alibaba.druid.sql.dialect.sqlserver.parser.SQLServerSelectParser.query(SQLServerSelectParser.java:170)
	at com.alibaba.druid.sql.parser.SQLSelectParser.query(SQLSelectParser.java:236)
	at com.alibaba.druid.sql.dialect.sqlserver.parser.SQLServerSelectParser.select(SQLServerSelectParser.java:57)
	at com.alibaba.druid.sql.parser.SQLStatementParser.parseSelect(SQLStatementParser.java:2562)
	at com.alibaba.druid.sql.parser.SQLStatementParser.parseStatementList(SQLStatementParser.java:248)
	at com.alibaba.druid.sql.parser.SQLStatementParser.parseStatementList(SQLStatementParser.java:182)
	at com.alibaba.druid.wall.WallProvider.checkInternal(WallProvider.java:624)
	at com.alibaba.druid.wall.WallProvider.check(WallProvider.java:578)
	at com.alibaba.druid.wall.WallFilter.checkInternal(WallFilter.java:793)
	at com.alibaba.druid.wall.WallFilter.connection_prepareStatement(WallFilter.java:259)
	at com.alibaba.druid.filter.FilterChainImpl.connection_prepareStatement(FilterChainImpl.java:568)
	at com.alibaba.druid.filter.FilterAdapter.connection_prepareStatement(FilterAdapter.java:930)
	at com.alibaba.druid.filter.FilterEventAdapter.connection_prepareStatement(FilterEventAdapter.java:122)
	at com.alibaba.druid.filter.FilterChainImpl.connection_prepareStatement(FilterChainImpl.java:568)
	at com.alibaba.druid.proxy.jdbc.ConnectionProxyImpl.prepareStatement(ConnectionProxyImpl.java:341)
	at com.alibaba.druid.pool.DruidPooledConnection.prepareStatement(DruidPooledConnection.java:349)
	at org.apache.ibatis.executor.statement.PreparedStatementHandler.instantiateStatement(PreparedStatementHandler.java:86)
	at org.apache.ibatis.executor.statement.BaseStatementHandler.prepare(BaseStatementHandler.java:88)
	at org.apache.ibatis.executor.statement.RoutingStatementHandler.prepare(RoutingStatementHandler.java:59)
	at com.baomidou.mybatisplus.core.executor.MybatisReuseExecutor.prepareStatement(MybatisReuseExecutor.java:92)
	at com.baomidou.mybatisplus.core.executor.MybatisReuseExecutor.doQuery(MybatisReuseExecutor.java:62)
	at org.apache.ibatis.executor.BaseExecutor.queryFromDatabase(BaseExecutor.java:324)
	at org.apache.ibatis.executor.BaseExecutor.query(BaseExecutor.java:156)
	at org.apache.ibatis.executor.BaseExecutor.query(BaseExecutor.java:136)
	at sun.reflect.GeneratedMethodAccessor179.invoke(Unknown Source)
	at sun.reflect.DelegatingMethodAccessorImpl.invoke(DelegatingMethodAccessorImpl.java:43)
	at java.lang.reflect.Method.invoke(Method.java:498)
	at org.apache.ibatis.plugin.Plugin.invoke(Plugin.java:63)
	at com.sun.proxy.$Proxy114.query(Unknown Source)
	at org.apache.ibatis.session.defaults.DefaultSqlSession.selectList(DefaultSqlSession.java:147)
	at org.apache.ibatis.session.defaults.DefaultSqlSession.selectList(DefaultSqlSession.java:140)
	at sun.reflect.GeneratedMethodAccessor186.invoke(Unknown Source)
	at sun.reflect.DelegatingMethodAccessorImpl.invoke(DelegatingMethodAccessorImpl.java:43)
	at java.lang.reflect.Method.invoke(Method.java:498)
	at org.mybatis.spring.SqlSessionTemplate$SqlSessionInterceptor.invoke(SqlSessionTemplate.java:426)
	at com.sun.proxy.$Proxy67.selectList(Unknown Source)
	at org.mybatis.spring.SqlSessionTemplate.selectList(SqlSessionTemplate.java:223)
	at com.baomidou.mybatisplus.core.override.MybatisMapperMethod.executeForMany(MybatisMapperMethod.java:177)
	at com.baomidou.mybatisplus.core.override.MybatisMapperMethod.execute(MybatisMapperMethod.java:78)
	at com.baomidou.mybatisplus.core.override.MybatisMapperProxy.invoke(MybatisMapperProxy.java:96)
	at com.sun.proxy.$Proxy92.selectDistinctByDdhForPageY(Unknown Source)
	at com.example.demo.service.impl.DzdImpl.selectDistinctByDdhPageY(DzdImpl.java:54)
	at com.example.demo.service.impl.DzdImpl$$FastClassBySpringCGLIB$$2978cf3.invoke(<generated>)
	at org.springframework.cglib.proxy.MethodProxy.invoke(MethodProxy.java:218)
	at org.springframework.aop.framework.CglibAopProxy.invokeMethod(CglibAopProxy.java:386)
	at org.springframework.aop.framework.CglibAopProxy.access$000(CglibAopProxy.java:85)
	at org.springframework.aop.framework.CglibAopProxy$DynamicAdvisedInterceptor.intercept(CglibAopProxy.java:704)
	at com.example.demo.service.impl.DzdImpl$$EnhancerBySpringCGLIB$$42d230a0.selectDistinctByDdhPageY(<generated>)
	at com.example.demo.controller.DzdController.distinctPage(DzdController.java:97)
	at sun.reflect.NativeMethodAccessorImpl.invoke0(Native Method)
	at sun.reflect.NativeMethodAccessorImpl.invoke(NativeMethodAccessorImpl.java:62)
	at sun.reflect.DelegatingMethodAccessorImpl.invoke(DelegatingMethodAccessorImpl.java:43)
	at java.lang.reflect.Method.invoke(Method.java:498)
	at org.springframework.web.method.support.InvocableHandlerMethod.doInvoke(InvocableHandlerMethod.java:205)
	at org.springframework.web.method.support.InvocableHandlerMethod.invokeForRequest(InvocableHandlerMethod.java:150)
	at org.springframework.web.servlet.mvc.method.annotation.ServletInvocableHandlerMethod.invokeAndHandle(ServletInvocableHandlerMethod.java:117)
	at org.springframework.web.servlet.mvc.method.annotation.RequestMappingHandlerAdapter.invokeHandlerMethod(RequestMappingHandlerAdapter.java:895)
	at org.springframework.web.servlet.mvc.method.annotation.RequestMappingHandlerAdapter.handleInternal(RequestMappingHandlerAdapter.java:808)
	at org.springframework.web.servlet.mvc.method.AbstractHandlerMethodAdapter.handle(AbstractHandlerMethodAdapter.java:87)
	at org.springframework.web.servlet.DispatcherServlet.doDispatch(DispatcherServlet.java:1070)
	at org.springframework.web.servlet.DispatcherServlet.doService(DispatcherServlet.java:963)
	at org.springframework.web.servlet.FrameworkServlet.processRequest(FrameworkServlet.java:1006)
	at org.springframework.web.servlet.FrameworkServlet.doPost(FrameworkServlet.java:909)
	at javax.servlet.http.HttpServlet.service(HttpServlet.java:681)
	at org.springframework.web.servlet.FrameworkServlet.service(FrameworkServlet.java:883)
	at javax.servlet.http.HttpServlet.service(HttpServlet.java:764)
	at org.apache.catalina.core.ApplicationFilterChain.internalDoFilter(ApplicationFilterChain.java:227)
	at org.apache.catalina.core.ApplicationFilterChain.doFilter(ApplicationFilterChain.java:162)
	at org.apache.tomcat.websocket.server.WsFilter.doFilter(WsFilter.java:53)
	at org.apache.catalina.core.ApplicationFilterChain.internalDoFilter(ApplicationFilterChain.java:189)
	at org.apache.catalina.core.ApplicationFilterChain.doFilter(ApplicationFilterChain.java:162)
	at org.springframework.web.filter.RequestContextFilter.doFilterInternal(RequestContextFilter.java:100)
	at org.springframework.web.filter.OncePerRequestFilter.doFilter(OncePerRequestFilter.java:117)
	at org.apache.catalina.core.ApplicationFilterChain.internalDoFilter(ApplicationFilterChain.java:189)
	at org.apache.catalina.core.ApplicationFilterChain.doFilter(ApplicationFilterChain.java:162)
	at org.springframework.web.filter.FormContentFilter.doFilterInternal(FormContentFilter.java:93)
	at org.springframework.web.filter.OncePerRequestFilter.doFilter(OncePerRequestFilter.java:117)
	at org.apache.catalina.core.ApplicationFilterChain.internalDoFilter(ApplicationFilterChain.java:189)
	at org.apache.catalina.core.ApplicationFilterChain.doFilter(ApplicationFilterChain.java:162)
	at org.springframework.web.filter.CharacterEncodingFilter.doFilterInternal(CharacterEncodingFilter.java:201)
	at org.springframework.web.filter.OncePerRequestFilter.doFilter(OncePerRequestFilter.java:117)
	at org.apache.catalina.core.ApplicationFilterChain.internalDoFilter(ApplicationFilterChain.java:189)
	at org.apache.catalina.core.ApplicationFilterChain.doFilter(ApplicationFilterChain.java:162)
	at org.apache.catalina.core.StandardWrapperValve.invoke(StandardWrapperValve.java:197)
	at org.apache.catalina.core.StandardContextValve.invoke(StandardContextValve.java:97)
	at org.apache.catalina.authenticator.AuthenticatorBase.invoke(AuthenticatorBase.java:541)
	at org.apache.catalina.core.StandardHostValve.invoke(StandardHostValve.java:135)
	at org.apache.catalina.valves.ErrorReportValve.invoke(ErrorReportValve.java:92)
	at org.apache.catalina.core.StandardEngineValve.invoke(StandardEngineValve.java:78)
	at org.apache.catalina.connector.CoyoteAdapter.service(CoyoteAdapter.java:360)
	at org.apache.coyote.http11.Http11Processor.service(Http11Processor.java:399)
	at org.apache.coyote.AbstractProcessorLight.process(AbstractProcessorLight.java:65)
	at org.apache.coyote.AbstractProtocol$ConnectionHandler.process(AbstractProtocol.java:890)
	at org.apache.tomcat.util.net.NioEndpoint$SocketProcessor.doRun(NioEndpoint.java:1789)
	at org.apache.tomcat.util.net.SocketProcessorBase.run(SocketProcessorBase.java:49)
	at org.apache.tomcat.util.threads.ThreadPoolExecutor.runWorker(ThreadPoolExecutor.java:1191)
	at org.apache.tomcat.util.threads.ThreadPoolExecutor$Worker.run(ThreadPoolExecutor.java:659)
	at org.apache.tomcat.util.threads.TaskThread$WrappingRunnable.run(TaskThread.java:61)
	at java.lang.Thread.run(Thread.java:748)
2026-06-05 10:52:21 [restartedMain] INFO  com.example.demo.DemoApplication - Starting DemoApplication using Java 1.8.0_281 on WIN-20260505BQO with PID 11500 (D:\yh_soft\t763812834_java\code\target\classes started by Administrator in D:\yh_soft\t763812834_java\code)
2026-06-05 10:52:21 [restartedMain] INFO  com.example.demo.DemoApplication - The following 1 profile is active: "dev"
2026-06-05 10:52:21 [restartedMain] INFO  o.s.b.d.e.DevToolsPropertyDefaultsPostProcessor - Devtools property defaults active! Set 'spring.devtools.add-properties' to 'false' to disable
2026-06-05 10:52:21 [restartedMain] INFO  o.s.b.d.e.DevToolsPropertyDefaultsPostProcessor - For additional web related logging consider setting the 'logging.level.web' property to 'DEBUG'
2026-06-05 10:52:23 [restartedMain] INFO  o.s.d.r.c.RepositoryConfigurationDelegate - Multiple Spring Data modules found, entering strict repository configuration mode
2026-06-05 10:52:23 [restartedMain] INFO  o.s.d.r.c.RepositoryConfigurationDelegate - Bootstrapping Spring Data Redis repositories in DEFAULT mode.
2026-06-05 10:52:23 [restartedMain] INFO  o.s.d.r.c.RepositoryConfigurationDelegate - Finished Spring Data repository scanning in 30 ms. Found 0 Redis repository interfaces.
2026-06-05 10:52:24 [restartedMain] INFO  o.s.c.s.PostProcessorRegistrationDelegate$BeanPostProcessorChecker - Bean 'spring.datasource.dynamic-com.baomidou.dynamic.datasource.spring.boot.autoconfigure.DynamicDataSourceProperties' of type [com.baomidou.dynamic.datasource.spring.boot.autoconfigure.DynamicDataSourceProperties] is not eligible for getting processed by all BeanPostProcessors (for example: not eligible for auto-proxying)
2026-06-05 10:52:24 [restartedMain] INFO  o.s.c.s.PostProcessorRegistrationDelegate$BeanPostProcessorChecker - Bean 'com.baomidou.dynamic.datasource.spring.boot.autoconfigure.DynamicDataSourceAutoConfiguration' of type [com.baomidou.dynamic.datasource.spring.boot.autoconfigure.DynamicDataSourceAutoConfiguration$$EnhancerBySpringCGLIB$$45d2eefd] is not eligible for getting processed by all BeanPostProcessors (for example: not eligible for auto-proxying)
2026-06-05 10:52:24 [restartedMain] INFO  o.s.c.s.PostProcessorRegistrationDelegate$BeanPostProcessorChecker - Bean 'dsProcessor' of type [com.baomidou.dynamic.datasource.processor.DsHeaderProcessor] is not eligible for getting processed by all BeanPostProcessors (for example: not eligible for auto-proxying)
2026-06-05 10:52:25 [restartedMain] INFO  o.s.b.w.e.tomcat.TomcatWebServer - Tomcat initialized with port(s): 9095 (http)
2026-06-05 10:52:25 [restartedMain] INFO  o.a.catalina.core.StandardService - Starting service [Tomcat]
2026-06-05 10:52:25 [restartedMain] INFO  o.a.catalina.core.StandardEngine - Starting Servlet engine: [Apache Tomcat/9.0.65]
2026-06-05 10:52:25 [restartedMain] INFO  o.a.c.c.C.[Tomcat].[localhost].[/] - Initializing Spring embedded WebApplicationContext
2026-06-05 10:52:25 [restartedMain] INFO  o.s.b.w.s.c.ServletWebServerApplicationContext - Root WebApplicationContext: initialization completed in 3467 ms
2026-06-05 10:52:30 [restartedMain] INFO  c.b.d.d.DynamicRoutingDataSource - dynamic-datasource - add a datasource named [druid] success
2026-06-05 10:52:30 [restartedMain] INFO  c.b.d.d.DynamicRoutingDataSource - dynamic-datasource - add a datasource named [softtime] success
2026-06-05 10:52:30 [restartedMain] INFO  c.b.d.d.DynamicRoutingDataSource - dynamic-datasource initial loaded [2] datasource,primary datasource named [druid]
2026-06-05 10:52:32 [restartedMain] WARN  c.b.m.core.injector.AbstractMethod - [com.example.demo.mapper.CgmxMapper.insert] Has been loaded by XML or SqlProvider or Mybatis's Annotation, so ignoring this injection for [class com.baomidou.mybatisplus.core.injector.methods.Insert]
2026-06-05 10:52:32 [restartedMain] WARN  c.b.m.core.injector.AbstractMethod - [com.example.demo.mapper.CgmxMapper.deleteById] Has been loaded by XML or SqlProvider or Mybatis's Annotation, so ignoring this injection for [class com.baomidou.mybatisplus.core.injector.methods.DeleteById]
2026-06-05 10:52:32 [restartedMain] WARN  c.b.m.core.injector.AbstractMethod - [com.example.demo.mapper.CgmxMapper.update] Has been loaded by XML or SqlProvider or Mybatis's Annotation, so ignoring this injection for [class com.baomidou.mybatisplus.core.injector.methods.Update]
2026-06-05 10:52:32 [restartedMain] WARN  c.b.m.core.injector.AbstractMethod - [com.example.demo.mapper.XdmxMapper.insert] Has been loaded by XML or SqlProvider or Mybatis's Annotation, so ignoring this injection for [class com.baomidou.mybatisplus.core.injector.methods.Insert]
2026-06-05 10:52:32 [restartedMain] WARN  c.b.m.core.injector.AbstractMethod - [com.example.demo.mapper.XdmxMapper.deleteById] Has been loaded by XML or SqlProvider or Mybatis's Annotation, so ignoring this injection for [class com.baomidou.mybatisplus.core.injector.methods.DeleteById]
2026-06-05 10:52:32 [restartedMain] WARN  c.b.m.core.injector.AbstractMethod - [com.example.demo.mapper.XdmxMapper.update] Has been loaded by XML or SqlProvider or Mybatis's Annotation, so ignoring this injection for [class com.baomidou.mybatisplus.core.injector.methods.Update]
2026-06-05 10:52:32 [restartedMain] WARN  c.b.m.core.injector.AbstractMethod - [com.example.demo.mapper.PzbMapper.update] Has been loaded by XML or SqlProvider or Mybatis's Annotation, so ignoring this injection for [class com.baomidou.mybatisplus.core.injector.methods.Update]
2026-06-05 10:52:33 [restartedMain] WARN  c.b.m.core.metadata.TableInfoHelper - Can not find table primary key in Class: "com.example.demo.entity.Power".
2026-06-05 10:52:33 [restartedMain] WARN  c.b.m.core.injector.AbstractMethod - [com.example.demo.mapper.ScgdMapper.insert] Has been loaded by XML or SqlProvider or Mybatis's Annotation, so ignoring this injection for [class com.baomidou.mybatisplus.core.injector.methods.Insert]
2026-06-05 10:52:33 [restartedMain] WARN  c.b.m.core.injector.AbstractMethod - [com.example.demo.mapper.ScgdMapper.deleteById] Has been loaded by XML or SqlProvider or Mybatis's Annotation, so ignoring this injection for [class com.baomidou.mybatisplus.core.injector.methods.DeleteById]
2026-06-05 10:52:33 [restartedMain] WARN  c.b.m.core.injector.AbstractMethod - [com.example.demo.mapper.ScgdMapper.update] Has been loaded by XML or SqlProvider or Mybatis's Annotation, so ignoring this injection for [class com.baomidou.mybatisplus.core.injector.methods.Update]
2026-06-05 10:52:34 [restartedMain] INFO  o.s.b.a.w.s.WelcomePageHandlerMapping - Adding welcome page: class path resource [templates/index.html]
2026-06-05 10:52:34 [restartedMain] INFO  o.s.b.d.a.OptionalLiveReloadServer - LiveReload server is running on port 35729
2026-06-05 10:52:34 [restartedMain] INFO  o.s.b.w.e.tomcat.TomcatWebServer - Tomcat started on port(s): 9095 (http) with context path ''
2026-06-05 10:52:34 [restartedMain] INFO  com.example.demo.DemoApplication - Started DemoApplication in 14.304 seconds (JVM running for 17.176)
2026-06-05 10:53:43 [http-nio-9095-exec-1] INFO  o.a.tomcat.util.http.parser.Cookie - A cookie header was received [__session:0.6350098187793095:=http:] that contained an invalid cookie. That cookie will be ignored.
 Note: further occurrences of this error will be logged at DEBUG level.
2026-06-05 10:53:43 [http-nio-9095-exec-1] INFO  o.a.c.c.C.[Tomcat].[localhost].[/] - Initializing Spring DispatcherServlet 'dispatcherServlet'
2026-06-05 10:53:43 [http-nio-9095-exec-1] INFO  o.s.web.servlet.DispatcherServlet - Initializing Servlet 'dispatcherServlet'
2026-06-05 10:53:43 [http-nio-9095-exec-1] INFO  o.s.web.servlet.DispatcherServlet - Completed initialization in 3 ms
